-- Restore full client and user data from legacy backup.
-- Schema/design remains unchanged; this restores data only.

BEGIN;

SET session_replication_role = replica;

TRUNCATE TABLE
  auth.identities,
  auth.mfa_factors,
  auth.sessions,
  auth.refresh_tokens,
  auth.one_time_tokens,
  auth.sso_domains,
  auth.sso_providers,
  auth.users
CASCADE;

TRUNCATE TABLE
  public.additives,
  public.banned_phones,
  public.blend_compositions,
  public.blends,
  public.carts,
  public.coffee_types,
  public.customer_loyalty,
  public.discount_codes,
  public.expense_categories,
  public.fixed_expenses,
  public.loyalty_log,
  public.method_status,
  public.notification_templates,
  public.notifications,
  public.orders,
  public.profiles,
  public.purchases,
  public.push_subscriptions,
  public.reviews,
  public.roastery_payouts,
  public.roasting_sessions,
  public.salaries,
  public.salary_payments,
  public.site_content,
  public.store_settings,
  public.subscription_plans,
  public.subscriptions,
  public.suppliers,
  public.transactions,
  public.wishlist
RESTART IDENTITY CASCADE;

INSERT INTO auth.users (instance_id, id, aud, role, email, encrypted_password, email_confirmed_at, invited_at, confirmation_token, confirmation_sent_at, recovery_token, recovery_sent_at, email_change_token_new, email_change, email_change_sent_at, last_sign_in_at, raw_app_meta_data, raw_user_meta_data, is_super_admin, created_at, updated_at, phone, phone_confirmed_at, phone_change, phone_change_token, phone_change_sent_at, email_change_token_current, email_change_confirm_status, banned_until, reauthentication_token, reauthentication_sent_at, is_sso_user, deleted_at, is_anonymous) VALUES
('00000000-0000-0000-0000-000000000000', '819d83a2-4d05-419a-9fdc-997c97e82b39', 'authenticated', 'authenticated', 'zahraelsarya@tawlefti.com', '$2a$10$im6YIYF6Fpix3GfAP2NAG.7uxbWUIXvuhQUPWOlO/TdNdm3OwCVS6', '2025-07-19 20:34:04.417151+00', NULL, '', NULL, '', NULL, '', '', NULL, '2025-07-23 01:22:04.641606+00', '{"provider": "email", "providers": ["email"]}', '{"sub": "819d83a2-4d05-419a-9fdc-997c97e82b39", "email": "zahraelsarya@tawlefti.com", "full_name": "wael abdo", "phone_number": "01000071523", "email_verified": true, "phone_verified": false}', NULL, '2025-07-19 20:34:04.407131+00', '2025-07-23 03:19:59.569863+00', NULL, NULL, '', '', NULL, '', '0', NULL, '', NULL, 'f', NULL, 'f'),
('00000000-0000-0000-0000-000000000000', '8a75845d-0adb-43c3-bd56-197126430c2d', 'authenticated', 'authenticated', 'ahmed2.math.na@eelsschools.com', NULL, '2025-07-25 03:50:10.772201+00', NULL, '', NULL, '', NULL, '', '', NULL, '2025-07-25 03:50:10.780856+00', '{"provider": "google", "providers": ["google"]}', '{"iss": "https://accounts.google.com", "sub": "109589958075174296109", "name": "AHMED RAOOF", "email": "ahmed2.math.na@eelsschools.com", "picture": "https://lh3.googleusercontent.com/a/ACg8ocIEaEEJm9F9498B0rpqayW6HOiZBSlmV-RkVH--J3zMey-AlV8=s96-c", "full_name": "AHMED RAOOF", "avatar_url": "https://lh3.googleusercontent.com/a/ACg8ocIEaEEJm9F9498B0rpqayW6HOiZBSlmV-RkVH--J3zMey-AlV8=s96-c", "provider_id": "109589958075174296109", "custom_claims": {"hd": "eelsschools.com"}, "email_verified": true, "phone_verified": false}', NULL, '2025-07-25 03:50:10.705724+00', '2025-07-31 06:51:28.708951+00', NULL, NULL, '', '', NULL, '', '0', NULL, '', NULL, 'f', NULL, 'f'),
('00000000-0000-0000-0000-000000000000', 'd9fb0c68-5a11-4767-8ed7-093fbdb90df9', 'authenticated', 'authenticated', 'test@gmail.com', '$2a$10$23NISevzgLWYH8UFDMQy1.szR5HckUqVkFtzPGzcTb1TX1owxwwl6', '2025-08-12 21:28:13.121836+00', NULL, '', NULL, '', NULL, '', '', NULL, '2025-08-22 14:11:22.58739+00', '{"provider": "email", "providers": ["email"]}', '{"sub": "d9fb0c68-5a11-4767-8ed7-093fbdb90df9", "email": "test@gmail.com", "email_verified": true, "phone_verified": false}', NULL, '2025-08-12 21:28:13.091417+00', '2025-08-22 14:11:22.605148+00', NULL, NULL, '', '', NULL, '', '0', NULL, '', NULL, 'f', NULL, 'f'),
('00000000-0000-0000-0000-000000000000', '56db8a12-fde3-4773-9a66-614b6e2f1108', 'authenticated', 'authenticated', 'o@g.com', '$2a$10$ipX/FbzTfApwN1dCk/EF0.yh83d7/YAAkCYG/MA/AnrV3XEGMgOb2', '2025-07-19 20:20:38.309778+00', NULL, '', NULL, '', NULL, '', '', NULL, '2025-07-19 20:20:38.321822+00', '{"provider": "email", "providers": ["email"]}', '{"sub": "56db8a12-fde3-4773-9a66-614b6e2f1108", "email": "o@g.com", "full_name": "full_name", "phone_number": "phone_number", "email_verified": true, "phone_verified": false}', NULL, '2025-07-19 20:20:38.281437+00', '2025-07-19 20:20:38.327792+00', NULL, NULL, '', '', NULL, '', '0', NULL, '', NULL, 'f', NULL, 'f'),
('00000000-0000-0000-0000-000000000000', '53513baa-9567-4d54-812a-b708f2378f9f', 'authenticated', 'authenticated', 'a@q.com', '$2a$10$h5UGj/8m58Turn8yGR7Ya.eqr2WVah3nr..2y2MdtyomBJZiHKalG', '2025-08-05 11:14:40.174001+00', NULL, '', NULL, '', NULL, '', '', NULL, '2025-08-05 11:14:40.181837+00', '{"provider": "email", "providers": ["email"]}', '{"sub": "53513baa-9567-4d54-812a-b708f2378f9f", "email": "a@q.com", "email_verified": true, "phone_verified": false}', NULL, '2025-08-05 11:14:40.14629+00', '2025-08-05 11:47:22.772722+00', NULL, NULL, '', '', NULL, '', '0', NULL, '', NULL, 'f', NULL, 'f'),
('00000000-0000-0000-0000-000000000000', '932e2e0c-1e57-4e53-8536-dde66922a88f', 'authenticated', 'authenticated', 'a@dld.com', '$2a$10$b4w9ssHekASFb5K.KHGiYeMOMjlSFotTobSaKZ6vIntILdhUqSEBS', '2025-08-02 02:55:07.424676+00', NULL, '', NULL, '', NULL, '', '', NULL, '2025-08-02 02:55:07.431723+00', '{"provider": "email", "providers": ["email"]}', '{"sub": "932e2e0c-1e57-4e53-8536-dde66922a88f", "email": "a@dld.com", "full_name": "ششا شتنشت ", "phone_number": "01233358868", "email_verified": true, "phone_verified": false}', NULL, '2025-08-02 02:55:07.399771+00', '2025-08-02 02:55:24.875437+00', NULL, NULL, '', '', NULL, '', '0', NULL, '', NULL, 'f', NULL, 'f'),
('00000000-0000-0000-0000-000000000000', 'bb4b6558-c9e1-45fd-9dfa-cf4e5a4ebae6', 'authenticated', 'authenticated', 'aads@aded.com', '$2a$10$4n5yOG3sfpi3HN/64Nr/6.pDMjIE09LTZ0Igqek9XM1n3WD5uLDm2', '2025-08-03 20:01:58.708593+00', NULL, '', NULL, '', NULL, '', '', NULL, '2025-08-03 20:01:58.716929+00', '{"provider": "email", "providers": ["email"]}', '{"sub": "bb4b6558-c9e1-45fd-9dfa-cf4e5a4ebae6", "email": "aads@aded.com", "full_name": "rd hgfug hg", "phone_number": "01222244558", "email_verified": true, "phone_verified": false}', NULL, '2025-08-03 20:01:58.679819+00', '2025-08-03 20:02:10.115846+00', NULL, NULL, '', '', NULL, '', '0', NULL, '', NULL, 'f', NULL, 'f'),
('00000000-0000-0000-0000-000000000000', '118c2ef1-3cb8-4e8f-941a-a78528d08b58', 'authenticated', 'authenticated', 'you.a@as.com', '$2a$10$6VFatp19EByxi1UNdw9GbOmwCs0ER9bO4w5Okv8DPdy3McrnFnJ2O', '2025-08-12 14:09:33.389847+00', NULL, '', NULL, '', NULL, '', '', NULL, '2025-08-12 14:09:33.403319+00', '{"provider": "email", "providers": ["email"]}', '{"sub": "118c2ef1-3cb8-4e8f-941a-a78528d08b58", "email": "you.a@as.com", "email_verified": true, "phone_verified": false}', NULL, '2025-08-12 14:09:33.334805+00', '2025-08-12 14:09:33.412225+00', NULL, NULL, '', '', NULL, '', '0', NULL, '', NULL, 'f', NULL, 'f'),
('00000000-0000-0000-0000-000000000000', '4541e8fa-878f-4df5-88bd-63be40b85324', 'authenticated', 'authenticated', 'a@a.com', '$2a$10$D.egrYVAURd7xQU7qI6/x.2KvBZflsfgUkDmiqNj4DQNeN/d3eo3C', '2025-07-30 02:14:00.542902+00', NULL, '', NULL, '', NULL, '', '', NULL, '2025-10-01 20:20:55.872094+00', '{"provider": "email", "providers": ["email"]}', '{"sub": "4541e8fa-878f-4df5-88bd-63be40b85324", "email": "a@a.com", "full_name": "raouf", "phone_number": "01111121844", "email_verified": true, "phone_verified": false}', NULL, '2025-07-30 02:14:00.489134+00', '2025-10-10 13:38:06.031912+00', NULL, NULL, '', '', NULL, '', '0', NULL, '', NULL, 'f', NULL, 'f'),
('00000000-0000-0000-0000-000000000000', '97e606fc-0bcc-431a-ab36-eeb485069423', 'authenticated', 'authenticated', 'a@qq.com', '$2a$10$crpJzvsWxgae8hhTKxfZd..ZwNQ07YbQ3M1iPX5vIPiSMwhAT5Eiu', '2025-08-06 13:22:17.125888+00', NULL, '', NULL, '', NULL, '', '', NULL, '2025-08-06 13:22:17.138048+00', '{"provider": "email", "providers": ["email"]}', '{"sub": "97e606fc-0bcc-431a-ab36-eeb485069423", "email": "a@qq.com", "email_verified": true, "phone_verified": false}', NULL, '2025-08-06 13:22:17.09231+00', '2025-08-06 13:22:17.149655+00', NULL, NULL, '', '', NULL, '', '0', NULL, '', NULL, 'f', NULL, 'f'),
('00000000-0000-0000-0000-000000000000', 'd9feb454-3896-4eef-92c9-fe41dc0d8899', 'authenticated', 'authenticated', 'as@dwe.com', '$2a$10$4iv143h6CiZE/UqL0sx9l.F73iZBuvfCDTSDl/RyIeX07unmLrmqe', '2025-08-06 23:57:39.730969+00', NULL, '', NULL, '', NULL, '', '', NULL, '2025-08-06 23:57:39.741514+00', '{"provider": "email", "providers": ["email"]}', '{"sub": "d9feb454-3896-4eef-92c9-fe41dc0d8899", "email": "as@dwe.com", "email_verified": true, "phone_verified": false}', NULL, '2025-08-06 23:57:39.700089+00', '2025-08-06 23:57:39.76161+00', NULL, NULL, '', '', NULL, '', '0', NULL, '', NULL, 'f', NULL, 'f'),
('00000000-0000-0000-0000-000000000000', 'd03b8eac-bc95-4b9b-be2e-3e42f1fe52c7', 'authenticated', 'authenticated', 'asd@fg.com', '$2a$10$iHg9vo0nGd.ARXpo5u5z5OQNQ1TzaarsZ4sK5P1BCi2A/8mM9fDJm', '2025-08-12 23:20:13.165908+00', NULL, '', NULL, '', NULL, '', '', NULL, '2025-08-12 23:20:13.175308+00', '{"provider": "email", "providers": ["email"]}', '{"sub": "d03b8eac-bc95-4b9b-be2e-3e42f1fe52c7", "email": "asd@fg.com", "email_verified": true, "phone_verified": false}', NULL, '2025-08-12 23:20:13.147738+00', '2025-08-13 00:48:28.71533+00', NULL, NULL, '', '', NULL, '', '0', NULL, '', NULL, 'f', NULL, 'f'),
('00000000-0000-0000-0000-000000000000', 'e043c058-01b3-425f-afed-bb9be88ee905', 'authenticated', 'authenticated', 'ahm.raouf@gmail.com', '$2a$10$OBA.WEpXeweyD4jA5xJiSuLCpNprdwZIbPi8VWkFlVgtp4GfumNTK', '2025-07-10 17:09:36.696384+00', NULL, '', NULL, '', NULL, '', '', NULL, '2025-08-13 21:43:20.555894+00', '{"provider": "email", "providers": ["email"]}', '{"sub": "e043c058-01b3-425f-afed-bb9be88ee905", "email": "ahm.raouf@gmail.com", "email_verified": true, "phone_verified": false}', NULL, '2025-07-10 17:09:36.675086+00', '2025-08-21 21:25:22.599091+00', NULL, NULL, '', '', NULL, '', '0', NULL, '', NULL, 'f', NULL, 'f'),
('00000000-0000-0000-0000-000000000000', '45c7d290-6b3d-4be3-a569-755d5b7da7ee', 'authenticated', 'authenticated', 'as@as.com', '$2a$10$SH4y7WjLl.UTvpWWnNyEAuSPj8bbGU7K6bUXxzuefgOPxONmWA41S', '2025-08-15 01:44:10.116642+00', NULL, '', NULL, '', NULL, '', '', NULL, '2025-08-15 01:44:10.130155+00', '{"provider": "email", "providers": ["email"]}', '{"sub": "45c7d290-6b3d-4be3-a569-755d5b7da7ee", "email": "as@as.com", "email_verified": true, "phone_verified": false}', NULL, '2025-08-15 01:44:10.04501+00', '2025-08-15 01:44:10.167492+00', NULL, NULL, '', '', NULL, '', '0', NULL, '', NULL, 'f', NULL, 'f'),
('00000000-0000-0000-0000-000000000000', 'b4aa5ebc-a4d0-426b-bd12-6e596b554d3a', 'authenticated', 'authenticated', 'otaifym@gmail.com', NULL, '2025-08-28 11:55:30.532249+00', NULL, '', NULL, '', NULL, '', '', NULL, '2025-08-28 11:55:30.537242+00', '{"provider": "google", "providers": ["google"]}', '{"iss": "https://accounts.google.com", "sub": "105555911971361307432", "name": "Otaify Mohamed", "email": "otaifym@gmail.com", "full_name": "Otaify Mohamed", "provider_id": "105555911971361307432", "email_verified": true, "phone_verified": false}', NULL, '2025-08-28 11:55:30.484761+00', '2025-08-28 11:55:30.57857+00', NULL, NULL, '', '', NULL, '', '0', NULL, '', NULL, 'f', NULL, 'f'),
('00000000-0000-0000-0000-000000000000', '7225a73f-be11-427c-a37d-55ab30527bd9', 'authenticated', 'authenticated', 'ahah@re.cin', '$2a$10$SwK0bpjEeKfDOjHWRAWfoendwNhbr.JwFpJlcNh4TCmSzzB8A7yQ.', '2025-08-27 21:46:30.424636+00', NULL, '', NULL, '', NULL, '', '', NULL, '2025-08-27 21:46:30.434111+00', '{"provider": "email", "providers": ["email"]}', '{"sub": "7225a73f-be11-427c-a37d-55ab30527bd9", "email": "ahah@re.cin", "email_verified": true, "phone_verified": false}', NULL, '2025-08-27 21:46:30.393342+00', '2025-08-27 21:46:30.444432+00', NULL, NULL, '', '', NULL, '', '0', NULL, '', NULL, 'f', NULL, 'f'),
('00000000-0000-0000-0000-000000000000', '883fd7b9-b499-4373-a75b-7829e32b81c2', 'authenticated', 'authenticated', 'm.ahmed.otaify@gmail.com', NULL, '2025-08-28 11:58:32.452226+00', NULL, '', NULL, '', NULL, '', '', NULL, '2025-08-28 11:58:32.454007+00', '{"provider": "google", "providers": ["google"]}', '{"iss": "https://accounts.google.com", "sub": "108186571497252497585", "name": "mohammed ahmed", "email": "m.ahmed.otaify@gmail.com", "picture": "https://lh3.googleusercontent.com/a/ACg8ocJJ8f3jjuz_SxezhvY80dhhqqvMd04-xMEG_WCmf4EU05PjWw=s96-c", "full_name": "mohammed ahmed", "avatar_url": "https://lh3.googleusercontent.com/a/ACg8ocJJ8f3jjuz_SxezhvY80dhhqqvMd04-xMEG_WCmf4EU05PjWw=s96-c", "provider_id": "108186571497252497585", "email_verified": true, "phone_verified": false}', NULL, '2025-08-28 11:58:32.440301+00', '2025-08-28 11:58:32.457605+00', NULL, NULL, '', '', NULL, '', '0', NULL, '', NULL, 'f', NULL, 'f'),
('00000000-0000-0000-0000-000000000000', 'bfa2ad5a-146f-4865-a581-cae4da9bdc3a', 'authenticated', 'authenticated', 'ziadm0176@gmail.com', '$2a$10$KcmNGDwOkAg/o9y8Oyk2qeWMpYP5rKL1FzMHb9Htw8zxU/33DSk.K', '2025-08-15 21:42:54.599738+00', NULL, '', NULL, '', NULL, '', '', NULL, '2025-09-24 12:07:15.258787+00', '{"provider": "email", "providers": ["email"]}', '{"sub": "bfa2ad5a-146f-4865-a581-cae4da9bdc3a", "email": "ziadm0176@gmail.com", "email_verified": true, "phone_verified": false}', NULL, '2025-08-15 21:42:54.571677+00', '2025-10-02 10:26:21.468616+00', NULL, NULL, '', '', NULL, '', '0', NULL, '', NULL, 'f', NULL, 'f'),
('00000000-0000-0000-0000-000000000000', '28ee6ecf-f88a-4e9a-a3c3-10fbcfcf2c14', 'authenticated', 'authenticated', 'm.otaify.m@gmail.com', NULL, '2025-08-28 11:59:25.707112+00', NULL, '', NULL, '', NULL, '', '', NULL, '2025-08-28 11:59:25.708376+00', '{"provider": "google", "providers": ["google"]}', '{"iss": "https://accounts.google.com", "sub": "114130817659107491998", "name": "M.otaify.M Otaify", "email": "m.otaify.m@gmail.com", "picture": "https://lh3.googleusercontent.com/a/ACg8ocIUrhR6gKCQliGJyuIvv6O7H0XT_rU_eFsV_mSyUT6QQQX34Q=s96-c", "full_name": "M.otaify.M Otaify", "avatar_url": "https://lh3.googleusercontent.com/a/ACg8ocIUrhR6gKCQliGJyuIvv6O7H0XT_rU_eFsV_mSyUT6QQQX34Q=s96-c", "provider_id": "114130817659107491998", "email_verified": true, "phone_verified": false}', NULL, '2025-08-28 11:59:25.69608+00', '2025-08-28 11:59:25.713752+00', NULL, NULL, '', '', NULL, '', '0', NULL, '', NULL, 'f', NULL, 'f'),
('00000000-0000-0000-0000-000000000000', '32ff1a87-3d94-4f4c-8d6d-4a1cd4d871d2', 'authenticated', 'authenticated', 'ziadm57@yahoo.com', '$2a$10$JqNsyhwkoNzUwTCv3P4dPOCVVQp5J5r3bWBD779zhLELxrS366ygG', '2025-09-01 21:01:31.64471+00', NULL, '', NULL, '', NULL, '', '', NULL, '2025-09-01 21:01:31.654095+00', '{"provider": "email", "providers": ["email"]}', '{"sub": "32ff1a87-3d94-4f4c-8d6d-4a1cd4d871d2", "email": "ziadm57@yahoo.com", "address": "Egypt Sedy gaber ", "full_name": "Ziad Mohamed", "phone_number": "01099475854", "email_verified": true, "phone_verified": false}', NULL, '2025-09-01 21:01:31.617264+00', '2025-09-01 21:01:31.663388+00', NULL, NULL, '', '', NULL, '', '0', NULL, '', NULL, 'f', NULL, 'f'),
('00000000-0000-0000-0000-000000000000', '083a20a3-b505-442f-b708-dfdef59ee23c', 'authenticated', 'authenticated', 'ziadm01276@gmail.com', '$2a$10$zIsDxaIWtihA97CL1CcHU.ZfUXyt1P7/zr0KLyX4Nm8GnMcq8stfO', '2025-09-01 21:11:48.25228+00', NULL, '', NULL, '', NULL, '', '', NULL, '2025-09-01 21:11:48.257971+00', '{"provider": "email", "providers": ["email"]}', '{"sub": "083a20a3-b505-442f-b708-dfdef59ee23c", "email": "ziadm01276@gmail.com", "address": "Miami", "full_name": "ziad Mohamed", "phone_number": "01099475854", "email_verified": true, "phone_verified": false}', NULL, '2025-09-01 21:11:48.235919+00', '2025-09-01 21:11:48.267102+00', NULL, NULL, '', '', NULL, '', '0', NULL, '', NULL, 'f', NULL, 'f');


INSERT INTO auth.identities (provider_id, user_id, identity_data, provider, last_sign_in_at, created_at, updated_at, id) VALUES
('e043c058-01b3-425f-afed-bb9be88ee905', 'e043c058-01b3-425f-afed-bb9be88ee905', '{"sub": "e043c058-01b3-425f-afed-bb9be88ee905", "email": "ahm.raouf@gmail.com", "email_verified": false, "phone_verified": false}', 'email', '2025-07-10 17:09:36.690315+00', '2025-07-10 17:09:36.690366+00', '2025-07-10 17:09:36.690366+00', 'c4649bef-80b3-4b3b-8455-f6dc2e0fb63d'),
('56db8a12-fde3-4773-9a66-614b6e2f1108', '56db8a12-fde3-4773-9a66-614b6e2f1108', '{"sub": "56db8a12-fde3-4773-9a66-614b6e2f1108", "email": "o@g.com", "full_name": "full_name", "phone_number": "phone_number", "email_verified": false, "phone_verified": false}', 'email', '2025-07-19 20:20:38.300668+00', '2025-07-19 20:20:38.300718+00', '2025-07-19 20:20:38.300718+00', '05fbe2af-08fb-407c-a444-7c752b3232b0'),
('819d83a2-4d05-419a-9fdc-997c97e82b39', '819d83a2-4d05-419a-9fdc-997c97e82b39', '{"sub": "819d83a2-4d05-419a-9fdc-997c97e82b39", "email": "zahraelsarya@tawlefti.com", "full_name": "wael abdo", "phone_number": "01000071523", "email_verified": false, "phone_verified": false}', 'email', '2025-07-19 20:34:04.412725+00', '2025-07-19 20:34:04.412773+00', '2025-07-19 20:34:04.412773+00', 'ce541ffb-2508-47af-a2cb-4547f0503cb5'),
('109589958075174296109', '8a75845d-0adb-43c3-bd56-197126430c2d', '{"iss": "https://accounts.google.com", "sub": "109589958075174296109", "name": "AHMED RAOOF", "email": "ahmed2.math.na@eelsschools.com", "picture": "https://lh3.googleusercontent.com/a/ACg8ocIEaEEJm9F9498B0rpqayW6HOiZBSlmV-RkVH--J3zMey-AlV8=s96-c", "full_name": "AHMED RAOOF", "avatar_url": "https://lh3.googleusercontent.com/a/ACg8ocIEaEEJm9F9498B0rpqayW6HOiZBSlmV-RkVH--J3zMey-AlV8=s96-c", "provider_id": "109589958075174296109", "custom_claims": {"hd": "eelsschools.com"}, "email_verified": true, "phone_verified": false}', 'google', '2025-07-25 03:50:10.748183+00', '2025-07-25 03:50:10.748242+00', '2025-07-25 03:50:10.748242+00', '8c47efe9-206c-46ee-913a-924616fc4039'),
('4541e8fa-878f-4df5-88bd-63be40b85324', '4541e8fa-878f-4df5-88bd-63be40b85324', '{"sub": "4541e8fa-878f-4df5-88bd-63be40b85324", "email": "a@a.com", "full_name": "raouf", "phone_number": "01111121844", "email_verified": false, "phone_verified": false}', 'email', '2025-07-30 02:14:00.526637+00', '2025-07-30 02:14:00.527322+00', '2025-07-30 02:14:00.527322+00', '1d946230-d383-4b26-9a53-b78aa447f950'),
('932e2e0c-1e57-4e53-8536-dde66922a88f', '932e2e0c-1e57-4e53-8536-dde66922a88f', '{"sub": "932e2e0c-1e57-4e53-8536-dde66922a88f", "email": "a@dld.com", "full_name": "ششا شتنشت ", "phone_number": "01233358868", "email_verified": false, "phone_verified": false}', 'email', '2025-08-02 02:55:07.418866+00', '2025-08-02 02:55:07.418918+00', '2025-08-02 02:55:07.418918+00', '786805ee-fc0e-49dc-8806-967aa54018ac'),
('bb4b6558-c9e1-45fd-9dfa-cf4e5a4ebae6', 'bb4b6558-c9e1-45fd-9dfa-cf4e5a4ebae6', '{"sub": "bb4b6558-c9e1-45fd-9dfa-cf4e5a4ebae6", "email": "aads@aded.com", "full_name": "rd hgfug hg", "phone_number": "01222244558", "email_verified": false, "phone_verified": false}', 'email', '2025-08-03 20:01:58.70303+00', '2025-08-03 20:01:58.703087+00', '2025-08-03 20:01:58.703087+00', '15d3a730-92ae-4cb6-9433-9613e82f5db6'),
('53513baa-9567-4d54-812a-b708f2378f9f', '53513baa-9567-4d54-812a-b708f2378f9f', '{"sub": "53513baa-9567-4d54-812a-b708f2378f9f", "email": "a@q.com", "email_verified": false, "phone_verified": false}', 'email', '2025-08-05 11:14:40.166489+00', '2025-08-05 11:14:40.166548+00', '2025-08-05 11:14:40.166548+00', '9134237e-f030-456d-8829-b700c3f43497'),
('97e606fc-0bcc-431a-ab36-eeb485069423', '97e606fc-0bcc-431a-ab36-eeb485069423', '{"sub": "97e606fc-0bcc-431a-ab36-eeb485069423", "email": "a@qq.com", "email_verified": false, "phone_verified": false}', 'email', '2025-08-06 13:22:17.113297+00', '2025-08-06 13:22:17.113372+00', '2025-08-06 13:22:17.113372+00', '4ccf97c2-b3fc-469f-ac04-0a6969fd9462'),
('d9feb454-3896-4eef-92c9-fe41dc0d8899', 'd9feb454-3896-4eef-92c9-fe41dc0d8899', '{"sub": "d9feb454-3896-4eef-92c9-fe41dc0d8899", "email": "as@dwe.com", "email_verified": false, "phone_verified": false}', 'email', '2025-08-06 23:57:39.717872+00', '2025-08-06 23:57:39.717925+00', '2025-08-06 23:57:39.717925+00', '7cd0f700-4034-48fd-a71d-5ffee47935a2'),
('118c2ef1-3cb8-4e8f-941a-a78528d08b58', '118c2ef1-3cb8-4e8f-941a-a78528d08b58', '{"sub": "118c2ef1-3cb8-4e8f-941a-a78528d08b58", "email": "you.a@as.com", "email_verified": false, "phone_verified": false}', 'email', '2025-08-12 14:09:33.378913+00', '2025-08-12 14:09:33.379482+00', '2025-08-12 14:09:33.379482+00', 'd6ccf271-89c6-4f42-8b1e-0443a49d0517'),
('d9fb0c68-5a11-4767-8ed7-093fbdb90df9', 'd9fb0c68-5a11-4767-8ed7-093fbdb90df9', '{"sub": "d9fb0c68-5a11-4767-8ed7-093fbdb90df9", "email": "test@gmail.com", "email_verified": false, "phone_verified": false}', 'email', '2025-08-12 21:28:13.111091+00', '2025-08-12 21:28:13.111149+00', '2025-08-12 21:28:13.111149+00', 'a0ada582-2a2d-41ec-a155-b78968a97156'),
('d03b8eac-bc95-4b9b-be2e-3e42f1fe52c7', 'd03b8eac-bc95-4b9b-be2e-3e42f1fe52c7', '{"sub": "d03b8eac-bc95-4b9b-be2e-3e42f1fe52c7", "email": "asd@fg.com", "email_verified": false, "phone_verified": false}', 'email', '2025-08-12 23:20:13.158292+00', '2025-08-12 23:20:13.158341+00', '2025-08-12 23:20:13.158341+00', 'a9238e1a-6cd7-4e7c-8581-dbb4df56ef4c'),
('45c7d290-6b3d-4be3-a569-755d5b7da7ee', '45c7d290-6b3d-4be3-a569-755d5b7da7ee', '{"sub": "45c7d290-6b3d-4be3-a569-755d5b7da7ee", "email": "as@as.com", "email_verified": false, "phone_verified": false}', 'email', '2025-08-15 01:44:10.092033+00', '2025-08-15 01:44:10.092098+00', '2025-08-15 01:44:10.092098+00', 'b58d9a4a-f7d6-4786-89bd-67e7d8bf39a5'),
('bfa2ad5a-146f-4865-a581-cae4da9bdc3a', 'bfa2ad5a-146f-4865-a581-cae4da9bdc3a', '{"sub": "bfa2ad5a-146f-4865-a581-cae4da9bdc3a", "email": "ziadm0176@gmail.com", "email_verified": false, "phone_verified": false}', 'email', '2025-08-15 21:42:54.587516+00', '2025-08-15 21:42:54.588897+00', '2025-08-15 21:42:54.588897+00', '380eaa7c-e4f4-4d96-b55a-60816d3d6b60'),
('7225a73f-be11-427c-a37d-55ab30527bd9', '7225a73f-be11-427c-a37d-55ab30527bd9', '{"sub": "7225a73f-be11-427c-a37d-55ab30527bd9", "email": "ahah@re.cin", "email_verified": false, "phone_verified": false}', 'email', '2025-08-27 21:46:30.415617+00', '2025-08-27 21:46:30.415684+00', '2025-08-27 21:46:30.415684+00', '4bccf0df-ba93-4d71-a75a-d34afbc459ed'),
('105555911971361307432', 'b4aa5ebc-a4d0-426b-bd12-6e596b554d3a', '{"iss": "https://accounts.google.com", "sub": "105555911971361307432", "name": "Otaify Mohamed", "email": "otaifym@gmail.com", "full_name": "Otaify Mohamed", "provider_id": "105555911971361307432", "email_verified": true, "phone_verified": false}', 'google', '2025-08-28 11:55:30.514485+00', '2025-08-28 11:55:30.514551+00', '2025-08-28 11:55:30.514551+00', '3fd345d1-963f-4610-bd65-426d7ca5ab7a'),
('108186571497252497585', '883fd7b9-b499-4373-a75b-7829e32b81c2', '{"iss": "https://accounts.google.com", "sub": "108186571497252497585", "name": "mohammed ahmed", "email": "m.ahmed.otaify@gmail.com", "picture": "https://lh3.googleusercontent.com/a/ACg8ocJJ8f3jjuz_SxezhvY80dhhqqvMd04-xMEG_WCmf4EU05PjWw=s96-c", "full_name": "mohammed ahmed", "avatar_url": "https://lh3.googleusercontent.com/a/ACg8ocJJ8f3jjuz_SxezhvY80dhhqqvMd04-xMEG_WCmf4EU05PjWw=s96-c", "provider_id": "108186571497252497585", "email_verified": true, "phone_verified": false}', 'google', '2025-08-28 11:58:32.445204+00', '2025-08-28 11:58:32.445262+00', '2025-08-28 11:58:32.445262+00', 'a92a763e-412d-4471-a238-eef0a50487f0'),
('114130817659107491998', '28ee6ecf-f88a-4e9a-a3c3-10fbcfcf2c14', '{"iss": "https://accounts.google.com", "sub": "114130817659107491998", "name": "M.otaify.M Otaify", "email": "m.otaify.m@gmail.com", "picture": "https://lh3.googleusercontent.com/a/ACg8ocIUrhR6gKCQliGJyuIvv6O7H0XT_rU_eFsV_mSyUT6QQQX34Q=s96-c", "full_name": "M.otaify.M Otaify", "avatar_url": "https://lh3.googleusercontent.com/a/ACg8ocIUrhR6gKCQliGJyuIvv6O7H0XT_rU_eFsV_mSyUT6QQQX34Q=s96-c", "provider_id": "114130817659107491998", "email_verified": true, "phone_verified": false}', 'google', '2025-08-28 11:59:25.698962+00', '2025-08-28 11:59:25.699014+00', '2025-08-28 11:59:25.699014+00', '751a9564-22aa-4f49-8a4e-be03458ddf12'),
('32ff1a87-3d94-4f4c-8d6d-4a1cd4d871d2', '32ff1a87-3d94-4f4c-8d6d-4a1cd4d871d2', '{"sub": "32ff1a87-3d94-4f4c-8d6d-4a1cd4d871d2", "email": "ziadm57@yahoo.com", "address": "Egypt Sedy gaber ", "full_name": "Ziad Mohamed", "phone_number": "01099475854", "email_verified": false, "phone_verified": false}', 'email', '2025-09-01 21:01:31.635946+00', '2025-09-01 21:01:31.636008+00', '2025-09-01 21:01:31.636008+00', '79190fb7-05a5-4974-bda8-eb3c71e999f5'),
('083a20a3-b505-442f-b708-dfdef59ee23c', '083a20a3-b505-442f-b708-dfdef59ee23c', '{"sub": "083a20a3-b505-442f-b708-dfdef59ee23c", "email": "ziadm01276@gmail.com", "address": "Miami", "full_name": "ziad Mohamed", "phone_number": "01099475854", "email_verified": false, "phone_verified": false}', 'email', '2025-09-01 21:11:48.243208+00', '2025-09-01 21:11:48.24326+00', '2025-09-01 21:11:48.24326+00', 'a8b0b0bb-5bf4-450a-975a-2cfe93c93502');



INSERT INTO auth.sessions (id, user_id, created_at, updated_at, factor_id, aal, not_after, refreshed_at, user_agent, ip, tag, oauth_client_id) VALUES
('4a0151a4-921c-4290-9fca-752a957430ae', 'e043c058-01b3-425f-afed-bb9be88ee905', '2025-07-28 03:08:00.048074+00', '2025-07-28 04:06:28.814696+00', NULL, 'aal1', NULL, '2025-07-28 04:06:28.814625', 'Mozilla/5.0 (Windows NT 10.0; Win64; x64) AppleWebKit/537.36 (KHTML, like Gecko) dyad/0.13.0 Chrome/134.0.6998.179 Electron/35.1.4 Safari/537.36', '217.55.238.136', NULL, NULL),
('5f7d00f2-c772-4a10-b4a0-b6a65b1c8c21', 'e043c058-01b3-425f-afed-bb9be88ee905', '2025-07-28 05:20:37.752194+00', '2025-07-28 05:20:37.752194+00', NULL, 'aal1', NULL, NULL, 'Mozilla/5.0 (Windows NT 10.0; Win64; x64) AppleWebKit/537.36 (KHTML, like Gecko) dyad/0.13.0 Chrome/134.0.6998.179 Electron/35.1.4 Safari/537.36', '156.163.35.41', NULL, NULL),
('9f0482cd-77da-4a38-b40c-9b522c85b659', '819d83a2-4d05-419a-9fdc-997c97e82b39', '2025-07-22 11:13:57.907427+00', '2025-07-22 11:13:57.907427+00', NULL, 'aal1', NULL, NULL, 'Mozilla/5.0 (Windows NT 10.0; Win64; x64) AppleWebKit/537.36 (KHTML, like Gecko) dyad/0.13.0 Chrome/134.0.6998.179 Electron/35.1.4 Safari/537.36', '156.166.154.90', NULL, NULL),
('ee194bf5-110d-46de-89ad-0dc39ee41b5c', 'e043c058-01b3-425f-afed-bb9be88ee905', '2025-07-28 05:37:59.42577+00', '2025-07-28 05:37:59.42577+00', NULL, 'aal1', NULL, NULL, 'Mozilla/5.0 (Windows NT 10.0; Win64; x64) AppleWebKit/537.36 (KHTML, like Gecko) dyad/0.13.0 Chrome/134.0.6998.179 Electron/35.1.4 Safari/537.36', '156.163.35.41', NULL, NULL),
('3c1786c8-b73d-42a6-ac95-6c304525357c', 'e043c058-01b3-425f-afed-bb9be88ee905', '2025-07-28 06:08:30.530468+00', '2025-07-28 07:06:47.334759+00', NULL, 'aal1', NULL, '2025-07-28 07:06:47.334688', 'Mozilla/5.0 (Windows NT 10.0; Win64; x64) AppleWebKit/537.36 (KHTML, like Gecko) dyad/0.13.0 Chrome/134.0.6998.179 Electron/35.1.4 Safari/537.36', '156.163.35.41', NULL, NULL),
('7b14a2ca-5665-41b1-b600-03a5d6edce27', '819d83a2-4d05-419a-9fdc-997c97e82b39', '2025-07-23 01:22:04.641678+00', '2025-07-23 03:19:59.574833+00', NULL, 'aal1', NULL, '2025-07-23 03:19:59.574762', 'Mozilla/5.0 (Windows NT 10.0; Win64; x64) AppleWebKit/537.36 (KHTML, like Gecko) dyad/0.13.0 Chrome/134.0.6998.179 Electron/35.1.4 Safari/537.36', '84.36.5.82', NULL, NULL),
('69f2081b-9c1a-44c9-9abb-c5767166f0fc', 'd03b8eac-bc95-4b9b-be2e-3e42f1fe52c7', '2025-08-12 23:20:13.175378+00', '2025-08-13 00:48:28.719214+00', NULL, 'aal1', NULL, '2025-08-13 00:48:28.719145', 'Mozilla/5.0 (Windows NT 10.0; Win64; x64) AppleWebKit/537.36 (KHTML, like Gecko) dyad/0.16.0 Chrome/134.0.6998.179 Electron/35.1.4 Safari/537.36', '84.36.0.147', NULL, NULL),
('c4098416-8e8c-4bf0-b2a7-459d3f69ef58', 'e043c058-01b3-425f-afed-bb9be88ee905', '2025-07-30 02:15:08.112077+00', '2025-07-30 02:15:08.112077+00', NULL, 'aal1', NULL, NULL, 'Mozilla/5.0 (Windows NT 10.0; Win64; x64) AppleWebKit/537.36 (KHTML, like Gecko) dyad/0.14.0 Chrome/134.0.6998.179 Electron/35.1.4 Safari/537.36', '84.36.7.208', NULL, NULL),
('0fc052fa-a9a2-42b8-a2d6-025c7b9ed39b', 'e043c058-01b3-425f-afed-bb9be88ee905', '2025-07-28 08:25:11.051705+00', '2025-07-28 08:25:11.051705+00', NULL, 'aal1', NULL, NULL, 'Mozilla/5.0 (Windows NT 10.0; Win64; x64) AppleWebKit/537.36 (KHTML, like Gecko) dyad/0.13.0 Chrome/134.0.6998.179 Electron/35.1.4 Safari/537.36', '156.164.203.112', NULL, NULL),
('ea65cefa-7478-4cbf-be3d-2e4041b408f7', 'bfa2ad5a-146f-4865-a581-cae4da9bdc3a', '2025-09-13 20:47:32.845499+00', '2025-09-14 06:08:39.097221+00', NULL, 'aal1', NULL, '2025-09-14 06:08:39.097146', 'Mozilla/5.0 (Windows NT 10.0; Win64; x64) AppleWebKit/537.36 (KHTML, like Gecko) Chrome/140.0.0.0 Safari/537.36', '197.48.193.154', NULL, NULL),
('b78d011d-4649-42b8-b01b-b73c785ee95f', '4541e8fa-878f-4df5-88bd-63be40b85324', '2025-09-27 12:01:06.023066+00', '2025-10-10 13:38:06.041643+00', NULL, 'aal1', NULL, '2025-10-10 13:38:06.041515', 'Mozilla/5.0 (iPhone; CPU iPhone OS 15_8_4 like Mac OS X) AppleWebKit/605.1.15 (KHTML, like Gecko) Version/15.6.7 Mobile/15E148 Safari/604.1', '197.195.65.49', NULL, NULL),
('76bad155-5056-4be0-9866-a139536a5814', 'e043c058-01b3-425f-afed-bb9be88ee905', '2025-07-27 19:19:22.968566+00', '2025-07-27 19:19:22.968566+00', NULL, 'aal1', NULL, NULL, 'Mozilla/5.0 (Windows NT 10.0; Win64; x64) AppleWebKit/537.36 (KHTML, like Gecko) dyad/0.13.0 Chrome/134.0.6998.179 Electron/35.1.4 Safari/537.36', '154.180.130.148', NULL, NULL),
('a633eb58-9711-46a6-ae76-2cd7963fb242', 'e043c058-01b3-425f-afed-bb9be88ee905', '2025-07-27 20:05:44.799616+00', '2025-07-27 20:05:44.799616+00', NULL, 'aal1', NULL, NULL, 'Mozilla/5.0 (Windows NT 10.0; Win64; x64) AppleWebKit/537.36 (KHTML, like Gecko) dyad/0.13.0 Chrome/134.0.6998.179 Electron/35.1.4 Safari/537.36', '154.180.130.148', NULL, NULL),
('a459855f-a99e-4cf1-a438-6fb08c3c52f2', 'e043c058-01b3-425f-afed-bb9be88ee905', '2025-07-28 01:58:24.614104+00', '2025-07-28 02:56:37.375757+00', NULL, 'aal1', NULL, '2025-07-28 02:56:37.375685', 'Mozilla/5.0 (Windows NT 10.0; Win64; x64) AppleWebKit/537.36 (KHTML, like Gecko) dyad/0.13.0 Chrome/134.0.6998.179 Electron/35.1.4 Safari/537.36', '217.55.238.136', NULL, NULL),
('efce7323-cba0-42b0-ae2f-b6bef4527dad', 'e043c058-01b3-425f-afed-bb9be88ee905', '2025-07-28 23:54:36.392667+00', '2025-07-29 11:18:30.564608+00', NULL, 'aal1', NULL, '2025-07-29 11:18:30.564532', 'Mozilla/5.0 (Windows NT 10.0; Win64; x64) AppleWebKit/537.36 (KHTML, like Gecko) dyad/0.13.0 Chrome/134.0.6998.179 Electron/35.1.4 Safari/537.36', '84.36.7.232', NULL, NULL),
('13a18e38-d289-471a-8fa1-029dcf4dbe75', 'e043c058-01b3-425f-afed-bb9be88ee905', '2025-07-29 12:11:56.971543+00', '2025-07-29 13:10:26.792309+00', NULL, 'aal1', NULL, '2025-07-29 13:10:26.792242', 'Mozilla/5.0 (Windows NT 10.0; Win64; x64) AppleWebKit/537.36 (KHTML, like Gecko) dyad/0.13.0 Chrome/134.0.6998.179 Electron/35.1.4 Safari/537.36', '84.36.7.232', NULL, NULL),
('bcfa73bd-7fbd-4948-97c2-e030526174d2', 'e043c058-01b3-425f-afed-bb9be88ee905', '2025-07-29 13:16:24.263646+00', '2025-07-29 14:14:51.811978+00', NULL, 'aal1', NULL, '2025-07-29 14:14:51.811909', 'Mozilla/5.0 (Windows NT 10.0; Win64; x64) AppleWebKit/537.36 (KHTML, like Gecko) dyad/0.13.0 Chrome/134.0.6998.179 Electron/35.1.4 Safari/537.36', '84.36.7.232', NULL, NULL),
('f8c1326c-ca37-4958-ad21-dbc3381e9d60', 'e043c058-01b3-425f-afed-bb9be88ee905', '2025-07-30 00:09:25.32967+00', '2025-07-30 00:09:25.32967+00', NULL, 'aal1', NULL, NULL, 'Mozilla/5.0 (Windows NT 10.0; Win64; x64) AppleWebKit/537.36 (KHTML, like Gecko) dyad/0.13.0 Chrome/134.0.6998.179 Electron/35.1.4 Safari/537.36', '84.36.7.208', NULL, NULL),
('d2927703-e0b5-4f9e-9534-1ccd65b8e882', 'e043c058-01b3-425f-afed-bb9be88ee905', '2025-07-30 00:14:29.169887+00', '2025-07-30 00:14:29.169887+00', NULL, 'aal1', NULL, NULL, 'Mozilla/5.0 (Windows NT 10.0; Win64; x64) AppleWebKit/537.36 (KHTML, like Gecko) dyad/0.13.0 Chrome/134.0.6998.179 Electron/35.1.4 Safari/537.36', '84.36.7.208', NULL, NULL),
('efc51a9e-f540-4dca-88ce-bbd0a02e3027', 'e043c058-01b3-425f-afed-bb9be88ee905', '2025-07-31 07:09:25.177019+00', '2025-07-31 12:07:14.791754+00', NULL, 'aal1', NULL, '2025-07-31 12:07:14.791686', 'Mozilla/5.0 (Windows NT 10.0; Win64; x64) AppleWebKit/537.36 (KHTML, like Gecko) Chrome/138.0.0.0 Safari/537.36 Edg/138.0.0.0', '84.36.7.232', NULL, NULL),
('bd613ff5-0e7b-413a-926a-7c028fd6650c', 'd9fb0c68-5a11-4767-8ed7-093fbdb90df9', '2025-08-22 14:11:22.587982+00', '2025-08-22 14:11:22.587982+00', NULL, 'aal1', NULL, NULL, 'Mozilla/5.0 (Windows NT 10.0; Win64; x64) AppleWebKit/537.36 (KHTML, like Gecko) Chrome/139.0.0.0 Safari/537.36', '197.48.40.32', NULL, NULL),
('ecf31900-5d1e-4f59-9294-7019b9e7e33b', 'e043c058-01b3-425f-afed-bb9be88ee905', '2025-08-01 22:28:52.718225+00', '2025-08-01 22:29:08.193091+00', NULL, 'aal1', NULL, '2025-08-01 22:29:08.193024', 'Mozilla/5.0 (Windows NT 10.0; Win64; x64) AppleWebKit/537.36 (KHTML, like Gecko) dyad/0.14.0 Chrome/134.0.6998.179 Electron/35.1.4 Safari/537.36', '196.155.14.54', NULL, NULL),
('ec467072-4ddf-4130-b673-53747287b7af', 'e043c058-01b3-425f-afed-bb9be88ee905', '2025-08-01 22:12:01.291143+00', '2025-08-01 22:12:18.017922+00', NULL, 'aal1', NULL, '2025-08-01 22:12:18.017854', 'Mozilla/5.0 (Windows NT 10.0; Win64; x64) AppleWebKit/537.36 (KHTML, like Gecko) dyad/0.14.0 Chrome/134.0.6998.179 Electron/35.1.4 Safari/537.36', '196.155.14.54', NULL, NULL),
('68b43a92-1e24-4875-8835-2057b04c810d', 'b4aa5ebc-a4d0-426b-bd12-6e596b554d3a', '2025-08-28 11:55:30.537341+00', '2025-08-28 11:55:30.537341+00', NULL, 'aal1', NULL, NULL, 'Mozilla/5.0 (Linux; Android 10; K) AppleWebKit/537.36 (KHTML, like Gecko) Chrome/139.0.0.0 Mobile Safari/537.36', '154.186.161.202', NULL, NULL),
('df1f225e-fdb6-4e03-bef8-9e9f343815d3', 'e043c058-01b3-425f-afed-bb9be88ee905', '2025-08-01 22:12:12.231046+00', '2025-08-01 22:12:12.231046+00', NULL, 'aal1', NULL, NULL, 'Mozilla/5.0 (Windows NT 10.0; Win64; x64) AppleWebKit/537.36 (KHTML, like Gecko) dyad/0.14.0 Chrome/134.0.6998.179 Electron/35.1.4 Safari/537.36', '196.155.14.54', NULL, NULL),
('931a849f-8343-4095-bfa5-0cc992f015c8', '932e2e0c-1e57-4e53-8536-dde66922a88f', '2025-08-02 02:55:07.431789+00', '2025-08-02 02:55:24.876286+00', NULL, 'aal1', NULL, '2025-08-02 02:55:24.876217', 'Mozilla/5.0 (Windows NT 10.0; Win64; x64) AppleWebKit/537.36 (KHTML, like Gecko) dyad/0.14.0 Chrome/134.0.6998.179 Electron/35.1.4 Safari/537.36', '84.36.5.202', NULL, NULL),
('688c5280-8710-4b9b-9429-e230ff468ec4', '4541e8fa-878f-4df5-88bd-63be40b85324', '2025-09-16 19:29:30.608423+00', '2025-09-20 09:59:26.762739+00', NULL, 'aal1', NULL, '2025-09-20 09:59:26.762079', 'Mozilla/5.0 (iPhone; CPU iPhone OS 15_8_4 like Mac OS X) AppleWebKit/605.1.15 (KHTML, like Gecko) Version/15.6.7 Mobile/15E148 Safari/604.1', '41.234.29.4', NULL, NULL),
('b13309cd-abc7-4d3e-b667-c5963707af91', '4541e8fa-878f-4df5-88bd-63be40b85324', '2025-10-01 20:20:55.872172+00', '2025-10-01 21:19:34.86062+00', NULL, 'aal1', NULL, '2025-10-01 21:19:34.86054', 'Mozilla/5.0 (Windows NT 10.0; Win64; x64) AppleWebKit/537.36 (KHTML, like Gecko) Chrome/140.0.0.0 Safari/537.36', '197.48.250.116', NULL, NULL),
('3276a564-a311-4e16-8a06-195bb56e8759', 'e043c058-01b3-425f-afed-bb9be88ee905', '2025-08-01 22:37:05.784598+00', '2025-08-01 22:37:17.192421+00', NULL, 'aal1', NULL, '2025-08-01 22:37:17.192353', 'Mozilla/5.0 (Windows NT 10.0; Win64; x64) AppleWebKit/537.36 (KHTML, like Gecko) dyad/0.14.0 Chrome/134.0.6998.179 Electron/35.1.4 Safari/537.36', '196.155.14.54', NULL, NULL),
('e6d2d69b-9bac-465e-bfcd-7962b285297e', 'bb4b6558-c9e1-45fd-9dfa-cf4e5a4ebae6', '2025-08-03 20:01:58.717004+00', '2025-08-03 20:02:10.116691+00', NULL, 'aal1', NULL, '2025-08-03 20:02:10.116622', 'Mozilla/5.0 (Windows NT 10.0; Win64; x64) AppleWebKit/537.36 (KHTML, like Gecko) dyad/0.14.0 Chrome/134.0.6998.179 Electron/35.1.4 Safari/537.36', '154.180.19.203', NULL, NULL),
('748d7955-a441-40e7-8df1-533f0e407284', 'e043c058-01b3-425f-afed-bb9be88ee905', '2025-08-13 21:43:20.555977+00', '2025-08-21 21:25:22.60176+00', NULL, 'aal1', NULL, '2025-08-21 21:25:22.601683', 'Mozilla/5.0 (Windows NT 10.0; Win64; x64) AppleWebKit/537.36 (KHTML, like Gecko) Chrome/139.0.0.0 Safari/537.36 Edg/139.0.0.0', '154.180.180.17', NULL, NULL),
('55c5b9bd-a1a0-444f-9463-ce008e20754b', 'bfa2ad5a-146f-4865-a581-cae4da9bdc3a', '2025-09-24 12:07:15.261553+00', '2025-10-02 10:26:21.477107+00', NULL, 'aal1', NULL, '2025-10-02 10:26:21.477031', 'Mozilla/5.0 (Windows NT 10.0; Win64; x64) AppleWebKit/537.36 (KHTML, like Gecko) Chrome/140.0.0.0 Safari/537.36', '197.48.250.116', NULL, NULL),
('0e555db4-6849-48c4-a0b9-5d87b47d2ae8', 'd9fb0c68-5a11-4767-8ed7-093fbdb90df9', '2025-08-12 21:28:13.140235+00', '2025-08-13 21:30:28.223082+00', NULL, 'aal1', NULL, '2025-08-13 21:30:28.222332', 'Mozilla/5.0 (Windows NT 10.0; Win64; x64) AppleWebKit/537.36 (KHTML, like Gecko) Chrome/139.0.0.0 Safari/537.36', '197.197.188.77', NULL, NULL),
('b64e8440-294b-4eba-9f44-729421738244', '883fd7b9-b499-4373-a75b-7829e32b81c2', '2025-08-28 11:58:32.454074+00', '2025-08-28 11:58:32.454074+00', NULL, 'aal1', NULL, NULL, 'Mozilla/5.0 (Linux; Android 10; K) AppleWebKit/537.36 (KHTML, like Gecko) Chrome/139.0.0.0 Mobile Safari/537.36', '154.186.161.202', NULL, NULL),
('657d8f75-251e-42bc-88ad-5fe46d2469f8', '28ee6ecf-f88a-4e9a-a3c3-10fbcfcf2c14', '2025-08-28 11:59:25.708441+00', '2025-08-28 11:59:25.708441+00', NULL, 'aal1', NULL, NULL, 'Mozilla/5.0 (Linux; Android 10; K) AppleWebKit/537.36 (KHTML, like Gecko) Chrome/139.0.0.0 Mobile Safari/537.36', '154.186.161.202', NULL, NULL),
('c0814f2a-13c4-40ac-8f4a-f1f68e757e5d', '53513baa-9567-4d54-812a-b708f2378f9f', '2025-08-05 11:14:40.18191+00', '2025-08-05 11:47:22.774106+00', NULL, 'aal1', NULL, '2025-08-05 11:47:22.774036', 'Mozilla/5.0 (Windows NT 10.0; Win64; x64) AppleWebKit/537.36 (KHTML, like Gecko) dyad/0.15.0 Chrome/134.0.6998.179 Electron/35.1.4 Safari/537.36', '84.36.4.36', NULL, NULL),
('612eea9d-d70a-4bcb-a474-875a459df603', '97e606fc-0bcc-431a-ab36-eeb485069423', '2025-08-06 13:22:17.138135+00', '2025-08-06 13:22:17.138135+00', NULL, 'aal1', NULL, NULL, 'Mozilla/5.0 (Windows NT 10.0; Win64; x64) AppleWebKit/537.36 (KHTML, like Gecko) dyad/0.15.0 Chrome/134.0.6998.179 Electron/35.1.4 Safari/537.36', '41.237.105.251', NULL, NULL),
('d33759a8-4c70-47d6-859f-dfbb51c5ddd9', 'd9feb454-3896-4eef-92c9-fe41dc0d8899', '2025-08-06 23:57:39.741594+00', '2025-08-06 23:57:39.741594+00', NULL, 'aal1', NULL, NULL, 'Mozilla/5.0 (Windows NT 10.0; Win64; x64) AppleWebKit/537.36 (KHTML, like Gecko) dyad/0.15.0 Chrome/134.0.6998.179 Electron/35.1.4 Safari/537.36', '84.36.7.211', NULL, NULL);


INSERT INTO auth.refresh_tokens (instance_id, id, token, user_id, revoked, created_at, updated_at, parent, session_id) VALUES
('00000000-0000-0000-0000-000000000000', '98', '27jydjxuz2v7', 'e043c058-01b3-425f-afed-bb9be88ee905', 'f', '2025-07-27 19:19:22.969988+00', '2025-07-27 19:19:22.969988+00', NULL, '76bad155-5056-4be0-9866-a139536a5814'),
('00000000-0000-0000-0000-000000000000', '99', 'pq3bvjhgmluh', 'e043c058-01b3-425f-afed-bb9be88ee905', 'f', '2025-07-27 20:05:44.805241+00', '2025-07-27 20:05:44.805241+00', NULL, 'a633eb58-9711-46a6-ae76-2cd7963fb242'),
('00000000-0000-0000-0000-000000000000', '144', 'zgnpd6dnfs2g', 'e043c058-01b3-425f-afed-bb9be88ee905', 't', '2025-07-31 09:55:22.043012+00', '2025-07-31 12:02:20.467156+00', 'i4gngbnsmoik', 'efc51a9e-f540-4dca-88ce-bbd0a02e3027'),
('00000000-0000-0000-0000-000000000000', '100', '7bnr67lem7fp', 'e043c058-01b3-425f-afed-bb9be88ee905', 't', '2025-07-28 01:58:24.626519+00', '2025-07-28 02:56:37.370238+00', NULL, 'a459855f-a99e-4cf1-a438-6fb08c3c52f2'),
('00000000-0000-0000-0000-000000000000', '102', 'cbhyn5ngu3oa', 'e043c058-01b3-425f-afed-bb9be88ee905', 'f', '2025-07-28 02:56:37.370903+00', '2025-07-28 02:56:37.370903+00', '7bnr67lem7fp', 'a459855f-a99e-4cf1-a438-6fb08c3c52f2'),
('00000000-0000-0000-0000-000000000000', '1697', 'o2xszqfjrg37', 'bfa2ad5a-146f-4865-a581-cae4da9bdc3a', 't', '2025-10-01 20:15:46.931908+00', '2025-10-01 21:14:45.195459+00', 'vlr5yvctycas', '55c5b9bd-a1a0-444f-9463-ce008e20754b'),
('00000000-0000-0000-0000-000000000000', '103', '2ad4pltwtq6v', 'e043c058-01b3-425f-afed-bb9be88ee905', 't', '2025-07-28 03:08:00.050411+00', '2025-07-28 04:06:28.810666+00', NULL, '4a0151a4-921c-4290-9fca-752a957430ae'),
('00000000-0000-0000-0000-000000000000', '104', 'ykw56tgwe22k', 'e043c058-01b3-425f-afed-bb9be88ee905', 'f', '2025-07-28 04:06:28.81128+00', '2025-07-28 04:06:28.81128+00', '2ad4pltwtq6v', '4a0151a4-921c-4290-9fca-752a957430ae'),
('00000000-0000-0000-0000-000000000000', '105', 'd364ip2ci2xp', 'e043c058-01b3-425f-afed-bb9be88ee905', 'f', '2025-07-28 05:20:37.754212+00', '2025-07-28 05:20:37.754212+00', NULL, '5f7d00f2-c772-4a10-b4a0-b6a65b1c8c21'),
('00000000-0000-0000-0000-000000000000', '106', 'ezkyouyolmg7', 'e043c058-01b3-425f-afed-bb9be88ee905', 'f', '2025-07-28 05:37:59.427533+00', '2025-07-28 05:37:59.427533+00', NULL, 'ee194bf5-110d-46de-89ad-0dc39ee41b5c'),
('00000000-0000-0000-0000-000000000000', '107', '6wdp76bv77p6', 'e043c058-01b3-425f-afed-bb9be88ee905', 't', '2025-07-28 06:08:30.532917+00', '2025-07-28 07:06:47.319588+00', NULL, '3c1786c8-b73d-42a6-ac95-6c304525357c'),
('00000000-0000-0000-0000-000000000000', '108', 'sjopllpotuju', 'e043c058-01b3-425f-afed-bb9be88ee905', 'f', '2025-07-28 07:06:47.324206+00', '2025-07-28 07:06:47.324206+00', '6wdp76bv77p6', '3c1786c8-b73d-42a6-ac95-6c304525357c'),
('00000000-0000-0000-0000-000000000000', '81', '52lhmgv24kjg', '819d83a2-4d05-419a-9fdc-997c97e82b39', 'f', '2025-07-22 11:13:57.909142+00', '2025-07-22 11:13:57.909142+00', NULL, '9f0482cd-77da-4a38-b40c-9b522c85b659'),
('00000000-0000-0000-0000-000000000000', '110', '6zypg4zowkgi', 'e043c058-01b3-425f-afed-bb9be88ee905', 'f', '2025-07-28 08:25:11.064628+00', '2025-07-28 08:25:11.064628+00', NULL, '0fc052fa-a9a2-42b8-a2d6-025c7b9ed39b'),
('00000000-0000-0000-0000-000000000000', '83', 'nnip5hb5pb5b', '819d83a2-4d05-419a-9fdc-997c97e82b39', 't', '2025-07-23 01:22:04.642349+00', '2025-07-23 02:20:35.935589+00', NULL, '7b14a2ca-5665-41b1-b600-03a5d6edce27'),
('00000000-0000-0000-0000-000000000000', '112', 'wa35767ygvdm', 'e043c058-01b3-425f-afed-bb9be88ee905', 't', '2025-07-28 23:54:36.4152+00', '2025-07-29 00:52:50.755089+00', NULL, 'efce7323-cba0-42b0-ae2f-b6bef4527dad'),
('00000000-0000-0000-0000-000000000000', '113', 'jjzkfe7b3lrr', 'e043c058-01b3-425f-afed-bb9be88ee905', 't', '2025-07-29 00:52:50.759299+00', '2025-07-29 03:41:48.984181+00', 'wa35767ygvdm', 'efce7323-cba0-42b0-ae2f-b6bef4527dad'),
('00000000-0000-0000-0000-000000000000', '85', 'fkxxrodkrt4g', '819d83a2-4d05-419a-9fdc-997c97e82b39', 't', '2025-07-23 02:20:35.936248+00', '2025-07-23 03:19:59.567582+00', 'nnip5hb5pb5b', '7b14a2ca-5665-41b1-b600-03a5d6edce27'),
('00000000-0000-0000-0000-000000000000', '87', 'gdjwvhtcngds', '819d83a2-4d05-419a-9fdc-997c97e82b39', 'f', '2025-07-23 03:19:59.568198+00', '2025-07-23 03:19:59.568198+00', 'fkxxrodkrt4g', '7b14a2ca-5665-41b1-b600-03a5d6edce27'),
('00000000-0000-0000-0000-000000000000', '114', 'ckjle6npfskv', 'e043c058-01b3-425f-afed-bb9be88ee905', 't', '2025-07-29 03:41:48.988574+00', '2025-07-29 10:06:43.525992+00', 'jjzkfe7b3lrr', 'efce7323-cba0-42b0-ae2f-b6bef4527dad'),
('00000000-0000-0000-0000-000000000000', '115', 'rwvnbs5iwdpd', 'e043c058-01b3-425f-afed-bb9be88ee905', 't', '2025-07-29 10:06:43.534569+00', '2025-07-29 11:18:30.558351+00', 'ckjle6npfskv', 'efce7323-cba0-42b0-ae2f-b6bef4527dad'),
('00000000-0000-0000-0000-000000000000', '116', 'z3xxs5uiwbrg', 'e043c058-01b3-425f-afed-bb9be88ee905', 'f', '2025-07-29 11:18:30.560323+00', '2025-07-29 11:18:30.560323+00', 'rwvnbs5iwdpd', 'efce7323-cba0-42b0-ae2f-b6bef4527dad'),
('00000000-0000-0000-0000-000000000000', '118', 'mxembtxwfwqg', 'e043c058-01b3-425f-afed-bb9be88ee905', 't', '2025-07-29 12:11:56.979508+00', '2025-07-29 13:10:26.787033+00', NULL, '13a18e38-d289-471a-8fa1-029dcf4dbe75'),
('00000000-0000-0000-0000-000000000000', '120', '6lcefhdum4yt', 'e043c058-01b3-425f-afed-bb9be88ee905', 'f', '2025-07-29 13:10:26.788792+00', '2025-07-29 13:10:26.788792+00', 'mxembtxwfwqg', '13a18e38-d289-471a-8fa1-029dcf4dbe75'),
('00000000-0000-0000-0000-000000000000', '121', 'bv3x4ae4lhly', 'e043c058-01b3-425f-afed-bb9be88ee905', 't', '2025-07-29 13:16:24.26727+00', '2025-07-29 14:14:51.808503+00', NULL, 'bcfa73bd-7fbd-4948-97c2-e030526174d2'),
('00000000-0000-0000-0000-000000000000', '122', 'qq2p7ikwa33m', 'e043c058-01b3-425f-afed-bb9be88ee905', 'f', '2025-07-29 14:14:51.809764+00', '2025-07-29 14:14:51.809764+00', 'bv3x4ae4lhly', 'bcfa73bd-7fbd-4948-97c2-e030526174d2'),
('00000000-0000-0000-0000-000000000000', '123', 'x2jyekusweb3', 'e043c058-01b3-425f-afed-bb9be88ee905', 'f', '2025-07-30 00:09:25.345726+00', '2025-07-30 00:09:25.345726+00', NULL, 'f8c1326c-ca37-4958-ad21-dbc3381e9d60'),
('00000000-0000-0000-0000-000000000000', '124', 'd6y447s2casj', 'e043c058-01b3-425f-afed-bb9be88ee905', 'f', '2025-07-30 00:14:29.17419+00', '2025-07-30 00:14:29.17419+00', NULL, 'd2927703-e0b5-4f9e-9534-1ccd65b8e882'),
('00000000-0000-0000-0000-000000000000', '127', 'rrdtirsgrmm6', 'e043c058-01b3-425f-afed-bb9be88ee905', 'f', '2025-07-30 02:15:08.112824+00', '2025-07-30 02:15:08.112824+00', NULL, 'c4098416-8e8c-4bf0-b2a7-459d3f69ef58'),
('00000000-0000-0000-0000-000000000000', '139', 'okaeglrjfljj', 'e043c058-01b3-425f-afed-bb9be88ee905', 't', '2025-07-31 07:09:25.179057+00', '2025-07-31 08:15:35.845832+00', NULL, 'efc51a9e-f540-4dca-88ce-bbd0a02e3027'),
('00000000-0000-0000-0000-000000000000', '141', 'i4gngbnsmoik', 'e043c058-01b3-425f-afed-bb9be88ee905', 't', '2025-07-31 08:15:35.847807+00', '2025-07-31 09:55:22.041625+00', 'okaeglrjfljj', 'efc51a9e-f540-4dca-88ce-bbd0a02e3027'),
('00000000-0000-0000-0000-000000000000', '1698', 'qvyvj6cri32b', '4541e8fa-878f-4df5-88bd-63be40b85324', 't', '2025-10-01 20:20:55.884483+00', '2025-10-01 21:19:34.848286+00', NULL, 'b13309cd-abc7-4d3e-b667-c5963707af91'),
('00000000-0000-0000-0000-000000000000', '258', 'zfvdkbmiurzp', 'e043c058-01b3-425f-afed-bb9be88ee905', 't', '2025-07-31 12:03:50.908422+00', '2025-07-31 12:04:01.790242+00', 'qsl4wqk3iuyw', 'efc51a9e-f540-4dca-88ce-bbd0a02e3027'),
('00000000-0000-0000-0000-000000000000', '1699', 'rsva7fumf46q', 'bfa2ad5a-146f-4865-a581-cae4da9bdc3a', 't', '2025-10-01 21:14:45.203277+00', '2025-10-01 22:13:44.823386+00', 'o2xszqfjrg37', '55c5b9bd-a1a0-444f-9463-ce008e20754b'),
('00000000-0000-0000-0000-000000000000', '235', 'ytfutvolkzj5', 'e043c058-01b3-425f-afed-bb9be88ee905', 't', '2025-07-31 12:02:20.469463+00', '2025-07-31 12:02:20.780037+00', 'zgnpd6dnfs2g', 'efc51a9e-f540-4dca-88ce-bbd0a02e3027'),
('00000000-0000-0000-0000-000000000000', '236', 'hzeezefkkqym', 'e043c058-01b3-425f-afed-bb9be88ee905', 't', '2025-07-31 12:02:20.780374+00', '2025-07-31 12:02:21.132892+00', 'ytfutvolkzj5', 'efc51a9e-f540-4dca-88ce-bbd0a02e3027'),
('00000000-0000-0000-0000-000000000000', '237', 'bvxwqo5ny25w', 'e043c058-01b3-425f-afed-bb9be88ee905', 't', '2025-07-31 12:02:21.133335+00', '2025-07-31 12:02:21.445511+00', 'hzeezefkkqym', 'efc51a9e-f540-4dca-88ce-bbd0a02e3027'),
('00000000-0000-0000-0000-000000000000', '238', '7sx2obdzw3zb', 'e043c058-01b3-425f-afed-bb9be88ee905', 't', '2025-07-31 12:02:21.445858+00', '2025-07-31 12:02:21.730826+00', 'bvxwqo5ny25w', 'efc51a9e-f540-4dca-88ce-bbd0a02e3027'),
('00000000-0000-0000-0000-000000000000', '239', 'ihorjkmwzza7', 'e043c058-01b3-425f-afed-bb9be88ee905', 't', '2025-07-31 12:02:21.731159+00', '2025-07-31 12:02:27.805221+00', '7sx2obdzw3zb', 'efc51a9e-f540-4dca-88ce-bbd0a02e3027'),
('00000000-0000-0000-0000-000000000000', '240', 'o3m75v5rlo5f', 'e043c058-01b3-425f-afed-bb9be88ee905', 't', '2025-07-31 12:02:27.805549+00', '2025-07-31 12:02:28.085972+00', 'ihorjkmwzza7', 'efc51a9e-f540-4dca-88ce-bbd0a02e3027'),
('00000000-0000-0000-0000-000000000000', '241', 'rkk7g5nq4frs', 'e043c058-01b3-425f-afed-bb9be88ee905', 't', '2025-07-31 12:02:28.086235+00', '2025-07-31 12:02:33.829551+00', 'o3m75v5rlo5f', 'efc51a9e-f540-4dca-88ce-bbd0a02e3027'),
('00000000-0000-0000-0000-000000000000', '242', 'maao6vupgysz', 'e043c058-01b3-425f-afed-bb9be88ee905', 't', '2025-07-31 12:02:33.829839+00', '2025-07-31 12:02:34.105478+00', 'rkk7g5nq4frs', 'efc51a9e-f540-4dca-88ce-bbd0a02e3027'),
('00000000-0000-0000-0000-000000000000', '243', 'xyo4izyrqrgc', 'e043c058-01b3-425f-afed-bb9be88ee905', 't', '2025-07-31 12:02:34.105743+00', '2025-07-31 12:02:34.395205+00', 'maao6vupgysz', 'efc51a9e-f540-4dca-88ce-bbd0a02e3027'),
('00000000-0000-0000-0000-000000000000', '244', 'vmwork3ynum3', 'e043c058-01b3-425f-afed-bb9be88ee905', 't', '2025-07-31 12:02:34.395503+00', '2025-07-31 12:02:40.737838+00', 'xyo4izyrqrgc', 'efc51a9e-f540-4dca-88ce-bbd0a02e3027'),
('00000000-0000-0000-0000-000000000000', '245', 'iijzrbjiuxzm', 'e043c058-01b3-425f-afed-bb9be88ee905', 't', '2025-07-31 12:02:40.738095+00', '2025-07-31 12:02:41.117539+00', 'vmwork3ynum3', 'efc51a9e-f540-4dca-88ce-bbd0a02e3027'),
('00000000-0000-0000-0000-000000000000', '246', '7wpbdgiiqiq4', 'e043c058-01b3-425f-afed-bb9be88ee905', 't', '2025-07-31 12:02:41.117797+00', '2025-07-31 12:02:41.454453+00', 'iijzrbjiuxzm', 'efc51a9e-f540-4dca-88ce-bbd0a02e3027'),
('00000000-0000-0000-0000-000000000000', '247', 'xewflmjlefsp', 'e043c058-01b3-425f-afed-bb9be88ee905', 't', '2025-07-31 12:02:41.454729+00', '2025-07-31 12:03:03.56082+00', '7wpbdgiiqiq4', 'efc51a9e-f540-4dca-88ce-bbd0a02e3027'),
('00000000-0000-0000-0000-000000000000', '248', 'zapftomdveod', 'e043c058-01b3-425f-afed-bb9be88ee905', 't', '2025-07-31 12:03:03.561089+00', '2025-07-31 12:03:05.199767+00', 'xewflmjlefsp', 'efc51a9e-f540-4dca-88ce-bbd0a02e3027'),
('00000000-0000-0000-0000-000000000000', '249', 'inazxugjltf4', 'e043c058-01b3-425f-afed-bb9be88ee905', 't', '2025-07-31 12:03:05.200156+00', '2025-07-31 12:03:06.116235+00', 'zapftomdveod', 'efc51a9e-f540-4dca-88ce-bbd0a02e3027'),
('00000000-0000-0000-0000-000000000000', '250', 'cv7vw5qzdlxo', 'e043c058-01b3-425f-afed-bb9be88ee905', 't', '2025-07-31 12:03:06.116543+00', '2025-07-31 12:03:10.388265+00', 'inazxugjltf4', 'efc51a9e-f540-4dca-88ce-bbd0a02e3027'),
('00000000-0000-0000-0000-000000000000', '251', 'riubld2sgbhc', 'e043c058-01b3-425f-afed-bb9be88ee905', 't', '2025-07-31 12:03:10.388581+00', '2025-07-31 12:03:11.276197+00', 'cv7vw5qzdlxo', 'efc51a9e-f540-4dca-88ce-bbd0a02e3027'),
('00000000-0000-0000-0000-000000000000', '252', 'cscfcy5we5i6', 'e043c058-01b3-425f-afed-bb9be88ee905', 't', '2025-07-31 12:03:11.276502+00', '2025-07-31 12:03:11.703416+00', 'riubld2sgbhc', 'efc51a9e-f540-4dca-88ce-bbd0a02e3027'),
('00000000-0000-0000-0000-000000000000', '253', 't4dmgnpdbmrl', 'e043c058-01b3-425f-afed-bb9be88ee905', 't', '2025-07-31 12:03:11.703681+00', '2025-07-31 12:03:16.344303+00', 'cscfcy5we5i6', 'efc51a9e-f540-4dca-88ce-bbd0a02e3027'),
('00000000-0000-0000-0000-000000000000', '254', 'u6hn5tefwtem', 'e043c058-01b3-425f-afed-bb9be88ee905', 't', '2025-07-31 12:03:16.344571+00', '2025-07-31 12:03:21.486986+00', 't4dmgnpdbmrl', 'efc51a9e-f540-4dca-88ce-bbd0a02e3027'),
('00000000-0000-0000-0000-000000000000', '255', 'r3e2anoxcfph', 'e043c058-01b3-425f-afed-bb9be88ee905', 't', '2025-07-31 12:03:21.487288+00', '2025-07-31 12:03:32.776507+00', 'u6hn5tefwtem', 'efc51a9e-f540-4dca-88ce-bbd0a02e3027'),
('00000000-0000-0000-0000-000000000000', '256', 'xeijrjfzt7fi', 'e043c058-01b3-425f-afed-bb9be88ee905', 't', '2025-07-31 12:03:32.777328+00', '2025-07-31 12:03:33.534474+00', 'r3e2anoxcfph', 'efc51a9e-f540-4dca-88ce-bbd0a02e3027'),
('00000000-0000-0000-0000-000000000000', '257', 'qsl4wqk3iuyw', 'e043c058-01b3-425f-afed-bb9be88ee905', 't', '2025-07-31 12:03:33.534783+00', '2025-07-31 12:03:50.908076+00', 'xeijrjfzt7fi', 'efc51a9e-f540-4dca-88ce-bbd0a02e3027'),
('00000000-0000-0000-0000-000000000000', '1700', 'rf72sqoszh4a', '4541e8fa-878f-4df5-88bd-63be40b85324', 'f', '2025-10-01 21:19:34.853779+00', '2025-10-01 21:19:34.853779+00', 'qvyvj6cri32b', 'b13309cd-abc7-4d3e-b667-c5963707af91'),
('00000000-0000-0000-0000-000000000000', '259', '7uzrcbgbw3az', 'e043c058-01b3-425f-afed-bb9be88ee905', 't', '2025-07-31 12:04:01.793004+00', '2025-07-31 12:04:06.248007+00', 'zfvdkbmiurzp', 'efc51a9e-f540-4dca-88ce-bbd0a02e3027'),
('00000000-0000-0000-0000-000000000000', '260', 'ktfpse5agwn6', 'e043c058-01b3-425f-afed-bb9be88ee905', 't', '2025-07-31 12:04:06.248296+00', '2025-07-31 12:04:06.7163+00', '7uzrcbgbw3az', 'efc51a9e-f540-4dca-88ce-bbd0a02e3027'),
('00000000-0000-0000-0000-000000000000', '261', 'p5mg3woxjtya', 'e043c058-01b3-425f-afed-bb9be88ee905', 't', '2025-07-31 12:04:06.716566+00', '2025-07-31 12:04:17.166072+00', 'ktfpse5agwn6', 'efc51a9e-f540-4dca-88ce-bbd0a02e3027'),
('00000000-0000-0000-0000-000000000000', '262', '4wtgwu2ijljz', 'e043c058-01b3-425f-afed-bb9be88ee905', 't', '2025-07-31 12:04:17.166386+00', '2025-07-31 12:04:19.366727+00', 'p5mg3woxjtya', 'efc51a9e-f540-4dca-88ce-bbd0a02e3027'),
('00000000-0000-0000-0000-000000000000', '263', 'wkz2sal52zbp', 'e043c058-01b3-425f-afed-bb9be88ee905', 't', '2025-07-31 12:04:19.366989+00', '2025-07-31 12:04:23.922786+00', '4wtgwu2ijljz', 'efc51a9e-f540-4dca-88ce-bbd0a02e3027'),
('00000000-0000-0000-0000-000000000000', '264', 'ahuxgdofziyj', 'e043c058-01b3-425f-afed-bb9be88ee905', 't', '2025-07-31 12:04:23.923056+00', '2025-07-31 12:04:24.273965+00', 'wkz2sal52zbp', 'efc51a9e-f540-4dca-88ce-bbd0a02e3027'),
('00000000-0000-0000-0000-000000000000', '265', 'zif4hcctsw7b', 'e043c058-01b3-425f-afed-bb9be88ee905', 't', '2025-07-31 12:04:24.274246+00', '2025-07-31 12:04:34.126814+00', 'ahuxgdofziyj', 'efc51a9e-f540-4dca-88ce-bbd0a02e3027'),
('00000000-0000-0000-0000-000000000000', '266', '4wi5wrosmuxs', 'e043c058-01b3-425f-afed-bb9be88ee905', 't', '2025-07-31 12:04:34.127134+00', '2025-07-31 12:04:47.523364+00', 'zif4hcctsw7b', 'efc51a9e-f540-4dca-88ce-bbd0a02e3027'),
('00000000-0000-0000-0000-000000000000', '267', '5sdxpevpb3tz', 'e043c058-01b3-425f-afed-bb9be88ee905', 't', '2025-07-31 12:04:47.523619+00', '2025-07-31 12:04:57.756926+00', '4wi5wrosmuxs', 'efc51a9e-f540-4dca-88ce-bbd0a02e3027'),
('00000000-0000-0000-0000-000000000000', '268', 'ar7wqpztim4t', 'e043c058-01b3-425f-afed-bb9be88ee905', 't', '2025-07-31 12:04:57.757193+00', '2025-07-31 12:05:05.640485+00', '5sdxpevpb3tz', 'efc51a9e-f540-4dca-88ce-bbd0a02e3027'),
('00000000-0000-0000-0000-000000000000', '269', '6yz2f5tfm2se', 'e043c058-01b3-425f-afed-bb9be88ee905', 't', '2025-07-31 12:05:05.640801+00', '2025-07-31 12:05:35.151395+00', 'ar7wqpztim4t', 'efc51a9e-f540-4dca-88ce-bbd0a02e3027'),
('00000000-0000-0000-0000-000000000000', '270', 'z6ue6fg7cfbr', 'e043c058-01b3-425f-afed-bb9be88ee905', 't', '2025-07-31 12:05:35.15174+00', '2025-07-31 12:05:35.444075+00', '6yz2f5tfm2se', 'efc51a9e-f540-4dca-88ce-bbd0a02e3027'),
('00000000-0000-0000-0000-000000000000', '271', 'uw4tu5yp5e4p', 'e043c058-01b3-425f-afed-bb9be88ee905', 't', '2025-07-31 12:05:35.444373+00', '2025-07-31 12:05:37.235545+00', 'z6ue6fg7cfbr', 'efc51a9e-f540-4dca-88ce-bbd0a02e3027'),
('00000000-0000-0000-0000-000000000000', '272', 'afb5pe4lfvzv', 'e043c058-01b3-425f-afed-bb9be88ee905', 't', '2025-07-31 12:05:37.235973+00', '2025-07-31 12:05:39.147961+00', 'uw4tu5yp5e4p', 'efc51a9e-f540-4dca-88ce-bbd0a02e3027'),
('00000000-0000-0000-0000-000000000000', '273', '7wvkvvbwkocr', 'e043c058-01b3-425f-afed-bb9be88ee905', 't', '2025-07-31 12:05:39.148212+00', '2025-07-31 12:05:41.503678+00', 'afb5pe4lfvzv', 'efc51a9e-f540-4dca-88ce-bbd0a02e3027'),
('00000000-0000-0000-0000-000000000000', '274', 'zhs2fuo3aita', 'e043c058-01b3-425f-afed-bb9be88ee905', 't', '2025-07-31 12:05:41.504555+00', '2025-07-31 12:05:45.239881+00', '7wvkvvbwkocr', 'efc51a9e-f540-4dca-88ce-bbd0a02e3027'),
('00000000-0000-0000-0000-000000000000', '275', 'amsud7kk2get', 'e043c058-01b3-425f-afed-bb9be88ee905', 't', '2025-07-31 12:05:45.240223+00', '2025-07-31 12:06:18.613279+00', 'zhs2fuo3aita', 'efc51a9e-f540-4dca-88ce-bbd0a02e3027'),
('00000000-0000-0000-0000-000000000000', '276', 'n7rvayg7rwj4', 'e043c058-01b3-425f-afed-bb9be88ee905', 't', '2025-07-31 12:06:18.613563+00', '2025-07-31 12:06:20.333602+00', 'amsud7kk2get', 'efc51a9e-f540-4dca-88ce-bbd0a02e3027'),
('00000000-0000-0000-0000-000000000000', '277', '5yd3q4ittafl', 'e043c058-01b3-425f-afed-bb9be88ee905', 't', '2025-07-31 12:06:20.333895+00', '2025-07-31 12:06:20.962152+00', 'n7rvayg7rwj4', 'efc51a9e-f540-4dca-88ce-bbd0a02e3027'),
('00000000-0000-0000-0000-000000000000', '278', 'bd5m64c2u5ps', 'e043c058-01b3-425f-afed-bb9be88ee905', 't', '2025-07-31 12:06:20.962401+00', '2025-07-31 12:06:21.284261+00', '5yd3q4ittafl', 'efc51a9e-f540-4dca-88ce-bbd0a02e3027'),
('00000000-0000-0000-0000-000000000000', '279', 'qq7g57iqih5f', 'e043c058-01b3-425f-afed-bb9be88ee905', 't', '2025-07-31 12:06:21.285177+00', '2025-07-31 12:06:22.783175+00', 'bd5m64c2u5ps', 'efc51a9e-f540-4dca-88ce-bbd0a02e3027'),
('00000000-0000-0000-0000-000000000000', '280', '5arl6ruq4h4b', 'e043c058-01b3-425f-afed-bb9be88ee905', 't', '2025-07-31 12:06:22.783485+00', '2025-07-31 12:06:23.565402+00', 'qq7g57iqih5f', 'efc51a9e-f540-4dca-88ce-bbd0a02e3027'),
('00000000-0000-0000-0000-000000000000', '281', '5iajpvhrpe5k', 'e043c058-01b3-425f-afed-bb9be88ee905', 't', '2025-07-31 12:06:23.565661+00', '2025-07-31 12:06:24.862282+00', '5arl6ruq4h4b', 'efc51a9e-f540-4dca-88ce-bbd0a02e3027'),
('00000000-0000-0000-0000-000000000000', '282', '4zltqlgt43su', 'e043c058-01b3-425f-afed-bb9be88ee905', 't', '2025-07-31 12:06:24.862544+00', '2025-07-31 12:06:25.355762+00', '5iajpvhrpe5k', 'efc51a9e-f540-4dca-88ce-bbd0a02e3027'),
('00000000-0000-0000-0000-000000000000', '283', 'l4lprggeqmlw', 'e043c058-01b3-425f-afed-bb9be88ee905', 't', '2025-07-31 12:06:25.356059+00', '2025-07-31 12:06:26.296213+00', '4zltqlgt43su', 'efc51a9e-f540-4dca-88ce-bbd0a02e3027'),
('00000000-0000-0000-0000-000000000000', '284', 'nicmfh7pbpoj', 'e043c058-01b3-425f-afed-bb9be88ee905', 't', '2025-07-31 12:06:26.29649+00', '2025-07-31 12:06:27.661293+00', 'l4lprggeqmlw', 'efc51a9e-f540-4dca-88ce-bbd0a02e3027'),
('00000000-0000-0000-0000-000000000000', '285', 'dxxlgwlxesey', 'e043c058-01b3-425f-afed-bb9be88ee905', 't', '2025-07-31 12:06:27.661598+00', '2025-07-31 12:06:28.469137+00', 'nicmfh7pbpoj', 'efc51a9e-f540-4dca-88ce-bbd0a02e3027'),
('00000000-0000-0000-0000-000000000000', '286', 'ntr3at277p7w', 'e043c058-01b3-425f-afed-bb9be88ee905', 't', '2025-07-31 12:06:28.46941+00', '2025-07-31 12:06:28.848213+00', 'dxxlgwlxesey', 'efc51a9e-f540-4dca-88ce-bbd0a02e3027'),
('00000000-0000-0000-0000-000000000000', '287', '34hbr3weu3cw', 'e043c058-01b3-425f-afed-bb9be88ee905', 't', '2025-07-31 12:06:28.848503+00', '2025-07-31 12:06:35.742458+00', 'ntr3at277p7w', 'efc51a9e-f540-4dca-88ce-bbd0a02e3027'),
('00000000-0000-0000-0000-000000000000', '288', 'imoieumlr57u', 'e043c058-01b3-425f-afed-bb9be88ee905', 't', '2025-07-31 12:06:35.742726+00', '2025-07-31 12:06:36.24243+00', '34hbr3weu3cw', 'efc51a9e-f540-4dca-88ce-bbd0a02e3027'),
('00000000-0000-0000-0000-000000000000', '289', 'hazgwx6ihzqw', 'e043c058-01b3-425f-afed-bb9be88ee905', 't', '2025-07-31 12:06:36.242725+00', '2025-07-31 12:06:37.063717+00', 'imoieumlr57u', 'efc51a9e-f540-4dca-88ce-bbd0a02e3027'),
('00000000-0000-0000-0000-000000000000', '290', 'h4gz7kjbdp5v', 'e043c058-01b3-425f-afed-bb9be88ee905', 't', '2025-07-31 12:06:37.064033+00', '2025-07-31 12:06:37.767247+00', 'hazgwx6ihzqw', 'efc51a9e-f540-4dca-88ce-bbd0a02e3027'),
('00000000-0000-0000-0000-000000000000', '291', 'ibdphh26bmy4', 'e043c058-01b3-425f-afed-bb9be88ee905', 't', '2025-07-31 12:06:37.767513+00', '2025-07-31 12:06:38.394932+00', 'h4gz7kjbdp5v', 'efc51a9e-f540-4dca-88ce-bbd0a02e3027'),
('00000000-0000-0000-0000-000000000000', '292', 'v62up4yuttbb', 'e043c058-01b3-425f-afed-bb9be88ee905', 't', '2025-07-31 12:06:38.395238+00', '2025-07-31 12:06:39.057737+00', 'ibdphh26bmy4', 'efc51a9e-f540-4dca-88ce-bbd0a02e3027'),
('00000000-0000-0000-0000-000000000000', '293', 'cbw4ue3xouvx', 'e043c058-01b3-425f-afed-bb9be88ee905', 't', '2025-07-31 12:06:39.057995+00', '2025-07-31 12:06:39.77159+00', 'v62up4yuttbb', 'efc51a9e-f540-4dca-88ce-bbd0a02e3027'),
('00000000-0000-0000-0000-000000000000', '294', 'wptaagwz5s3u', 'e043c058-01b3-425f-afed-bb9be88ee905', 't', '2025-07-31 12:06:39.771868+00', '2025-07-31 12:06:40.429018+00', 'cbw4ue3xouvx', 'efc51a9e-f540-4dca-88ce-bbd0a02e3027'),
('00000000-0000-0000-0000-000000000000', '295', 'hjgmffgfhiaf', 'e043c058-01b3-425f-afed-bb9be88ee905', 't', '2025-07-31 12:06:40.429296+00', '2025-07-31 12:06:41.211436+00', 'wptaagwz5s3u', 'efc51a9e-f540-4dca-88ce-bbd0a02e3027'),
('00000000-0000-0000-0000-000000000000', '296', 'zgqik5mfybzx', 'e043c058-01b3-425f-afed-bb9be88ee905', 't', '2025-07-31 12:06:41.211715+00', '2025-07-31 12:06:41.564881+00', 'hjgmffgfhiaf', 'efc51a9e-f540-4dca-88ce-bbd0a02e3027'),
('00000000-0000-0000-0000-000000000000', '297', 'xotch7u5uza3', 'e043c058-01b3-425f-afed-bb9be88ee905', 't', '2025-07-31 12:06:41.565216+00', '2025-07-31 12:06:42.913962+00', 'zgqik5mfybzx', 'efc51a9e-f540-4dca-88ce-bbd0a02e3027'),
('00000000-0000-0000-0000-000000000000', '298', 'zqqwnz7sfqt7', 'e043c058-01b3-425f-afed-bb9be88ee905', 't', '2025-07-31 12:06:42.914263+00', '2025-07-31 12:06:43.199916+00', 'xotch7u5uza3', 'efc51a9e-f540-4dca-88ce-bbd0a02e3027'),
('00000000-0000-0000-0000-000000000000', '299', 'l2uv72wmawxk', 'e043c058-01b3-425f-afed-bb9be88ee905', 't', '2025-07-31 12:06:43.200162+00', '2025-07-31 12:06:49.905977+00', 'zqqwnz7sfqt7', 'efc51a9e-f540-4dca-88ce-bbd0a02e3027'),
('00000000-0000-0000-0000-000000000000', '300', 'vjp7me67kg22', 'e043c058-01b3-425f-afed-bb9be88ee905', 't', '2025-07-31 12:06:49.906327+00', '2025-07-31 12:06:50.705538+00', 'l2uv72wmawxk', 'efc51a9e-f540-4dca-88ce-bbd0a02e3027'),
('00000000-0000-0000-0000-000000000000', '301', '6hopqtdbo7dw', 'e043c058-01b3-425f-afed-bb9be88ee905', 't', '2025-07-31 12:06:50.705794+00', '2025-07-31 12:06:51.990161+00', 'vjp7me67kg22', 'efc51a9e-f540-4dca-88ce-bbd0a02e3027'),
('00000000-0000-0000-0000-000000000000', '302', 'nytjhbyxnrax', 'e043c058-01b3-425f-afed-bb9be88ee905', 't', '2025-07-31 12:06:51.990453+00', '2025-07-31 12:06:52.65937+00', '6hopqtdbo7dw', 'efc51a9e-f540-4dca-88ce-bbd0a02e3027'),
('00000000-0000-0000-0000-000000000000', '303', 'fka2yk4u3srd', 'e043c058-01b3-425f-afed-bb9be88ee905', 't', '2025-07-31 12:06:52.659633+00', '2025-07-31 12:06:53.473627+00', 'nytjhbyxnrax', 'efc51a9e-f540-4dca-88ce-bbd0a02e3027'),
('00000000-0000-0000-0000-000000000000', '304', 'wajvwtgxs53j', 'e043c058-01b3-425f-afed-bb9be88ee905', 't', '2025-07-31 12:06:53.473893+00', '2025-07-31 12:06:54.874572+00', 'fka2yk4u3srd', 'efc51a9e-f540-4dca-88ce-bbd0a02e3027'),
('00000000-0000-0000-0000-000000000000', '305', '4vrdf7ergqef', 'e043c058-01b3-425f-afed-bb9be88ee905', 't', '2025-07-31 12:06:54.874837+00', '2025-07-31 12:06:56.170014+00', 'wajvwtgxs53j', 'efc51a9e-f540-4dca-88ce-bbd0a02e3027'),
('00000000-0000-0000-0000-000000000000', '306', 'okkubzd3jw4i', 'e043c058-01b3-425f-afed-bb9be88ee905', 't', '2025-07-31 12:06:56.170272+00', '2025-07-31 12:06:56.78613+00', '4vrdf7ergqef', 'efc51a9e-f540-4dca-88ce-bbd0a02e3027'),
('00000000-0000-0000-0000-000000000000', '307', 'hfw42a7qavzt', 'e043c058-01b3-425f-afed-bb9be88ee905', 't', '2025-07-31 12:06:56.786375+00', '2025-07-31 12:06:57.179597+00', 'okkubzd3jw4i', 'efc51a9e-f540-4dca-88ce-bbd0a02e3027'),
('00000000-0000-0000-0000-000000000000', '308', 'qxjqxw6reng7', 'e043c058-01b3-425f-afed-bb9be88ee905', 't', '2025-07-31 12:06:57.17987+00', '2025-07-31 12:06:57.596312+00', 'hfw42a7qavzt', 'efc51a9e-f540-4dca-88ce-bbd0a02e3027'),
('00000000-0000-0000-0000-000000000000', '309', 'afdeumcoyaoc', 'e043c058-01b3-425f-afed-bb9be88ee905', 't', '2025-07-31 12:06:57.596606+00', '2025-07-31 12:06:58.551583+00', 'qxjqxw6reng7', 'efc51a9e-f540-4dca-88ce-bbd0a02e3027'),
('00000000-0000-0000-0000-000000000000', '310', 'c7jzg5b4t4pr', 'e043c058-01b3-425f-afed-bb9be88ee905', 't', '2025-07-31 12:06:58.552402+00', '2025-07-31 12:06:59.400525+00', 'afdeumcoyaoc', 'efc51a9e-f540-4dca-88ce-bbd0a02e3027'),
('00000000-0000-0000-0000-000000000000', '1701', 'th6edfhkxfz6', 'bfa2ad5a-146f-4865-a581-cae4da9bdc3a', 't', '2025-10-01 22:13:44.828145+00', '2025-10-02 10:26:21.42566+00', 'rsva7fumf46q', '55c5b9bd-a1a0-444f-9463-ce008e20754b'),
('00000000-0000-0000-0000-000000000000', '311', 'dhzd57dn5pue', 'e043c058-01b3-425f-afed-bb9be88ee905', 't', '2025-07-31 12:06:59.400836+00', '2025-07-31 12:07:00.028483+00', 'c7jzg5b4t4pr', 'efc51a9e-f540-4dca-88ce-bbd0a02e3027'),
('00000000-0000-0000-0000-000000000000', '312', '6sbfikja46wt', 'e043c058-01b3-425f-afed-bb9be88ee905', 't', '2025-07-31 12:07:00.0288+00', '2025-07-31 12:07:04.187471+00', 'dhzd57dn5pue', 'efc51a9e-f540-4dca-88ce-bbd0a02e3027'),
('00000000-0000-0000-0000-000000000000', '313', 'gklzsqunzscw', 'e043c058-01b3-425f-afed-bb9be88ee905', 't', '2025-07-31 12:07:04.187737+00', '2025-07-31 12:07:05.219543+00', '6sbfikja46wt', 'efc51a9e-f540-4dca-88ce-bbd0a02e3027'),
('00000000-0000-0000-0000-000000000000', '314', '3ongkpwilqvz', 'e043c058-01b3-425f-afed-bb9be88ee905', 't', '2025-07-31 12:07:05.220304+00', '2025-07-31 12:07:05.592564+00', 'gklzsqunzscw', 'efc51a9e-f540-4dca-88ce-bbd0a02e3027'),
('00000000-0000-0000-0000-000000000000', '315', 'vsyvbn7a5jvf', 'e043c058-01b3-425f-afed-bb9be88ee905', 't', '2025-07-31 12:07:05.592856+00', '2025-07-31 12:07:06.11345+00', '3ongkpwilqvz', 'efc51a9e-f540-4dca-88ce-bbd0a02e3027'),
('00000000-0000-0000-0000-000000000000', '316', 'kvyt3afz2roq', 'e043c058-01b3-425f-afed-bb9be88ee905', 't', '2025-07-31 12:07:06.113709+00', '2025-07-31 12:07:06.583792+00', 'vsyvbn7a5jvf', 'efc51a9e-f540-4dca-88ce-bbd0a02e3027'),
('00000000-0000-0000-0000-000000000000', '317', 'ib7qrtvdpwf2', 'e043c058-01b3-425f-afed-bb9be88ee905', 't', '2025-07-31 12:07:06.584053+00', '2025-07-31 12:07:07.122168+00', 'kvyt3afz2roq', 'efc51a9e-f540-4dca-88ce-bbd0a02e3027'),
('00000000-0000-0000-0000-000000000000', '318', 'zs5tpio3c33r', 'e043c058-01b3-425f-afed-bb9be88ee905', 't', '2025-07-31 12:07:07.122445+00', '2025-07-31 12:07:07.411658+00', 'ib7qrtvdpwf2', 'efc51a9e-f540-4dca-88ce-bbd0a02e3027'),
('00000000-0000-0000-0000-000000000000', '319', 'ifjgmj77zqow', 'e043c058-01b3-425f-afed-bb9be88ee905', 't', '2025-07-31 12:07:07.411932+00', '2025-07-31 12:07:07.993972+00', 'zs5tpio3c33r', 'efc51a9e-f540-4dca-88ce-bbd0a02e3027'),
('00000000-0000-0000-0000-000000000000', '320', 'g4teqmk2347s', 'e043c058-01b3-425f-afed-bb9be88ee905', 't', '2025-07-31 12:07:07.994254+00', '2025-07-31 12:07:08.40034+00', 'ifjgmj77zqow', 'efc51a9e-f540-4dca-88ce-bbd0a02e3027'),
('00000000-0000-0000-0000-000000000000', '321', '3f5ekji2xag7', 'e043c058-01b3-425f-afed-bb9be88ee905', 't', '2025-07-31 12:07:08.400675+00', '2025-07-31 12:07:08.915+00', 'g4teqmk2347s', 'efc51a9e-f540-4dca-88ce-bbd0a02e3027'),
('00000000-0000-0000-0000-000000000000', '322', 'dsgvwo43w6ja', 'e043c058-01b3-425f-afed-bb9be88ee905', 't', '2025-07-31 12:07:08.91525+00', '2025-07-31 12:07:09.195916+00', '3f5ekji2xag7', 'efc51a9e-f540-4dca-88ce-bbd0a02e3027'),
('00000000-0000-0000-0000-000000000000', '323', 'djznh2q6lanx', 'e043c058-01b3-425f-afed-bb9be88ee905', 't', '2025-07-31 12:07:09.196228+00', '2025-07-31 12:07:09.720956+00', 'dsgvwo43w6ja', 'efc51a9e-f540-4dca-88ce-bbd0a02e3027'),
('00000000-0000-0000-0000-000000000000', '324', 'ylgci6fyzqp4', 'e043c058-01b3-425f-afed-bb9be88ee905', 't', '2025-07-31 12:07:09.721255+00', '2025-07-31 12:07:10.060496+00', 'djznh2q6lanx', 'efc51a9e-f540-4dca-88ce-bbd0a02e3027'),
('00000000-0000-0000-0000-000000000000', '325', 'bwxp7cjrhp4e', 'e043c058-01b3-425f-afed-bb9be88ee905', 't', '2025-07-31 12:07:10.060769+00', '2025-07-31 12:07:10.663022+00', 'ylgci6fyzqp4', 'efc51a9e-f540-4dca-88ce-bbd0a02e3027'),
('00000000-0000-0000-0000-000000000000', '326', 'pvga47zqavo6', 'e043c058-01b3-425f-afed-bb9be88ee905', 't', '2025-07-31 12:07:10.663299+00', '2025-07-31 12:07:10.995554+00', 'bwxp7cjrhp4e', 'efc51a9e-f540-4dca-88ce-bbd0a02e3027'),
('00000000-0000-0000-0000-000000000000', '327', '6uxb54ix4kal', 'e043c058-01b3-425f-afed-bb9be88ee905', 't', '2025-07-31 12:07:10.995836+00', '2025-07-31 12:07:12.136081+00', 'pvga47zqavo6', 'efc51a9e-f540-4dca-88ce-bbd0a02e3027'),
('00000000-0000-0000-0000-000000000000', '328', 'xcpnjgz7naug', 'e043c058-01b3-425f-afed-bb9be88ee905', 't', '2025-07-31 12:07:12.136354+00', '2025-07-31 12:07:12.624244+00', '6uxb54ix4kal', 'efc51a9e-f540-4dca-88ce-bbd0a02e3027'),
('00000000-0000-0000-0000-000000000000', '329', 'xvhl6o26ephd', 'e043c058-01b3-425f-afed-bb9be88ee905', 't', '2025-07-31 12:07:12.624521+00', '2025-07-31 12:07:13.184127+00', 'xcpnjgz7naug', 'efc51a9e-f540-4dca-88ce-bbd0a02e3027'),
('00000000-0000-0000-0000-000000000000', '330', 'yqkgoiizmwul', 'e043c058-01b3-425f-afed-bb9be88ee905', 't', '2025-07-31 12:07:13.184397+00', '2025-07-31 12:07:13.790613+00', 'xvhl6o26ephd', 'efc51a9e-f540-4dca-88ce-bbd0a02e3027'),
('00000000-0000-0000-0000-000000000000', '331', 'dlkfs4fyyuwu', 'e043c058-01b3-425f-afed-bb9be88ee905', 't', '2025-07-31 12:07:13.790914+00', '2025-07-31 12:07:14.414286+00', 'yqkgoiizmwul', 'efc51a9e-f540-4dca-88ce-bbd0a02e3027'),
('00000000-0000-0000-0000-000000000000', '332', 'mhhqrhyfnxod', 'e043c058-01b3-425f-afed-bb9be88ee905', 't', '2025-07-31 12:07:14.414783+00', '2025-07-31 12:07:14.78985+00', 'dlkfs4fyyuwu', 'efc51a9e-f540-4dca-88ce-bbd0a02e3027'),
('00000000-0000-0000-0000-000000000000', '333', 'a3ypqv44rgdq', 'e043c058-01b3-425f-afed-bb9be88ee905', 'f', '2025-07-31 12:07:14.790107+00', '2025-07-31 12:07:14.790107+00', 'mhhqrhyfnxod', 'efc51a9e-f540-4dca-88ce-bbd0a02e3027'),
('00000000-0000-0000-0000-000000000000', '1702', 'vapt5ik6b7d2', 'bfa2ad5a-146f-4865-a581-cae4da9bdc3a', 'f', '2025-10-02 10:26:21.452654+00', '2025-10-02 10:26:21.452654+00', 'th6edfhkxfz6', '55c5b9bd-a1a0-444f-9463-ce008e20754b'),
('00000000-0000-0000-0000-000000000000', '1703', 'jdesf4mtcyzb', '4541e8fa-878f-4df5-88bd-63be40b85324', 't', '2025-10-02 22:41:34.360136+00', '2025-10-05 20:11:20.051149+00', 'eztcy2dtcjzp', 'b78d011d-4649-42b8-b01b-b73c785ee95f'),
('00000000-0000-0000-0000-000000000000', '1704', 'olpodq7o5x2l', '4541e8fa-878f-4df5-88bd-63be40b85324', 't', '2025-10-05 20:11:20.076083+00', '2025-10-06 07:25:02.176141+00', 'jdesf4mtcyzb', 'b78d011d-4649-42b8-b01b-b73c785ee95f'),
('00000000-0000-0000-0000-000000000000', '1705', 'h6csubzahsgl', '4541e8fa-878f-4df5-88bd-63be40b85324', 't', '2025-10-06 07:25:02.196931+00', '2025-10-06 13:07:27.905305+00', 'olpodq7o5x2l', 'b78d011d-4649-42b8-b01b-b73c785ee95f'),
('00000000-0000-0000-0000-000000000000', '1064', 'ssbhxwppqbrn', '932e2e0c-1e57-4e53-8536-dde66922a88f', 't', '2025-08-02 02:55:07.432825+00', '2025-08-02 02:55:08.437852+00', NULL, '931a849f-8343-4095-bfa5-0cc992f015c8'),
('00000000-0000-0000-0000-000000000000', '1706', 'zsq44hfvbai4', '4541e8fa-878f-4df5-88bd-63be40b85324', 't', '2025-10-06 13:07:27.909832+00', '2025-10-07 11:41:33.247594+00', 'h6csubzahsgl', 'b78d011d-4649-42b8-b01b-b73c785ee95f'),
('00000000-0000-0000-0000-000000000000', '1707', 'tw54uirwnesa', '4541e8fa-878f-4df5-88bd-63be40b85324', 't', '2025-10-07 11:41:33.267188+00', '2025-10-08 21:50:11.002307+00', 'zsq44hfvbai4', 'b78d011d-4649-42b8-b01b-b73c785ee95f'),
('00000000-0000-0000-0000-000000000000', '1708', 'ipk2t5h3z3h7', '4541e8fa-878f-4df5-88bd-63be40b85324', 't', '2025-10-08 21:50:11.038061+00', '2025-10-10 11:52:34.058396+00', 'tw54uirwnesa', 'b78d011d-4649-42b8-b01b-b73c785ee95f'),
('00000000-0000-0000-0000-000000000000', '1570', 'uj5tgxdui3zg', 'b4aa5ebc-a4d0-426b-bd12-6e596b554d3a', 'f', '2025-08-28 11:55:30.549934+00', '2025-08-28 11:55:30.549934+00', NULL, '68b43a92-1e24-4875-8835-2057b04c810d'),
('00000000-0000-0000-0000-000000000000', '1682', 'l25v2hfcf2cx', 'bfa2ad5a-146f-4865-a581-cae4da9bdc3a', 't', '2025-09-13 20:47:32.852681+00', '2025-09-13 21:46:41.961204+00', NULL, 'ea65cefa-7478-4cbf-be3d-2e4041b408f7'),
('00000000-0000-0000-0000-000000000000', '1571', '5hayvdfdtqf3', '883fd7b9-b499-4373-a75b-7829e32b81c2', 'f', '2025-08-28 11:58:32.45561+00', '2025-08-28 11:58:32.45561+00', NULL, 'b64e8440-294b-4eba-9f44-729421738244'),
('00000000-0000-0000-0000-000000000000', '1572', 'nwydwwzqgz4t', '28ee6ecf-f88a-4e9a-a3c3-10fbcfcf2c14', 'f', '2025-08-28 11:59:25.709851+00', '2025-08-28 11:59:25.709851+00', NULL, '657d8f75-251e-42bc-88ad-5fe46d2469f8'),
('00000000-0000-0000-0000-000000000000', '1709', '7vlgznxgybd3', '4541e8fa-878f-4df5-88bd-63be40b85324', 't', '2025-10-10 11:52:34.091847+00', '2025-10-10 13:38:05.988753+00', 'ipk2t5h3z3h7', 'b78d011d-4649-42b8-b01b-b73c785ee95f'),
('00000000-0000-0000-0000-000000000000', '1065', 'xd6mi5dtpz5l', '932e2e0c-1e57-4e53-8536-dde66922a88f', 't', '2025-08-02 02:55:08.438487+00', '2025-08-02 02:55:08.740514+00', 'ssbhxwppqbrn', '931a849f-8343-4095-bfa5-0cc992f015c8'),
('00000000-0000-0000-0000-000000000000', '1683', '3p6nbygwrggt', 'bfa2ad5a-146f-4865-a581-cae4da9bdc3a', 't', '2025-09-13 21:46:41.964251+00', '2025-09-13 22:45:12.196802+00', 'l25v2hfcf2cx', 'ea65cefa-7478-4cbf-be3d-2e4041b408f7'),
('00000000-0000-0000-0000-000000000000', '1710', 'zfuyqasofncb', '4541e8fa-878f-4df5-88bd-63be40b85324', 'f', '2025-10-10 13:38:06.010806+00', '2025-10-10 13:38:06.010806+00', '7vlgznxgybd3', 'b78d011d-4649-42b8-b01b-b73c785ee95f'),
('00000000-0000-0000-0000-000000000000', '783', 'js4omzlzgyo2', 'e043c058-01b3-425f-afed-bb9be88ee905', 't', '2025-08-01 22:12:01.293534+00', '2025-08-01 22:12:02.188599+00', NULL, 'ec467072-4ddf-4130-b673-53747287b7af'),
('00000000-0000-0000-0000-000000000000', '784', 'c4i3z7ezp65n', 'e043c058-01b3-425f-afed-bb9be88ee905', 't', '2025-08-01 22:12:02.189182+00', '2025-08-01 22:12:03.084692+00', 'js4omzlzgyo2', 'ec467072-4ddf-4130-b673-53747287b7af'),
('00000000-0000-0000-0000-000000000000', '785', 'hy4qosnvqmo4', 'e043c058-01b3-425f-afed-bb9be88ee905', 't', '2025-08-01 22:12:03.085038+00', '2025-08-01 22:12:03.650387+00', 'c4i3z7ezp65n', 'ec467072-4ddf-4130-b673-53747287b7af'),
('00000000-0000-0000-0000-000000000000', '786', 'bqbutg6kgfxd', 'e043c058-01b3-425f-afed-bb9be88ee905', 't', '2025-08-01 22:12:03.650725+00', '2025-08-01 22:12:04.029956+00', 'hy4qosnvqmo4', 'ec467072-4ddf-4130-b673-53747287b7af'),
('00000000-0000-0000-0000-000000000000', '787', 'm6f2rdaut3uz', 'e043c058-01b3-425f-afed-bb9be88ee905', 't', '2025-08-01 22:12:04.030306+00', '2025-08-01 22:12:04.76641+00', 'bqbutg6kgfxd', 'ec467072-4ddf-4130-b673-53747287b7af'),
('00000000-0000-0000-0000-000000000000', '788', '23l5j5sbjwh6', 'e043c058-01b3-425f-afed-bb9be88ee905', 't', '2025-08-01 22:12:04.766811+00', '2025-08-01 22:12:05.248607+00', 'm6f2rdaut3uz', 'ec467072-4ddf-4130-b673-53747287b7af'),
('00000000-0000-0000-0000-000000000000', '789', 'j365d32cyicf', 'e043c058-01b3-425f-afed-bb9be88ee905', 't', '2025-08-01 22:12:05.249612+00', '2025-08-01 22:12:05.894976+00', '23l5j5sbjwh6', 'ec467072-4ddf-4130-b673-53747287b7af'),
('00000000-0000-0000-0000-000000000000', '790', 'mogfnpa4wq6p', 'e043c058-01b3-425f-afed-bb9be88ee905', 't', '2025-08-01 22:12:05.895245+00', '2025-08-01 22:12:06.262112+00', 'j365d32cyicf', 'ec467072-4ddf-4130-b673-53747287b7af'),
('00000000-0000-0000-0000-000000000000', '791', 'akrr7k75k2tu', 'e043c058-01b3-425f-afed-bb9be88ee905', 't', '2025-08-01 22:12:06.262382+00', '2025-08-01 22:12:06.545618+00', 'mogfnpa4wq6p', 'ec467072-4ddf-4130-b673-53747287b7af'),
('00000000-0000-0000-0000-000000000000', '792', '76xtb3t2ihmv', 'e043c058-01b3-425f-afed-bb9be88ee905', 't', '2025-08-01 22:12:06.545889+00', '2025-08-01 22:12:06.860869+00', 'akrr7k75k2tu', 'ec467072-4ddf-4130-b673-53747287b7af'),
('00000000-0000-0000-0000-000000000000', '793', 'h3u2sli67sjv', 'e043c058-01b3-425f-afed-bb9be88ee905', 't', '2025-08-01 22:12:06.861143+00', '2025-08-01 22:12:07.196801+00', '76xtb3t2ihmv', 'ec467072-4ddf-4130-b673-53747287b7af'),
('00000000-0000-0000-0000-000000000000', '794', 'm6t7efqnr3ts', 'e043c058-01b3-425f-afed-bb9be88ee905', 't', '2025-08-01 22:12:07.197064+00', '2025-08-01 22:12:07.694925+00', 'h3u2sli67sjv', 'ec467072-4ddf-4130-b673-53747287b7af'),
('00000000-0000-0000-0000-000000000000', '795', '7qkjchkz4ggz', 'e043c058-01b3-425f-afed-bb9be88ee905', 't', '2025-08-01 22:12:07.695185+00', '2025-08-01 22:12:08.00725+00', 'm6t7efqnr3ts', 'ec467072-4ddf-4130-b673-53747287b7af'),
('00000000-0000-0000-0000-000000000000', '796', 'hcsjy3pfdcki', 'e043c058-01b3-425f-afed-bb9be88ee905', 't', '2025-08-01 22:12:08.008471+00', '2025-08-01 22:12:08.370361+00', '7qkjchkz4ggz', 'ec467072-4ddf-4130-b673-53747287b7af'),
('00000000-0000-0000-0000-000000000000', '797', '67kd4xbr3fkm', 'e043c058-01b3-425f-afed-bb9be88ee905', 't', '2025-08-01 22:12:08.37063+00', '2025-08-01 22:12:08.806558+00', 'hcsjy3pfdcki', 'ec467072-4ddf-4130-b673-53747287b7af'),
('00000000-0000-0000-0000-000000000000', '798', 'gi7ap757coeu', 'e043c058-01b3-425f-afed-bb9be88ee905', 't', '2025-08-01 22:12:08.806898+00', '2025-08-01 22:12:09.384702+00', '67kd4xbr3fkm', 'ec467072-4ddf-4130-b673-53747287b7af'),
('00000000-0000-0000-0000-000000000000', '799', 'xn3lv57jcywj', 'e043c058-01b3-425f-afed-bb9be88ee905', 't', '2025-08-01 22:12:09.384969+00', '2025-08-01 22:12:10.2893+00', 'gi7ap757coeu', 'ec467072-4ddf-4130-b673-53747287b7af'),
('00000000-0000-0000-0000-000000000000', '800', 'kgdj6iquoh4w', 'e043c058-01b3-425f-afed-bb9be88ee905', 't', '2025-08-01 22:12:10.289553+00', '2025-08-01 22:12:10.681879+00', 'xn3lv57jcywj', 'ec467072-4ddf-4130-b673-53747287b7af'),
('00000000-0000-0000-0000-000000000000', '801', 'ofkidxv7hjhp', 'e043c058-01b3-425f-afed-bb9be88ee905', 't', '2025-08-01 22:12:10.682173+00', '2025-08-01 22:12:11.001175+00', 'kgdj6iquoh4w', 'ec467072-4ddf-4130-b673-53747287b7af'),
('00000000-0000-0000-0000-000000000000', '802', '2m6fcyasmsoz', 'e043c058-01b3-425f-afed-bb9be88ee905', 't', '2025-08-01 22:12:11.001462+00', '2025-08-01 22:12:11.377929+00', 'ofkidxv7hjhp', 'ec467072-4ddf-4130-b673-53747287b7af'),
('00000000-0000-0000-0000-000000000000', '803', 'll7aq3nx7ce3', 'e043c058-01b3-425f-afed-bb9be88ee905', 't', '2025-08-01 22:12:11.378238+00', '2025-08-01 22:12:11.683178+00', '2m6fcyasmsoz', 'ec467072-4ddf-4130-b673-53747287b7af'),
('00000000-0000-0000-0000-000000000000', '804', 'g357osgpnktn', 'e043c058-01b3-425f-afed-bb9be88ee905', 't', '2025-08-01 22:12:11.68344+00', '2025-08-01 22:12:12.200817+00', 'll7aq3nx7ce3', 'ec467072-4ddf-4130-b673-53747287b7af'),
('00000000-0000-0000-0000-000000000000', '806', 'xl3t5rmrfbba', 'e043c058-01b3-425f-afed-bb9be88ee905', 'f', '2025-08-01 22:12:12.231784+00', '2025-08-01 22:12:12.231784+00', NULL, 'df1f225e-fdb6-4e03-bef8-9e9f343815d3'),
('00000000-0000-0000-0000-000000000000', '805', 'jzq6bqxtgm4l', 'e043c058-01b3-425f-afed-bb9be88ee905', 't', '2025-08-01 22:12:12.201085+00', '2025-08-01 22:12:12.718703+00', 'g357osgpnktn', 'ec467072-4ddf-4130-b673-53747287b7af'),
('00000000-0000-0000-0000-000000000000', '807', '7m7gzpafz7fb', 'e043c058-01b3-425f-afed-bb9be88ee905', 't', '2025-08-01 22:12:12.718983+00', '2025-08-01 22:12:13.270458+00', 'jzq6bqxtgm4l', 'ec467072-4ddf-4130-b673-53747287b7af'),
('00000000-0000-0000-0000-000000000000', '808', 'xorhehlx5uab', 'e043c058-01b3-425f-afed-bb9be88ee905', 't', '2025-08-01 22:12:13.270775+00', '2025-08-01 22:12:13.614853+00', '7m7gzpafz7fb', 'ec467072-4ddf-4130-b673-53747287b7af'),
('00000000-0000-0000-0000-000000000000', '809', 'pt7nl6oo5hzp', 'e043c058-01b3-425f-afed-bb9be88ee905', 't', '2025-08-01 22:12:13.615156+00', '2025-08-01 22:12:13.939547+00', 'xorhehlx5uab', 'ec467072-4ddf-4130-b673-53747287b7af'),
('00000000-0000-0000-0000-000000000000', '810', 'yclbm66o3usa', 'e043c058-01b3-425f-afed-bb9be88ee905', 't', '2025-08-01 22:12:13.939832+00', '2025-08-01 22:12:14.352585+00', 'pt7nl6oo5hzp', 'ec467072-4ddf-4130-b673-53747287b7af'),
('00000000-0000-0000-0000-000000000000', '811', 'mdqyf52m6nap', 'e043c058-01b3-425f-afed-bb9be88ee905', 't', '2025-08-01 22:12:14.352853+00', '2025-08-01 22:12:14.668438+00', 'yclbm66o3usa', 'ec467072-4ddf-4130-b673-53747287b7af'),
('00000000-0000-0000-0000-000000000000', '812', 'njeth5horxlt', 'e043c058-01b3-425f-afed-bb9be88ee905', 't', '2025-08-01 22:12:14.668736+00', '2025-08-01 22:12:15.059008+00', 'mdqyf52m6nap', 'ec467072-4ddf-4130-b673-53747287b7af'),
('00000000-0000-0000-0000-000000000000', '813', '7pgmvxwvyx7q', 'e043c058-01b3-425f-afed-bb9be88ee905', 't', '2025-08-01 22:12:15.059309+00', '2025-08-01 22:12:15.389206+00', 'njeth5horxlt', 'ec467072-4ddf-4130-b673-53747287b7af'),
('00000000-0000-0000-0000-000000000000', '1684', 'jwzree7f4fue', 'bfa2ad5a-146f-4865-a581-cae4da9bdc3a', 't', '2025-09-13 22:45:12.199926+00', '2025-09-14 06:08:39.08344+00', '3p6nbygwrggt', 'ea65cefa-7478-4cbf-be3d-2e4041b408f7'),
('00000000-0000-0000-0000-000000000000', '814', '7fqyabr36j27', 'e043c058-01b3-425f-afed-bb9be88ee905', 't', '2025-08-01 22:12:15.389471+00', '2025-08-01 22:12:15.885636+00', '7pgmvxwvyx7q', 'ec467072-4ddf-4130-b673-53747287b7af'),
('00000000-0000-0000-0000-000000000000', '1488', '3lpeyk4nrhfd', 'd9fb0c68-5a11-4767-8ed7-093fbdb90df9', 't', '2025-08-12 21:28:13.140972+00', '2025-08-13 21:30:28.168613+00', NULL, '0e555db4-6849-48c4-a0b9-5d87b47d2ae8'),
('00000000-0000-0000-0000-000000000000', '815', 'gqewfxqamd7q', 'e043c058-01b3-425f-afed-bb9be88ee905', 't', '2025-08-01 22:12:15.886022+00', '2025-08-01 22:12:16.440096+00', '7fqyabr36j27', 'ec467072-4ddf-4130-b673-53747287b7af'),
('00000000-0000-0000-0000-000000000000', '816', 'yj6awhsnv2pb', 'e043c058-01b3-425f-afed-bb9be88ee905', 't', '2025-08-01 22:12:16.440374+00', '2025-08-01 22:12:16.826724+00', 'gqewfxqamd7q', 'ec467072-4ddf-4130-b673-53747287b7af'),
('00000000-0000-0000-0000-000000000000', '817', 'lbcfc3mw44dc', 'e043c058-01b3-425f-afed-bb9be88ee905', 't', '2025-08-01 22:12:16.827042+00', '2025-08-01 22:12:17.144407+00', 'yj6awhsnv2pb', 'ec467072-4ddf-4130-b673-53747287b7af'),
('00000000-0000-0000-0000-000000000000', '818', 't2weriifyo7a', 'e043c058-01b3-425f-afed-bb9be88ee905', 't', '2025-08-01 22:12:17.144733+00', '2025-08-01 22:12:17.60867+00', 'lbcfc3mw44dc', 'ec467072-4ddf-4130-b673-53747287b7af'),
('00000000-0000-0000-0000-000000000000', '819', 'fibedpaq2wcq', 'e043c058-01b3-425f-afed-bb9be88ee905', 't', '2025-08-01 22:12:17.608917+00', '2025-08-01 22:12:18.015425+00', 't2weriifyo7a', 'ec467072-4ddf-4130-b673-53747287b7af'),
('00000000-0000-0000-0000-000000000000', '820', 'gklcis5eboxm', 'e043c058-01b3-425f-afed-bb9be88ee905', 'f', '2025-08-01 22:12:18.015682+00', '2025-08-01 22:12:18.015682+00', 'fibedpaq2wcq', 'ec467072-4ddf-4130-b673-53747287b7af'),
('00000000-0000-0000-0000-000000000000', '1066', 'yg7wq5zilzy3', '932e2e0c-1e57-4e53-8536-dde66922a88f', 't', '2025-08-02 02:55:08.74088+00', '2025-08-02 02:55:09.075458+00', 'xd6mi5dtpz5l', '931a849f-8343-4095-bfa5-0cc992f015c8'),
('00000000-0000-0000-0000-000000000000', '1685', 'vp3rufhgluqm', 'bfa2ad5a-146f-4865-a581-cae4da9bdc3a', 'f', '2025-09-14 06:08:39.091358+00', '2025-09-14 06:08:39.091358+00', 'jwzree7f4fue', 'ea65cefa-7478-4cbf-be3d-2e4041b408f7'),
('00000000-0000-0000-0000-000000000000', '1489', 'sxnm4ipk3d3a', 'd03b8eac-bc95-4b9b-be2e-3e42f1fe52c7', 't', '2025-08-12 23:20:13.17825+00', '2025-08-13 00:48:28.702865+00', NULL, '69f2081b-9c1a-44c9-9abb-c5767166f0fc'),
('00000000-0000-0000-0000-000000000000', '887', '6duhrn47kavn', 'e043c058-01b3-425f-afed-bb9be88ee905', 't', '2025-08-01 22:28:52.719464+00', '2025-08-01 22:28:53.644235+00', NULL, 'ecf31900-5d1e-4f59-9294-7019b9e7e33b'),
('00000000-0000-0000-0000-000000000000', '888', 't2yw4gs5hzpm', 'e043c058-01b3-425f-afed-bb9be88ee905', 't', '2025-08-01 22:28:53.644832+00', '2025-08-01 22:28:54.327754+00', '6duhrn47kavn', 'ecf31900-5d1e-4f59-9294-7019b9e7e33b'),
('00000000-0000-0000-0000-000000000000', '889', 'i3kbozn3obq6', 'e043c058-01b3-425f-afed-bb9be88ee905', 't', '2025-08-01 22:28:54.328066+00', '2025-08-01 22:28:55.187067+00', 't2yw4gs5hzpm', 'ecf31900-5d1e-4f59-9294-7019b9e7e33b'),
('00000000-0000-0000-0000-000000000000', '890', 'vyfppx535jfo', 'e043c058-01b3-425f-afed-bb9be88ee905', 't', '2025-08-01 22:28:55.187406+00', '2025-08-01 22:28:55.543226+00', 'i3kbozn3obq6', 'ecf31900-5d1e-4f59-9294-7019b9e7e33b'),
('00000000-0000-0000-0000-000000000000', '891', 'zqa65gkjpmvq', 'e043c058-01b3-425f-afed-bb9be88ee905', 't', '2025-08-01 22:28:55.543563+00', '2025-08-01 22:28:56.215921+00', 'vyfppx535jfo', 'ecf31900-5d1e-4f59-9294-7019b9e7e33b'),
('00000000-0000-0000-0000-000000000000', '892', '4zpfmej2rddw', 'e043c058-01b3-425f-afed-bb9be88ee905', 't', '2025-08-01 22:28:56.216279+00', '2025-08-01 22:28:56.546597+00', 'zqa65gkjpmvq', 'ecf31900-5d1e-4f59-9294-7019b9e7e33b'),
('00000000-0000-0000-0000-000000000000', '893', '45kkxwr3zbgu', 'e043c058-01b3-425f-afed-bb9be88ee905', 't', '2025-08-01 22:28:56.546935+00', '2025-08-01 22:28:56.854769+00', '4zpfmej2rddw', 'ecf31900-5d1e-4f59-9294-7019b9e7e33b');

INSERT INTO auth.refresh_tokens (instance_id, id, token, user_id, revoked, created_at, updated_at, parent, session_id) VALUES
('00000000-0000-0000-0000-000000000000', '894', 'dqcf46dbio5s', 'e043c058-01b3-425f-afed-bb9be88ee905', 't', '2025-08-01 22:28:56.855058+00', '2025-08-01 22:28:57.188374+00', '45kkxwr3zbgu', 'ecf31900-5d1e-4f59-9294-7019b9e7e33b'),
('00000000-0000-0000-0000-000000000000', '895', 'avf73m6katiy', 'e043c058-01b3-425f-afed-bb9be88ee905', 't', '2025-08-01 22:28:57.188694+00', '2025-08-01 22:28:57.841779+00', 'dqcf46dbio5s', 'ecf31900-5d1e-4f59-9294-7019b9e7e33b'),
('00000000-0000-0000-0000-000000000000', '896', 'oj423777vlid', 'e043c058-01b3-425f-afed-bb9be88ee905', 't', '2025-08-01 22:28:57.842592+00', '2025-08-01 22:28:58.198238+00', 'avf73m6katiy', 'ecf31900-5d1e-4f59-9294-7019b9e7e33b'),
('00000000-0000-0000-0000-000000000000', '897', 'evlrzuoubbmt', 'e043c058-01b3-425f-afed-bb9be88ee905', 't', '2025-08-01 22:28:58.198511+00', '2025-08-01 22:28:58.540931+00', 'oj423777vlid', 'ecf31900-5d1e-4f59-9294-7019b9e7e33b'),
('00000000-0000-0000-0000-000000000000', '898', 'gme3mtkyh7dl', 'e043c058-01b3-425f-afed-bb9be88ee905', 't', '2025-08-01 22:28:58.541219+00', '2025-08-01 22:28:59.296791+00', 'evlrzuoubbmt', 'ecf31900-5d1e-4f59-9294-7019b9e7e33b'),
('00000000-0000-0000-0000-000000000000', '899', '2sv4n4pjhb3x', 'e043c058-01b3-425f-afed-bb9be88ee905', 't', '2025-08-01 22:28:59.297077+00', '2025-08-01 22:28:59.627287+00', 'gme3mtkyh7dl', 'ecf31900-5d1e-4f59-9294-7019b9e7e33b'),
('00000000-0000-0000-0000-000000000000', '900', 'byrl23lsedxs', 'e043c058-01b3-425f-afed-bb9be88ee905', 't', '2025-08-01 22:28:59.627556+00', '2025-08-01 22:28:59.981375+00', '2sv4n4pjhb3x', 'ecf31900-5d1e-4f59-9294-7019b9e7e33b'),
('00000000-0000-0000-0000-000000000000', '901', 'y6jaj7qnwoq6', 'e043c058-01b3-425f-afed-bb9be88ee905', 't', '2025-08-01 22:28:59.981661+00', '2025-08-01 22:29:00.4079+00', 'byrl23lsedxs', 'ecf31900-5d1e-4f59-9294-7019b9e7e33b'),
('00000000-0000-0000-0000-000000000000', '902', 'z4rmnpjcmjcl', 'e043c058-01b3-425f-afed-bb9be88ee905', 't', '2025-08-01 22:29:00.408201+00', '2025-08-01 22:29:00.754647+00', 'y6jaj7qnwoq6', 'ecf31900-5d1e-4f59-9294-7019b9e7e33b'),
('00000000-0000-0000-0000-000000000000', '903', 'gcev5waqhz5a', 'e043c058-01b3-425f-afed-bb9be88ee905', 't', '2025-08-01 22:29:00.754899+00', '2025-08-01 22:29:01.099384+00', 'z4rmnpjcmjcl', 'ecf31900-5d1e-4f59-9294-7019b9e7e33b'),
('00000000-0000-0000-0000-000000000000', '904', 'ss2ak5xv4nvx', 'e043c058-01b3-425f-afed-bb9be88ee905', 't', '2025-08-01 22:29:01.099719+00', '2025-08-01 22:29:01.426333+00', 'gcev5waqhz5a', 'ecf31900-5d1e-4f59-9294-7019b9e7e33b'),
('00000000-0000-0000-0000-000000000000', '905', '6iogi3ifupms', 'e043c058-01b3-425f-afed-bb9be88ee905', 't', '2025-08-01 22:29:01.426615+00', '2025-08-01 22:29:01.834801+00', 'ss2ak5xv4nvx', 'ecf31900-5d1e-4f59-9294-7019b9e7e33b'),
('00000000-0000-0000-0000-000000000000', '906', 'y6n4kx2lxjb4', 'e043c058-01b3-425f-afed-bb9be88ee905', 't', '2025-08-01 22:29:01.835061+00', '2025-08-01 22:29:02.180943+00', '6iogi3ifupms', 'ecf31900-5d1e-4f59-9294-7019b9e7e33b'),
('00000000-0000-0000-0000-000000000000', '907', '46xbwdlhbfst', 'e043c058-01b3-425f-afed-bb9be88ee905', 't', '2025-08-01 22:29:02.181206+00', '2025-08-01 22:29:02.474073+00', 'y6n4kx2lxjb4', 'ecf31900-5d1e-4f59-9294-7019b9e7e33b'),
('00000000-0000-0000-0000-000000000000', '908', '3c6sbssiop34', 'e043c058-01b3-425f-afed-bb9be88ee905', 't', '2025-08-01 22:29:02.474343+00', '2025-08-01 22:29:02.838714+00', '46xbwdlhbfst', 'ecf31900-5d1e-4f59-9294-7019b9e7e33b'),
('00000000-0000-0000-0000-000000000000', '909', '3gio6dddq3v7', 'e043c058-01b3-425f-afed-bb9be88ee905', 't', '2025-08-01 22:29:02.838986+00', '2025-08-01 22:29:03.130305+00', '3c6sbssiop34', 'ecf31900-5d1e-4f59-9294-7019b9e7e33b'),
('00000000-0000-0000-0000-000000000000', '910', '4dccwywql6ar', 'e043c058-01b3-425f-afed-bb9be88ee905', 't', '2025-08-01 22:29:03.130577+00', '2025-08-01 22:29:03.460739+00', '3gio6dddq3v7', 'ecf31900-5d1e-4f59-9294-7019b9e7e33b'),
('00000000-0000-0000-0000-000000000000', '911', 'aryjpkaszhxi', 'e043c058-01b3-425f-afed-bb9be88ee905', 't', '2025-08-01 22:29:03.461018+00', '2025-08-01 22:29:03.773236+00', '4dccwywql6ar', 'ecf31900-5d1e-4f59-9294-7019b9e7e33b'),
('00000000-0000-0000-0000-000000000000', '912', '5mvdfaeiwb75', 'e043c058-01b3-425f-afed-bb9be88ee905', 't', '2025-08-01 22:29:03.77349+00', '2025-08-01 22:29:04.290796+00', 'aryjpkaszhxi', 'ecf31900-5d1e-4f59-9294-7019b9e7e33b'),
('00000000-0000-0000-0000-000000000000', '913', 'hobxsmm3lo4g', 'e043c058-01b3-425f-afed-bb9be88ee905', 't', '2025-08-01 22:29:04.291064+00', '2025-08-01 22:29:04.613412+00', '5mvdfaeiwb75', 'ecf31900-5d1e-4f59-9294-7019b9e7e33b'),
('00000000-0000-0000-0000-000000000000', '914', 'rehjqdhyzvus', 'e043c058-01b3-425f-afed-bb9be88ee905', 't', '2025-08-01 22:29:04.613674+00', '2025-08-01 22:29:04.942741+00', 'hobxsmm3lo4g', 'ecf31900-5d1e-4f59-9294-7019b9e7e33b'),
('00000000-0000-0000-0000-000000000000', '915', 'sm2damwxiydf', 'e043c058-01b3-425f-afed-bb9be88ee905', 't', '2025-08-01 22:29:04.943034+00', '2025-08-01 22:29:05.258222+00', 'rehjqdhyzvus', 'ecf31900-5d1e-4f59-9294-7019b9e7e33b'),
('00000000-0000-0000-0000-000000000000', '1490', 'tbnoucm3upzc', 'd03b8eac-bc95-4b9b-be2e-3e42f1fe52c7', 'f', '2025-08-13 00:48:28.709423+00', '2025-08-13 00:48:28.709423+00', 'sxnm4ipk3d3a', '69f2081b-9c1a-44c9-9abb-c5767166f0fc'),
('00000000-0000-0000-0000-000000000000', '916', 'ssyofwm7tv55', 'e043c058-01b3-425f-afed-bb9be88ee905', 't', '2025-08-01 22:29:05.258494+00', '2025-08-01 22:29:05.580197+00', 'sm2damwxiydf', 'ecf31900-5d1e-4f59-9294-7019b9e7e33b'),
('00000000-0000-0000-0000-000000000000', '917', 'zauxeufocxit', 'e043c058-01b3-425f-afed-bb9be88ee905', 't', '2025-08-01 22:29:05.580482+00', '2025-08-01 22:29:06.074296+00', 'ssyofwm7tv55', 'ecf31900-5d1e-4f59-9294-7019b9e7e33b'),
('00000000-0000-0000-0000-000000000000', '1686', 'd32f75epnvlo', '4541e8fa-878f-4df5-88bd-63be40b85324', 't', '2025-09-16 19:29:30.632647+00', '2025-09-17 22:00:53.866092+00', NULL, '688c5280-8710-4b9b-9429-e230ff468ec4'),
('00000000-0000-0000-0000-000000000000', '918', 'wlxf4tjk3lnp', 'e043c058-01b3-425f-afed-bb9be88ee905', 't', '2025-08-01 22:29:06.074651+00', '2025-08-01 22:29:06.499852+00', 'zauxeufocxit', 'ecf31900-5d1e-4f59-9294-7019b9e7e33b'),
('00000000-0000-0000-0000-000000000000', '919', 'pvdgrolykb4l', 'e043c058-01b3-425f-afed-bb9be88ee905', 't', '2025-08-01 22:29:06.500119+00', '2025-08-01 22:29:06.868682+00', 'wlxf4tjk3lnp', 'ecf31900-5d1e-4f59-9294-7019b9e7e33b'),
('00000000-0000-0000-0000-000000000000', '920', 'tarmgara7ezt', 'e043c058-01b3-425f-afed-bb9be88ee905', 't', '2025-08-01 22:29:06.868962+00', '2025-08-01 22:29:07.210264+00', 'pvdgrolykb4l', 'ecf31900-5d1e-4f59-9294-7019b9e7e33b'),
('00000000-0000-0000-0000-000000000000', '921', 'e2lscvpv47o2', 'e043c058-01b3-425f-afed-bb9be88ee905', 't', '2025-08-01 22:29:07.210528+00', '2025-08-01 22:29:07.539186+00', 'tarmgara7ezt', 'ecf31900-5d1e-4f59-9294-7019b9e7e33b'),
('00000000-0000-0000-0000-000000000000', '922', 'jgh7arwvwxsh', 'e043c058-01b3-425f-afed-bb9be88ee905', 't', '2025-08-01 22:29:07.539448+00', '2025-08-01 22:29:08.191173+00', 'e2lscvpv47o2', 'ecf31900-5d1e-4f59-9294-7019b9e7e33b'),
('00000000-0000-0000-0000-000000000000', '923', 'nvhjbw2gjmiz', 'e043c058-01b3-425f-afed-bb9be88ee905', 'f', '2025-08-01 22:29:08.191465+00', '2025-08-01 22:29:08.191465+00', 'jgh7arwvwxsh', 'ecf31900-5d1e-4f59-9294-7019b9e7e33b'),
('00000000-0000-0000-0000-000000000000', '961', 'ep32bj3gkc2r', 'e043c058-01b3-425f-afed-bb9be88ee905', 't', '2025-08-01 22:37:05.787029+00', '2025-08-01 22:37:06.211251+00', NULL, '3276a564-a311-4e16-8a06-195bb56e8759'),
('00000000-0000-0000-0000-000000000000', '962', 'u5sqq5kci62c', 'e043c058-01b3-425f-afed-bb9be88ee905', 't', '2025-08-01 22:37:06.211765+00', '2025-08-01 22:37:06.55808+00', 'ep32bj3gkc2r', '3276a564-a311-4e16-8a06-195bb56e8759'),
('00000000-0000-0000-0000-000000000000', '963', 'mmvcnirw6bag', 'e043c058-01b3-425f-afed-bb9be88ee905', 't', '2025-08-01 22:37:06.558406+00', '2025-08-01 22:37:07.022033+00', 'u5sqq5kci62c', '3276a564-a311-4e16-8a06-195bb56e8759'),
('00000000-0000-0000-0000-000000000000', '964', 'l4zsa3n3hbxs', 'e043c058-01b3-425f-afed-bb9be88ee905', 't', '2025-08-01 22:37:07.022369+00', '2025-08-01 22:37:07.348415+00', 'mmvcnirw6bag', '3276a564-a311-4e16-8a06-195bb56e8759'),
('00000000-0000-0000-0000-000000000000', '965', 'ldjnej5z4ldr', 'e043c058-01b3-425f-afed-bb9be88ee905', 't', '2025-08-01 22:37:07.348744+00', '2025-08-01 22:37:07.69546+00', 'l4zsa3n3hbxs', '3276a564-a311-4e16-8a06-195bb56e8759'),
('00000000-0000-0000-0000-000000000000', '1067', 'hqy4kq7z6e6g', '932e2e0c-1e57-4e53-8536-dde66922a88f', 't', '2025-08-02 02:55:09.075846+00', '2025-08-02 02:55:09.385144+00', 'yg7wq5zilzy3', '931a849f-8343-4095-bfa5-0cc992f015c8'),
('00000000-0000-0000-0000-000000000000', '966', '6l2z3rmy5eqj', 'e043c058-01b3-425f-afed-bb9be88ee905', 't', '2025-08-01 22:37:07.695806+00', '2025-08-01 22:37:07.986495+00', 'ldjnej5z4ldr', '3276a564-a311-4e16-8a06-195bb56e8759'),
('00000000-0000-0000-0000-000000000000', '967', 'lonaktpoctwn', 'e043c058-01b3-425f-afed-bb9be88ee905', 't', '2025-08-01 22:37:07.986839+00', '2025-08-01 22:37:08.317746+00', '6l2z3rmy5eqj', '3276a564-a311-4e16-8a06-195bb56e8759'),
('00000000-0000-0000-0000-000000000000', '1687', 'w2gn4qfocxsj', '4541e8fa-878f-4df5-88bd-63be40b85324', 't', '2025-09-17 22:00:53.900867+00', '2025-09-20 09:59:26.732986+00', 'd32f75epnvlo', '688c5280-8710-4b9b-9429-e230ff468ec4'),
('00000000-0000-0000-0000-000000000000', '968', 'hggmhg6o52fu', 'e043c058-01b3-425f-afed-bb9be88ee905', 't', '2025-08-01 22:37:08.318107+00', '2025-08-01 22:37:08.643996+00', 'lonaktpoctwn', '3276a564-a311-4e16-8a06-195bb56e8759'),
('00000000-0000-0000-0000-000000000000', '1546', '35k5olo7myfe', 'e043c058-01b3-425f-afed-bb9be88ee905', 'f', '2025-08-21 21:25:22.594213+00', '2025-08-21 21:25:22.594213+00', 'uxkg257esgwh', '748d7955-a441-40e7-8df1-533f0e407284'),
('00000000-0000-0000-0000-000000000000', '969', 'vfmbafkhiqkh', 'e043c058-01b3-425f-afed-bb9be88ee905', 't', '2025-08-01 22:37:08.644267+00', '2025-08-01 22:37:08.968163+00', 'hggmhg6o52fu', '3276a564-a311-4e16-8a06-195bb56e8759'),
('00000000-0000-0000-0000-000000000000', '970', 'frpyh7bs3ibk', 'e043c058-01b3-425f-afed-bb9be88ee905', 't', '2025-08-01 22:37:08.968434+00', '2025-08-01 22:37:09.292979+00', 'vfmbafkhiqkh', '3276a564-a311-4e16-8a06-195bb56e8759'),
('00000000-0000-0000-0000-000000000000', '971', 'x56mjqzcahc3', 'e043c058-01b3-425f-afed-bb9be88ee905', 't', '2025-08-01 22:37:09.293238+00', '2025-08-01 22:37:09.653415+00', 'frpyh7bs3ibk', '3276a564-a311-4e16-8a06-195bb56e8759'),
('00000000-0000-0000-0000-000000000000', '972', 'ojd77ffucvph', 'e043c058-01b3-425f-afed-bb9be88ee905', 't', '2025-08-01 22:37:09.653694+00', '2025-08-01 22:37:09.947693+00', 'x56mjqzcahc3', '3276a564-a311-4e16-8a06-195bb56e8759'),
('00000000-0000-0000-0000-000000000000', '973', 'lkfaumohjxck', 'e043c058-01b3-425f-afed-bb9be88ee905', 't', '2025-08-01 22:37:09.947975+00', '2025-08-01 22:37:10.257523+00', 'ojd77ffucvph', '3276a564-a311-4e16-8a06-195bb56e8759'),
('00000000-0000-0000-0000-000000000000', '974', 'lbh5733fb3t3', 'e043c058-01b3-425f-afed-bb9be88ee905', 't', '2025-08-01 22:37:10.25783+00', '2025-08-01 22:37:10.579291+00', 'lkfaumohjxck', '3276a564-a311-4e16-8a06-195bb56e8759'),
('00000000-0000-0000-0000-000000000000', '975', 'zhmg7v2hiuzp', 'e043c058-01b3-425f-afed-bb9be88ee905', 't', '2025-08-01 22:37:10.579869+00', '2025-08-01 22:37:10.93151+00', 'lbh5733fb3t3', '3276a564-a311-4e16-8a06-195bb56e8759'),
('00000000-0000-0000-0000-000000000000', '976', 'oz2ku5glhllv', 'e043c058-01b3-425f-afed-bb9be88ee905', 't', '2025-08-01 22:37:10.931781+00', '2025-08-01 22:37:11.229955+00', 'zhmg7v2hiuzp', '3276a564-a311-4e16-8a06-195bb56e8759'),
('00000000-0000-0000-0000-000000000000', '977', '7jletdu2xrvn', 'e043c058-01b3-425f-afed-bb9be88ee905', 't', '2025-08-01 22:37:11.230302+00', '2025-08-01 22:37:11.540908+00', 'oz2ku5glhllv', '3276a564-a311-4e16-8a06-195bb56e8759'),
('00000000-0000-0000-0000-000000000000', '978', 'svnlomwf7ln4', 'e043c058-01b3-425f-afed-bb9be88ee905', 't', '2025-08-01 22:37:11.541916+00', '2025-08-01 22:37:11.895102+00', '7jletdu2xrvn', '3276a564-a311-4e16-8a06-195bb56e8759'),
('00000000-0000-0000-0000-000000000000', '979', 'zqpzhakbfxvh', 'e043c058-01b3-425f-afed-bb9be88ee905', 't', '2025-08-01 22:37:11.895379+00', '2025-08-01 22:37:12.289112+00', 'svnlomwf7ln4', '3276a564-a311-4e16-8a06-195bb56e8759'),
('00000000-0000-0000-0000-000000000000', '980', '647g6xtfl4cl', 'e043c058-01b3-425f-afed-bb9be88ee905', 't', '2025-08-01 22:37:12.289396+00', '2025-08-01 22:37:12.647281+00', 'zqpzhakbfxvh', '3276a564-a311-4e16-8a06-195bb56e8759'),
('00000000-0000-0000-0000-000000000000', '981', '4hgvgcbimpez', 'e043c058-01b3-425f-afed-bb9be88ee905', 't', '2025-08-01 22:37:12.647572+00', '2025-08-01 22:37:12.968299+00', '647g6xtfl4cl', '3276a564-a311-4e16-8a06-195bb56e8759'),
('00000000-0000-0000-0000-000000000000', '982', 'xxzy24jxzqvd', 'e043c058-01b3-425f-afed-bb9be88ee905', 't', '2025-08-01 22:37:12.968613+00', '2025-08-01 22:37:13.267338+00', '4hgvgcbimpez', '3276a564-a311-4e16-8a06-195bb56e8759'),
('00000000-0000-0000-0000-000000000000', '983', 'g7mji75koecl', 'e043c058-01b3-425f-afed-bb9be88ee905', 't', '2025-08-01 22:37:13.268329+00', '2025-08-01 22:37:13.570901+00', 'xxzy24jxzqvd', '3276a564-a311-4e16-8a06-195bb56e8759'),
('00000000-0000-0000-0000-000000000000', '984', 'wxgsh4ocerhp', 'e043c058-01b3-425f-afed-bb9be88ee905', 't', '2025-08-01 22:37:13.571173+00', '2025-08-01 22:37:13.879136+00', 'g7mji75koecl', '3276a564-a311-4e16-8a06-195bb56e8759'),
('00000000-0000-0000-0000-000000000000', '985', 'abuxdyuleaq3', 'e043c058-01b3-425f-afed-bb9be88ee905', 't', '2025-08-01 22:37:13.879471+00', '2025-08-01 22:37:14.189142+00', 'wxgsh4ocerhp', '3276a564-a311-4e16-8a06-195bb56e8759'),
('00000000-0000-0000-0000-000000000000', '986', 'yswy74guk4dm', 'e043c058-01b3-425f-afed-bb9be88ee905', 't', '2025-08-01 22:37:14.189472+00', '2025-08-01 22:37:14.53025+00', 'abuxdyuleaq3', '3276a564-a311-4e16-8a06-195bb56e8759'),
('00000000-0000-0000-0000-000000000000', '987', 'kqwxifk3zooz', 'e043c058-01b3-425f-afed-bb9be88ee905', 't', '2025-08-01 22:37:14.530536+00', '2025-08-01 22:37:14.854945+00', 'yswy74guk4dm', '3276a564-a311-4e16-8a06-195bb56e8759'),
('00000000-0000-0000-0000-000000000000', '988', '2253u7o6scs2', 'e043c058-01b3-425f-afed-bb9be88ee905', 't', '2025-08-01 22:37:14.855863+00', '2025-08-01 22:37:15.182854+00', 'kqwxifk3zooz', '3276a564-a311-4e16-8a06-195bb56e8759'),
('00000000-0000-0000-0000-000000000000', '989', 'l4tfku2gilaq', 'e043c058-01b3-425f-afed-bb9be88ee905', 't', '2025-08-01 22:37:15.183108+00', '2025-08-01 22:37:15.473206+00', '2253u7o6scs2', '3276a564-a311-4e16-8a06-195bb56e8759'),
('00000000-0000-0000-0000-000000000000', '990', 'gqs72n2sri5q', 'e043c058-01b3-425f-afed-bb9be88ee905', 't', '2025-08-01 22:37:15.473466+00', '2025-08-01 22:37:15.812929+00', 'l4tfku2gilaq', '3276a564-a311-4e16-8a06-195bb56e8759'),
('00000000-0000-0000-0000-000000000000', '991', '7inw2x7rw6yl', 'e043c058-01b3-425f-afed-bb9be88ee905', 't', '2025-08-01 22:37:15.813199+00', '2025-08-01 22:37:16.125988+00', 'gqs72n2sri5q', '3276a564-a311-4e16-8a06-195bb56e8759'),
('00000000-0000-0000-0000-000000000000', '992', 'lw5xf45xsiux', 'e043c058-01b3-425f-afed-bb9be88ee905', 't', '2025-08-01 22:37:16.126283+00', '2025-08-01 22:37:16.524156+00', '7inw2x7rw6yl', '3276a564-a311-4e16-8a06-195bb56e8759'),
('00000000-0000-0000-0000-000000000000', '993', 'emr6uiaxk4av', 'e043c058-01b3-425f-afed-bb9be88ee905', 't', '2025-08-01 22:37:16.525147+00', '2025-08-01 22:37:16.840851+00', 'lw5xf45xsiux', '3276a564-a311-4e16-8a06-195bb56e8759'),
('00000000-0000-0000-0000-000000000000', '994', 'jmke6psv4suz', 'e043c058-01b3-425f-afed-bb9be88ee905', 't', '2025-08-01 22:37:16.841204+00', '2025-08-01 22:37:17.189622+00', 'emr6uiaxk4av', '3276a564-a311-4e16-8a06-195bb56e8759'),
('00000000-0000-0000-0000-000000000000', '995', 'dzsgdmu4efi4', 'e043c058-01b3-425f-afed-bb9be88ee905', 'f', '2025-08-01 22:37:17.190751+00', '2025-08-01 22:37:17.190751+00', 'jmke6psv4suz', '3276a564-a311-4e16-8a06-195bb56e8759'),
('00000000-0000-0000-0000-000000000000', '1492', 'ebnw4qanztxl', 'd9fb0c68-5a11-4767-8ed7-093fbdb90df9', 'f', '2025-08-13 21:30:28.19744+00', '2025-08-13 21:30:28.19744+00', '3lpeyk4nrhfd', '0e555db4-6849-48c4-a0b9-5d87b47d2ae8'),
('00000000-0000-0000-0000-000000000000', '1688', 'i6na7m5k3p3y', '4541e8fa-878f-4df5-88bd-63be40b85324', 'f', '2025-09-20 09:59:26.741917+00', '2025-09-20 09:59:26.741917+00', 'w2gn4qfocxsj', '688c5280-8710-4b9b-9429-e230ff468ec4'),
('00000000-0000-0000-0000-000000000000', '1068', 'bqvtkzo5vgdk', '932e2e0c-1e57-4e53-8536-dde66922a88f', 't', '2025-08-02 02:55:09.385531+00', '2025-08-02 02:55:09.671114+00', 'hqy4kq7z6e6g', '931a849f-8343-4095-bfa5-0cc992f015c8'),
('00000000-0000-0000-0000-000000000000', '1069', 'zdtjiksguxer', '932e2e0c-1e57-4e53-8536-dde66922a88f', 't', '2025-08-02 02:55:09.671461+00', '2025-08-02 02:55:09.999642+00', 'bqvtkzo5vgdk', '931a849f-8343-4095-bfa5-0cc992f015c8'),
('00000000-0000-0000-0000-000000000000', '1070', 'rcg6dnn45w54', '932e2e0c-1e57-4e53-8536-dde66922a88f', 't', '2025-08-02 02:55:09.999975+00', '2025-08-02 02:55:10.321008+00', 'zdtjiksguxer', '931a849f-8343-4095-bfa5-0cc992f015c8'),
('00000000-0000-0000-0000-000000000000', '1689', '6qu4dqj5qeyh', 'bfa2ad5a-146f-4865-a581-cae4da9bdc3a', 't', '2025-09-24 12:07:15.279611+00', '2025-10-01 19:17:42.695002+00', NULL, '55c5b9bd-a1a0-444f-9463-ce008e20754b'),
('00000000-0000-0000-0000-000000000000', '1071', 'dgtnyymlvjeo', '932e2e0c-1e57-4e53-8536-dde66922a88f', 't', '2025-08-02 02:55:10.321596+00', '2025-08-02 02:55:11.154621+00', 'rcg6dnn45w54', '931a849f-8343-4095-bfa5-0cc992f015c8'),
('00000000-0000-0000-0000-000000000000', '1493', 'uxkg257esgwh', 'e043c058-01b3-425f-afed-bb9be88ee905', 't', '2025-08-13 21:43:20.569365+00', '2025-08-21 21:25:22.588296+00', NULL, '748d7955-a441-40e7-8df1-533f0e407284'),
('00000000-0000-0000-0000-000000000000', '1072', 'wmq623hxwlp5', '932e2e0c-1e57-4e53-8536-dde66922a88f', 't', '2025-08-02 02:55:11.154891+00', '2025-08-02 02:55:11.509729+00', 'dgtnyymlvjeo', '931a849f-8343-4095-bfa5-0cc992f015c8'),
('00000000-0000-0000-0000-000000000000', '1073', 'xcguvdlgiqij', '932e2e0c-1e57-4e53-8536-dde66922a88f', 't', '2025-08-02 02:55:11.510024+00', '2025-08-02 02:55:11.844437+00', 'wmq623hxwlp5', '931a849f-8343-4095-bfa5-0cc992f015c8'),
('00000000-0000-0000-0000-000000000000', '1074', 'qgemsggnjkjp', '932e2e0c-1e57-4e53-8536-dde66922a88f', 't', '2025-08-02 02:55:11.845386+00', '2025-08-02 02:55:12.250173+00', 'xcguvdlgiqij', '931a849f-8343-4095-bfa5-0cc992f015c8'),
('00000000-0000-0000-0000-000000000000', '1075', 'dovkeooxxpu4', '932e2e0c-1e57-4e53-8536-dde66922a88f', 't', '2025-08-02 02:55:12.250445+00', '2025-08-02 02:55:13.022526+00', 'qgemsggnjkjp', '931a849f-8343-4095-bfa5-0cc992f015c8'),
('00000000-0000-0000-0000-000000000000', '1076', 'g5jxhlvnvdx4', '932e2e0c-1e57-4e53-8536-dde66922a88f', 't', '2025-08-02 02:55:13.022796+00', '2025-08-02 02:55:13.407056+00', 'dovkeooxxpu4', '931a849f-8343-4095-bfa5-0cc992f015c8'),
('00000000-0000-0000-0000-000000000000', '1077', '4qjwyowo4hxq', '932e2e0c-1e57-4e53-8536-dde66922a88f', 't', '2025-08-02 02:55:13.407335+00', '2025-08-02 02:55:14.548858+00', 'g5jxhlvnvdx4', '931a849f-8343-4095-bfa5-0cc992f015c8'),
('00000000-0000-0000-0000-000000000000', '1078', 'vl5deoshxfbx', '932e2e0c-1e57-4e53-8536-dde66922a88f', 't', '2025-08-02 02:55:14.549166+00', '2025-08-02 02:55:14.874364+00', '4qjwyowo4hxq', '931a849f-8343-4095-bfa5-0cc992f015c8'),
('00000000-0000-0000-0000-000000000000', '1079', 'fvbxj5dtskie', '932e2e0c-1e57-4e53-8536-dde66922a88f', 't', '2025-08-02 02:55:14.874651+00', '2025-08-02 02:55:15.261083+00', 'vl5deoshxfbx', '931a849f-8343-4095-bfa5-0cc992f015c8'),
('00000000-0000-0000-0000-000000000000', '1080', 'vavtne2w7rk2', '932e2e0c-1e57-4e53-8536-dde66922a88f', 't', '2025-08-02 02:55:15.261347+00', '2025-08-02 02:55:15.62458+00', 'fvbxj5dtskie', '931a849f-8343-4095-bfa5-0cc992f015c8'),
('00000000-0000-0000-0000-000000000000', '1081', 'fvs34o54ppeb', '932e2e0c-1e57-4e53-8536-dde66922a88f', 't', '2025-08-02 02:55:15.624873+00', '2025-08-02 02:55:15.970975+00', 'vavtne2w7rk2', '931a849f-8343-4095-bfa5-0cc992f015c8'),
('00000000-0000-0000-0000-000000000000', '1082', 'zbnwl4dwv32u', '932e2e0c-1e57-4e53-8536-dde66922a88f', 't', '2025-08-02 02:55:15.97125+00', '2025-08-02 02:55:16.2814+00', 'fvs34o54ppeb', '931a849f-8343-4095-bfa5-0cc992f015c8'),
('00000000-0000-0000-0000-000000000000', '1083', 'eslfxlbenxnx', '932e2e0c-1e57-4e53-8536-dde66922a88f', 't', '2025-08-02 02:55:16.281658+00', '2025-08-02 02:55:16.728901+00', 'zbnwl4dwv32u', '931a849f-8343-4095-bfa5-0cc992f015c8'),
('00000000-0000-0000-0000-000000000000', '1084', 'yqk5gth7cdyu', '932e2e0c-1e57-4e53-8536-dde66922a88f', 't', '2025-08-02 02:55:16.729199+00', '2025-08-02 02:55:17.218628+00', 'eslfxlbenxnx', '931a849f-8343-4095-bfa5-0cc992f015c8'),
('00000000-0000-0000-0000-000000000000', '1085', 'j36m4kkr2qrp', '932e2e0c-1e57-4e53-8536-dde66922a88f', 't', '2025-08-02 02:55:17.2189+00', '2025-08-02 02:55:17.572892+00', 'yqk5gth7cdyu', '931a849f-8343-4095-bfa5-0cc992f015c8'),
('00000000-0000-0000-0000-000000000000', '1086', 'gydmcv7lvdal', '932e2e0c-1e57-4e53-8536-dde66922a88f', 't', '2025-08-02 02:55:17.573271+00', '2025-08-02 02:55:17.985361+00', 'j36m4kkr2qrp', '931a849f-8343-4095-bfa5-0cc992f015c8'),
('00000000-0000-0000-0000-000000000000', '1087', 'dhf3hzagamzi', '932e2e0c-1e57-4e53-8536-dde66922a88f', 't', '2025-08-02 02:55:17.985641+00', '2025-08-02 02:55:18.323116+00', 'gydmcv7lvdal', '931a849f-8343-4095-bfa5-0cc992f015c8'),
('00000000-0000-0000-0000-000000000000', '1088', 'u5b4yr37xdzy', '932e2e0c-1e57-4e53-8536-dde66922a88f', 't', '2025-08-02 02:55:18.323389+00', '2025-08-02 02:55:18.637024+00', 'dhf3hzagamzi', '931a849f-8343-4095-bfa5-0cc992f015c8'),
('00000000-0000-0000-0000-000000000000', '1089', 'al6zgrlefwmg', '932e2e0c-1e57-4e53-8536-dde66922a88f', 't', '2025-08-02 02:55:18.637336+00', '2025-08-02 02:55:18.974459+00', 'u5b4yr37xdzy', '931a849f-8343-4095-bfa5-0cc992f015c8'),
('00000000-0000-0000-0000-000000000000', '1090', '3eoq6nck7ckm', '932e2e0c-1e57-4e53-8536-dde66922a88f', 't', '2025-08-02 02:55:18.974739+00', '2025-08-02 02:55:19.311475+00', 'al6zgrlefwmg', '931a849f-8343-4095-bfa5-0cc992f015c8'),
('00000000-0000-0000-0000-000000000000', '1091', 'oh4lcwbyrvik', '932e2e0c-1e57-4e53-8536-dde66922a88f', 't', '2025-08-02 02:55:19.311751+00', '2025-08-02 02:55:19.696134+00', '3eoq6nck7ckm', '931a849f-8343-4095-bfa5-0cc992f015c8'),
('00000000-0000-0000-0000-000000000000', '1092', 'k6f2nu43blp2', '932e2e0c-1e57-4e53-8536-dde66922a88f', 't', '2025-08-02 02:55:19.696509+00', '2025-08-02 02:55:19.99844+00', 'oh4lcwbyrvik', '931a849f-8343-4095-bfa5-0cc992f015c8'),
('00000000-0000-0000-0000-000000000000', '1093', 's4mnkv7ixtqt', '932e2e0c-1e57-4e53-8536-dde66922a88f', 't', '2025-08-02 02:55:19.998744+00', '2025-08-02 02:55:20.329695+00', 'k6f2nu43blp2', '931a849f-8343-4095-bfa5-0cc992f015c8'),
('00000000-0000-0000-0000-000000000000', '1094', 'u53mtuxxbta4', '932e2e0c-1e57-4e53-8536-dde66922a88f', 't', '2025-08-02 02:55:20.329988+00', '2025-08-02 02:55:20.628492+00', 's4mnkv7ixtqt', '931a849f-8343-4095-bfa5-0cc992f015c8'),
('00000000-0000-0000-0000-000000000000', '1095', '2m6jbw42dkku', '932e2e0c-1e57-4e53-8536-dde66922a88f', 't', '2025-08-02 02:55:20.628868+00', '2025-08-02 02:55:21.001781+00', 'u53mtuxxbta4', '931a849f-8343-4095-bfa5-0cc992f015c8'),
('00000000-0000-0000-0000-000000000000', '1096', 'dtpzatzzumiy', '932e2e0c-1e57-4e53-8536-dde66922a88f', 't', '2025-08-02 02:55:21.002131+00', '2025-08-02 02:55:21.312134+00', '2m6jbw42dkku', '931a849f-8343-4095-bfa5-0cc992f015c8'),
('00000000-0000-0000-0000-000000000000', '1097', '5irzahn2uy2x', '932e2e0c-1e57-4e53-8536-dde66922a88f', 't', '2025-08-02 02:55:21.312494+00', '2025-08-02 02:55:23.528001+00', 'dtpzatzzumiy', '931a849f-8343-4095-bfa5-0cc992f015c8'),
('00000000-0000-0000-0000-000000000000', '1098', 'l2nh3fgwky2q', '932e2e0c-1e57-4e53-8536-dde66922a88f', 't', '2025-08-02 02:55:23.528279+00', '2025-08-02 02:55:23.842846+00', '5irzahn2uy2x', '931a849f-8343-4095-bfa5-0cc992f015c8'),
('00000000-0000-0000-0000-000000000000', '1099', 'vooqtkf4isvj', '932e2e0c-1e57-4e53-8536-dde66922a88f', 't', '2025-08-02 02:55:23.843209+00', '2025-08-02 02:55:24.136303+00', 'l2nh3fgwky2q', '931a849f-8343-4095-bfa5-0cc992f015c8'),
('00000000-0000-0000-0000-000000000000', '1100', 'f2hnguojjul4', '932e2e0c-1e57-4e53-8536-dde66922a88f', 't', '2025-08-02 02:55:24.136583+00', '2025-08-02 02:55:24.494099+00', 'vooqtkf4isvj', '931a849f-8343-4095-bfa5-0cc992f015c8'),
('00000000-0000-0000-0000-000000000000', '1101', 'qwlwjk2fdvcl', '932e2e0c-1e57-4e53-8536-dde66922a88f', 't', '2025-08-02 02:55:24.49437+00', '2025-08-02 02:55:24.874318+00', 'f2hnguojjul4', '931a849f-8343-4095-bfa5-0cc992f015c8'),
('00000000-0000-0000-0000-000000000000', '1102', 'ccrnxv57q5ez', '932e2e0c-1e57-4e53-8536-dde66922a88f', 'f', '2025-08-02 02:55:24.874587+00', '2025-08-02 02:55:24.874587+00', 'qwlwjk2fdvcl', '931a849f-8343-4095-bfa5-0cc992f015c8'),
('00000000-0000-0000-0000-000000000000', '1690', 'tj3j5w5vlzym', '4541e8fa-878f-4df5-88bd-63be40b85324', 't', '2025-09-27 12:01:06.042182+00', '2025-09-27 17:16:58.059446+00', NULL, 'b78d011d-4649-42b8-b01b-b73c785ee95f'),
('00000000-0000-0000-0000-000000000000', '1691', 'r5adr3kkcav6', '4541e8fa-878f-4df5-88bd-63be40b85324', 't', '2025-09-27 17:16:58.079279+00', '2025-09-27 20:27:34.013226+00', 'tj3j5w5vlzym', 'b78d011d-4649-42b8-b01b-b73c785ee95f'),
('00000000-0000-0000-0000-000000000000', '1550', 'ohdrot76ysdw', 'd9fb0c68-5a11-4767-8ed7-093fbdb90df9', 'f', '2025-08-22 14:11:22.600509+00', '2025-08-22 14:11:22.600509+00', NULL, 'bd613ff5-0e7b-413a-926a-7c028fd6650c'),
('00000000-0000-0000-0000-000000000000', '1692', 'dnoxng6ba7k7', '4541e8fa-878f-4df5-88bd-63be40b85324', 't', '2025-09-27 20:27:34.020036+00', '2025-09-29 17:17:14.197591+00', 'r5adr3kkcav6', 'b78d011d-4649-42b8-b01b-b73c785ee95f'),
('00000000-0000-0000-0000-000000000000', '1693', 'j7p327a6qq27', '4541e8fa-878f-4df5-88bd-63be40b85324', 't', '2025-09-29 17:17:14.219511+00', '2025-09-29 19:57:19.605937+00', 'dnoxng6ba7k7', 'b78d011d-4649-42b8-b01b-b73c785ee95f'),
('00000000-0000-0000-0000-000000000000', '1694', 'hh3zuzlfbzx7', '4541e8fa-878f-4df5-88bd-63be40b85324', 't', '2025-09-29 19:57:19.608509+00', '2025-09-29 21:51:40.205366+00', 'j7p327a6qq27', 'b78d011d-4649-42b8-b01b-b73c785ee95f'),
('00000000-0000-0000-0000-000000000000', '1343', 'al62tu743tas', 'bb4b6558-c9e1-45fd-9dfa-cf4e5a4ebae6', 't', '2025-08-03 20:01:58.71765+00', '2025-08-03 20:01:59.327602+00', NULL, 'e6d2d69b-9bac-465e-bfcd-7962b285297e'),
('00000000-0000-0000-0000-000000000000', '1344', '5gbxblfoinzw', 'bb4b6558-c9e1-45fd-9dfa-cf4e5a4ebae6', 't', '2025-08-03 20:01:59.327865+00', '2025-08-03 20:01:59.640529+00', 'al62tu743tas', 'e6d2d69b-9bac-465e-bfcd-7962b285297e'),
('00000000-0000-0000-0000-000000000000', '1345', 'zizp32q6hgj2', 'bb4b6558-c9e1-45fd-9dfa-cf4e5a4ebae6', 't', '2025-08-03 20:01:59.64081+00', '2025-08-03 20:01:59.929112+00', '5gbxblfoinzw', 'e6d2d69b-9bac-465e-bfcd-7962b285297e'),
('00000000-0000-0000-0000-000000000000', '1346', 'ozoxc5zlatch', 'bb4b6558-c9e1-45fd-9dfa-cf4e5a4ebae6', 't', '2025-08-03 20:01:59.930474+00', '2025-08-03 20:02:00.282054+00', 'zizp32q6hgj2', 'e6d2d69b-9bac-465e-bfcd-7962b285297e'),
('00000000-0000-0000-0000-000000000000', '1347', 'jl4dcyljs37o', 'bb4b6558-c9e1-45fd-9dfa-cf4e5a4ebae6', 't', '2025-08-03 20:02:00.28231+00', '2025-08-03 20:02:00.601879+00', 'ozoxc5zlatch', 'e6d2d69b-9bac-465e-bfcd-7962b285297e'),
('00000000-0000-0000-0000-000000000000', '1348', '67vilz5udnb6', 'bb4b6558-c9e1-45fd-9dfa-cf4e5a4ebae6', 't', '2025-08-03 20:02:00.602229+00', '2025-08-03 20:02:00.892147+00', 'jl4dcyljs37o', 'e6d2d69b-9bac-465e-bfcd-7962b285297e'),
('00000000-0000-0000-0000-000000000000', '1349', '5g3nvxwpv2vj', 'bb4b6558-c9e1-45fd-9dfa-cf4e5a4ebae6', 't', '2025-08-03 20:02:00.892445+00', '2025-08-03 20:02:01.184554+00', '67vilz5udnb6', 'e6d2d69b-9bac-465e-bfcd-7962b285297e'),
('00000000-0000-0000-0000-000000000000', '1350', '7vienkq45fck', 'bb4b6558-c9e1-45fd-9dfa-cf4e5a4ebae6', 't', '2025-08-03 20:02:01.185526+00', '2025-08-03 20:02:01.499794+00', '5g3nvxwpv2vj', 'e6d2d69b-9bac-465e-bfcd-7962b285297e'),
('00000000-0000-0000-0000-000000000000', '1351', 'rdwnpzkkhmfg', 'bb4b6558-c9e1-45fd-9dfa-cf4e5a4ebae6', 't', '2025-08-03 20:02:01.500084+00', '2025-08-03 20:02:01.797855+00', '7vienkq45fck', 'e6d2d69b-9bac-465e-bfcd-7962b285297e'),
('00000000-0000-0000-0000-000000000000', '1352', 'zmzp2yc4nsbj', 'bb4b6558-c9e1-45fd-9dfa-cf4e5a4ebae6', 't', '2025-08-03 20:02:01.798133+00', '2025-08-03 20:02:02.133495+00', 'rdwnpzkkhmfg', 'e6d2d69b-9bac-465e-bfcd-7962b285297e'),
('00000000-0000-0000-0000-000000000000', '1353', 'lorjbxa27edh', 'bb4b6558-c9e1-45fd-9dfa-cf4e5a4ebae6', 't', '2025-08-03 20:02:02.133802+00', '2025-08-03 20:02:02.495659+00', 'zmzp2yc4nsbj', 'e6d2d69b-9bac-465e-bfcd-7962b285297e'),
('00000000-0000-0000-0000-000000000000', '1354', 'pjcf3tnzw6hq', 'bb4b6558-c9e1-45fd-9dfa-cf4e5a4ebae6', 't', '2025-08-03 20:02:02.495974+00', '2025-08-03 20:02:02.888265+00', 'lorjbxa27edh', 'e6d2d69b-9bac-465e-bfcd-7962b285297e'),
('00000000-0000-0000-0000-000000000000', '1355', 'g2vrs37bwenf', 'bb4b6558-c9e1-45fd-9dfa-cf4e5a4ebae6', 't', '2025-08-03 20:02:02.88856+00', '2025-08-03 20:02:03.461296+00', 'pjcf3tnzw6hq', 'e6d2d69b-9bac-465e-bfcd-7962b285297e'),
('00000000-0000-0000-0000-000000000000', '1356', '73gml2aot4dy', 'bb4b6558-c9e1-45fd-9dfa-cf4e5a4ebae6', 't', '2025-08-03 20:02:03.461565+00', '2025-08-03 20:02:03.819873+00', 'g2vrs37bwenf', 'e6d2d69b-9bac-465e-bfcd-7962b285297e'),
('00000000-0000-0000-0000-000000000000', '1357', 'vy3kssy62vtd', 'bb4b6558-c9e1-45fd-9dfa-cf4e5a4ebae6', 't', '2025-08-03 20:02:03.820134+00', '2025-08-03 20:02:04.10917+00', '73gml2aot4dy', 'e6d2d69b-9bac-465e-bfcd-7962b285297e'),
('00000000-0000-0000-0000-000000000000', '1358', 'p3a3nj24piji', 'bb4b6558-c9e1-45fd-9dfa-cf4e5a4ebae6', 't', '2025-08-03 20:02:04.110252+00', '2025-08-03 20:02:04.475506+00', 'vy3kssy62vtd', 'e6d2d69b-9bac-465e-bfcd-7962b285297e'),
('00000000-0000-0000-0000-000000000000', '1359', 'sdogcwsqjvzw', 'bb4b6558-c9e1-45fd-9dfa-cf4e5a4ebae6', 't', '2025-08-03 20:02:04.475785+00', '2025-08-03 20:02:04.753223+00', 'p3a3nj24piji', 'e6d2d69b-9bac-465e-bfcd-7962b285297e'),
('00000000-0000-0000-0000-000000000000', '1360', 'tamf4kueu3fg', 'bb4b6558-c9e1-45fd-9dfa-cf4e5a4ebae6', 't', '2025-08-03 20:02:04.753501+00', '2025-08-03 20:02:05.083406+00', 'sdogcwsqjvzw', 'e6d2d69b-9bac-465e-bfcd-7962b285297e'),
('00000000-0000-0000-0000-000000000000', '1361', 'yefmilb2dt3l', 'bb4b6558-c9e1-45fd-9dfa-cf4e5a4ebae6', 't', '2025-08-03 20:02:05.083703+00', '2025-08-03 20:02:05.381597+00', 'tamf4kueu3fg', 'e6d2d69b-9bac-465e-bfcd-7962b285297e'),
('00000000-0000-0000-0000-000000000000', '1362', 'bp6ttm3sj3xe', 'bb4b6558-c9e1-45fd-9dfa-cf4e5a4ebae6', 't', '2025-08-03 20:02:05.381913+00', '2025-08-03 20:02:05.643002+00', 'yefmilb2dt3l', 'e6d2d69b-9bac-465e-bfcd-7962b285297e'),
('00000000-0000-0000-0000-000000000000', '1363', 'nx2im4cjhxav', 'bb4b6558-c9e1-45fd-9dfa-cf4e5a4ebae6', 't', '2025-08-03 20:02:05.643395+00', '2025-08-03 20:02:05.917243+00', 'bp6ttm3sj3xe', 'e6d2d69b-9bac-465e-bfcd-7962b285297e'),
('00000000-0000-0000-0000-000000000000', '1364', '3flzkux7rcfg', 'bb4b6558-c9e1-45fd-9dfa-cf4e5a4ebae6', 't', '2025-08-03 20:02:05.918593+00', '2025-08-03 20:02:06.284307+00', 'nx2im4cjhxav', 'e6d2d69b-9bac-465e-bfcd-7962b285297e'),
('00000000-0000-0000-0000-000000000000', '1365', 'uboljqwvr5ls', 'bb4b6558-c9e1-45fd-9dfa-cf4e5a4ebae6', 't', '2025-08-03 20:02:06.284601+00', '2025-08-03 20:02:06.56601+00', '3flzkux7rcfg', 'e6d2d69b-9bac-465e-bfcd-7962b285297e'),
('00000000-0000-0000-0000-000000000000', '1366', 'gl7tvj4khdnt', 'bb4b6558-c9e1-45fd-9dfa-cf4e5a4ebae6', 't', '2025-08-03 20:02:06.566307+00', '2025-08-03 20:02:06.836785+00', 'uboljqwvr5ls', 'e6d2d69b-9bac-465e-bfcd-7962b285297e'),
('00000000-0000-0000-0000-000000000000', '1367', 'u6i3q4awlgcj', 'bb4b6558-c9e1-45fd-9dfa-cf4e5a4ebae6', 't', '2025-08-03 20:02:06.837059+00', '2025-08-03 20:02:07.139689+00', 'gl7tvj4khdnt', 'e6d2d69b-9bac-465e-bfcd-7962b285297e'),
('00000000-0000-0000-0000-000000000000', '1368', '733lfw3a2swo', 'bb4b6558-c9e1-45fd-9dfa-cf4e5a4ebae6', 't', '2025-08-03 20:02:07.139966+00', '2025-08-03 20:02:07.44887+00', 'u6i3q4awlgcj', 'e6d2d69b-9bac-465e-bfcd-7962b285297e'),
('00000000-0000-0000-0000-000000000000', '1369', '6reuxkbm6ea2', 'bb4b6558-c9e1-45fd-9dfa-cf4e5a4ebae6', 't', '2025-08-03 20:02:07.449158+00', '2025-08-03 20:02:07.830663+00', '733lfw3a2swo', 'e6d2d69b-9bac-465e-bfcd-7962b285297e'),
('00000000-0000-0000-0000-000000000000', '1370', 'zvx7mxs73jyk', 'bb4b6558-c9e1-45fd-9dfa-cf4e5a4ebae6', 't', '2025-08-03 20:02:07.830929+00', '2025-08-03 20:02:08.154796+00', '6reuxkbm6ea2', 'e6d2d69b-9bac-465e-bfcd-7962b285297e'),
('00000000-0000-0000-0000-000000000000', '1695', 'eztcy2dtcjzp', '4541e8fa-878f-4df5-88bd-63be40b85324', 't', '2025-09-29 21:51:40.216161+00', '2025-10-02 22:41:34.342253+00', 'hh3zuzlfbzx7', 'b78d011d-4649-42b8-b01b-b73c785ee95f'),
('00000000-0000-0000-0000-000000000000', '1371', 'qlgyzwpxusfd', 'bb4b6558-c9e1-45fd-9dfa-cf4e5a4ebae6', 't', '2025-08-03 20:02:08.155065+00', '2025-08-03 20:02:08.514435+00', 'zvx7mxs73jyk', 'e6d2d69b-9bac-465e-bfcd-7962b285297e'),
('00000000-0000-0000-0000-000000000000', '1372', 'hojzqbpefe23', 'bb4b6558-c9e1-45fd-9dfa-cf4e5a4ebae6', 't', '2025-08-03 20:02:08.514752+00', '2025-08-03 20:02:08.842652+00', 'qlgyzwpxusfd', 'e6d2d69b-9bac-465e-bfcd-7962b285297e'),
('00000000-0000-0000-0000-000000000000', '1373', 'jp4qnnxvhpqr', 'bb4b6558-c9e1-45fd-9dfa-cf4e5a4ebae6', 't', '2025-08-03 20:02:08.842904+00', '2025-08-03 20:02:09.141229+00', 'hojzqbpefe23', 'e6d2d69b-9bac-465e-bfcd-7962b285297e'),
('00000000-0000-0000-0000-000000000000', '1374', 'xcpbkegcnxqj', 'bb4b6558-c9e1-45fd-9dfa-cf4e5a4ebae6', 't', '2025-08-03 20:02:09.141516+00', '2025-08-03 20:02:09.429288+00', 'jp4qnnxvhpqr', 'e6d2d69b-9bac-465e-bfcd-7962b285297e'),
('00000000-0000-0000-0000-000000000000', '1375', 'i5ejsx3dfidx', 'bb4b6558-c9e1-45fd-9dfa-cf4e5a4ebae6', 't', '2025-08-03 20:02:09.429583+00', '2025-08-03 20:02:09.804449+00', 'xcpbkegcnxqj', 'e6d2d69b-9bac-465e-bfcd-7962b285297e'),
('00000000-0000-0000-0000-000000000000', '1376', 'xyrpijuw3wni', 'bb4b6558-c9e1-45fd-9dfa-cf4e5a4ebae6', 't', '2025-08-03 20:02:09.805429+00', '2025-08-03 20:02:10.114678+00', 'i5ejsx3dfidx', 'e6d2d69b-9bac-465e-bfcd-7962b285297e'),
('00000000-0000-0000-0000-000000000000', '1377', 'toyifyabdylz', 'bb4b6558-c9e1-45fd-9dfa-cf4e5a4ebae6', 'f', '2025-08-03 20:02:10.114988+00', '2025-08-03 20:02:10.114988+00', 'xyrpijuw3wni', 'e6d2d69b-9bac-465e-bfcd-7962b285297e'),
('00000000-0000-0000-0000-000000000000', '1696', 'vlr5yvctycas', 'bfa2ad5a-146f-4865-a581-cae4da9bdc3a', 't', '2025-10-01 19:17:42.724818+00', '2025-10-01 20:15:46.924166+00', '6qu4dqj5qeyh', '55c5b9bd-a1a0-444f-9463-ce008e20754b'),
('00000000-0000-0000-0000-000000000000', '1428', 'qb4zl7gglqcy', '53513baa-9567-4d54-812a-b708f2378f9f', 't', '2025-08-05 11:14:40.18523+00', '2025-08-05 11:14:40.610604+00', NULL, 'c0814f2a-13c4-40ac-8f4a-f1f68e757e5d'),
('00000000-0000-0000-0000-000000000000', '1429', 'gzeg4xywutvh', '53513baa-9567-4d54-812a-b708f2378f9f', 't', '2025-08-05 11:14:40.611203+00', '2025-08-05 11:25:35.280732+00', 'qb4zl7gglqcy', 'c0814f2a-13c4-40ac-8f4a-f1f68e757e5d'),
('00000000-0000-0000-0000-000000000000', '1430', 'wbxdknlzylzm', '53513baa-9567-4d54-812a-b708f2378f9f', 't', '2025-08-05 11:25:35.284099+00', '2025-08-05 11:47:22.762401+00', 'gzeg4xywutvh', 'c0814f2a-13c4-40ac-8f4a-f1f68e757e5d'),
('00000000-0000-0000-0000-000000000000', '1431', 'apggtqjyzqj6', '53513baa-9567-4d54-812a-b708f2378f9f', 'f', '2025-08-05 11:47:22.767527+00', '2025-08-05 11:47:22.767527+00', 'wbxdknlzylzm', 'c0814f2a-13c4-40ac-8f4a-f1f68e757e5d'),
('00000000-0000-0000-0000-000000000000', '1454', 'nd6pwqj5xdwt', '97e606fc-0bcc-431a-ab36-eeb485069423', 'f', '2025-08-06 13:22:17.141884+00', '2025-08-06 13:22:17.141884+00', NULL, '612eea9d-d70a-4bcb-a474-875a459df603'),
('00000000-0000-0000-0000-000000000000', '1456', '2kwq2ale6bzr', 'd9feb454-3896-4eef-92c9-fe41dc0d8899', 'f', '2025-08-06 23:57:39.747421+00', '2025-08-06 23:57:39.747421+00', NULL, 'd33759a8-4c70-47d6-859f-dfbb51c5ddd9');





INSERT INTO public.additives (id, name_ar, name_en, price_per_250g, is_active, created_at, stock_grams, cost_per_250g) VALUES
('09120d65-bec9-4e61-af95-5e41afbc986f', 'قرنفل', 'Cloves', '10', 't', '2025-07-12 02:14:11.563237+00', '0', '0'),
('f3a22910-044d-4801-8cb7-7a162f0b7637', 'مستكة', 'Mastic', '25', 't', '2025-07-12 02:14:11.563237+00', '0', '0'),
('99d858c7-03f0-4a67-baa0-c98277f7b69f', 'ورد', 'Rose Petals', '10', 't', '2025-07-12 02:14:11.563237+00', '0', '0'),
('b490ac38-50b8-4355-a80d-1162587155c7', 'ورق لورا', 'Bay Leaf', '10', 't', '2025-07-12 02:14:11.563237+00', '0', '0'),
('11dba0e0-d2ce-4349-994f-4e36649cdafe', 'جوزة الطيب', 'Nutmeg', '15', 't', '2025-07-12 02:14:11.563237+00', '0', '10'),
('5b5dcf2b-6c9a-4271-8ea8-7b3056673740', 'جينسنج', 'Ginseng', '50', 't', '2025-07-12 02:14:11.563237+00', '0', '40'),
('e3fb1025-763c-4f6c-ac37-4585acd6f916', 'حبهان', 'Cardamom', '15', 't', '2025-07-12 02:14:11.563237+00', '0', '10'),
('6de259b4-5276-42a7-b262-31f7b0c689c4', 'زنجبيل', 'Ginger', '15', 't', '2025-07-12 02:14:11.563237+00', '0', '10'),
('06e5064e-4a59-4eb0-ad46-0ba6d879ec25', 'قرفة', 'Cinnamon', '10', 't', '2025-07-12 02:14:11.563237+00', '0', '5');



INSERT INTO public.blend_compositions (id, blend_code, coffee_type_code, percentage) VALUES
('5543', 'V01', 'brazilian', '70'),
('5544', 'V01', 'colombian', '30'),
('5545', 'V02', 'kenya', '100'),
('5546', 'V03', 'ethiopian_harrar', '85'),
('5547', 'V03', 'ethiopian_lekemti', '15'),
('5548', 'V04', 'costa_rican', '80'),
('5549', 'V04', 'peru', '20'),
('5550', 'V05', 'yemeni', '100'),
('5551', 'V06', 'colombian', '100'),
('5552', 'V07', 'guatemala', '100'),
('5553', 'V08', 'brazilian', '100'),
('5554', 'V09', 'peru', '100'),
('5555', 'V10', 'indian_mysore', '80'),
('5556', 'V10', 'indonesian', '20'),
('5557', 'V11', 'vietnamese', '60'),
('5558', 'V11', 'brazilian', '40'),
('5559', 'V12', 'ethiopian_harrar', '50'),
('5560', 'V12', 'ethiopian_lekemti', '50'),
('5561', 'V13', 'kenya', '70'),
('5562', 'V13', 'indian_robusta', '30'),
('5563', 'V14', 'brazilian', '60'),
('5564', 'V14', 'costa_rican', '40'),
('5565', 'V15', 'ethiopian_lekemti', '100'),
('5566', 'V16', 'indian_arabica', '70'),
('5567', 'V16', 'indian_robusta', '30'),
('5568', 'V17', 'brazilian', '80'),
('5569', 'V17', 'colombian', '20'),
('5570', 'V18', 'colombian', '100'),
('5571', 'V19', 'peru', '50'),
('5572', 'V19', 'guatemala', '50'),
('5573', 'V20', 'kenya', '90'),
('5574', 'V20', 'kenya', '10'),
('5575', 'V21', 'peru', '100'),
('5576', 'V22', 'colombian', '60'),
('5577', 'V22', 'ethiopian_harrar', '40'),
('5578', 'KW01', 'guatemala', '100'),
('5579', 'KW02', 'brazilian', '100'),
('5580', 'KW03', 'ethiopian_harrar', '100'),
('5581', 'KW04', 'costa_rican', '100'),
('5582', 'KW05', 'yemeni', '100'),
('5583', 'KW06', 'kenya', '100'),
('5584', 'KW07', 'peru', '100'),
('5585', 'KW08', 'indian_mysore', '70'),
('5586', 'KW08', 'indonesian', '30'),
('5587', 'KW09', 'vietnamese', '80'),
('5588', 'KW09', 'brazilian', '20'),
('5589', 'KW10', 'ugandan', '60'),
('5590', 'KW10', 'colombian', '40'),
('5591', 'KW11', 'colombian', '100'),
('5592', 'KW12', 'brazilian', '60'),
('5593', 'KW12', 'costa_rican', '40'),
('5594', 'KW13', 'ethiopian_lekemti', '100'),
('5595', 'KW14', 'indian_arabica', '85'),
('5596', 'KW14', 'indian_robusta', '15'),
('5597', 'KW15', 'peru', '50'),
('5598', 'KW15', 'guatemala', '50'),
('5599', 'KW16', 'brazilian_robusta', '60'),
('5600', 'KW16', 'vietnamese', '40'),
('5601', 'KW17', 'colombian', '100'),
('5602', 'KW18', 'colombian', '40'),
('5603', 'KW18', 'yemeni', '40'),
('5604', 'KW18', 'brazilian', '20'),
('5605', 'KW19', 'kenya', '30'),
('5606', 'KW19', 'ethiopian_harrar', '40'),
('5607', 'KW19', 'kenya', '30'),
('5608', 'KW20', 'costa_rican', '50'),
('5609', 'KW20', 'peru', '30'),
('5610', 'KW20', 'guatemala', '20'),
('5611', 'KW21', 'kenya', '100'),
('5612', 'KW22', 'colombian', '100'),
('5613', 'CM01', 'ethiopian_harrar', '100'),
('5614', 'CM02', 'kenya', '100'),
('5615', 'CM03', 'colombian', '70'),
('5616', 'CM03', 'brazilian', '30'),
('5617', 'CM04', 'costa_rican', '100'),
('5618', 'CM05', 'yemeni', '100'),
('5619', 'CM06', 'guatemala', '100'),
('5620', 'CM07', 'peru', '100'),
('5621', 'CM08', 'indian_mysore', '60'),
('5622', 'CM08', 'indonesian', '40'),
('5623', 'CM09', 'vietnamese', '80'),
('5624', 'CM09', 'brazilian', '20'),
('5625', 'CM10', 'ethiopian_lekemti', '50'),
('5626', 'CM10', 'ethiopian_lekemti', '50'),
('5627', 'CM11', 'brazilian', '100'),
('5628', 'CM12', 'brazilian', '70'),
('5629', 'CM12', 'costa_rican', '30'),
('5630', 'CM13', 'ugandan', '100'),
('5631', 'CM14', 'colombian', '100'),
('5632', 'CM15', 'ethiopian_lekemti', '100'),
('5633', 'CM16', 'indian_arabica', '80'),
('5634', 'CM16', 'indian_robusta', '20'),
('5635', 'CM17', 'peru', '60'),
('5636', 'CM17', 'guatemala', '40'),
('5637', 'CM18', 'brazilian_robusta', '50'),
('5638', 'CM18', 'vietnamese', '50'),
('5639', 'CM19', 'ethiopian_harrar', '100'),
('5640', 'CM20', 'colombian', '50'),
('5641', 'CM20', 'kenya', '30'),
('5642', 'CM20', 'kenya', '20'),
('5643', 'CM21', 'guatemala', '100'),
('5644', 'CM22', 'yemeni', '100'),
('5645', 'AP01', 'ethiopian_harrar', '100'),
('5646', 'AP-SIG-01', 'ethiopian_lekemti', '60'),
('5647', 'AP-SIG-01', 'ethiopian_lekemti', '40'),
('5648', 'AP02', 'brazilian', '60'),
('5649', 'AP02', 'colombian', '40'),
('5650', 'AP-SIG-02', 'costa_rican', '50'),
('5651', 'AP-SIG-02', 'colombian', '30'),
('5652', 'AP-SIG-02', 'guatemala', '20'),
('5653', 'AP03', 'costa_rican', '100'),
('5654', 'AP04', 'yemeni', '100'),
('5655', 'AP05', 'kenya', '100'),
('5656', 'AP06', 'guatemala', '100'),
('5657', 'AP07', 'brazilian', '100'),
('5658', 'AP08', 'peru', '100'),
('5659', 'AP09', 'indian_mysore', '70'),
('5660', 'AP09', 'indonesian', '30'),
('5661', 'AP10', 'vietnamese', '65'),
('5662', 'AP10', 'brazilian', '35'),
('5663', 'AP11', 'ethiopian_lekemti', '45'),
('5664', 'AP11', 'ethiopian_lekemti', '55'),
('5665', 'AP12', 'colombian', '90'),
('5666', 'AP12', 'peru', '10'),
('5667', 'AP13', 'brazilian', '40'),
('5668', 'AP13', 'costa_rican', '60'),
('5669', 'AP14', 'indian_arabica', '75'),
('5670', 'AP14', 'indian_robusta', '25'),
('5671', 'AP15', 'peru', '55'),
('5672', 'AP15', 'guatemala', '45'),
('5673', 'AP16', 'brazilian_robusta', '90'),
('5674', 'AP16', 'yemeni', '10'),
('5675', 'AP17', 'kenya', '40'),
('5676', 'AP17', 'kenya', '30'),
('5677', 'AP17', 'ethiopian_harrar', '30'),
('5678', 'AP18', 'ethiopian_lekemti', '100'),
('5679', 'AP19', 'indonesian', '60'),
('5680', 'AP19', 'indian_mysore', '40'),
('5681', 'AP20', 'yemeni', '40'),
('5682', 'AP20', 'ethiopian_harrar', '30'),
('5683', 'AP20', 'colombian', '30'),
('5689', 'FP02', 'colombian', '60'),
('5690', 'FP02', 'ugandan', '40'),
('5699', 'FP07', 'kenya', '100'),
('5723', 'CB01', 'ethiopian_harrar', '100'),
('5724', 'CB-SIG-01', 'colombian', '80'),
('5725', 'CB-SIG-01', 'yemeni', '20'),
('5726', 'CB02', 'kenya', '100'),
('5727', 'CB-SIG-02', 'ethiopian_lekemti', '80'),
('5728', 'CB-SIG-02', 'ethiopian_lekemti', '20'),
('5729', 'CB03', 'colombian', '70'),
('5730', 'CB03', 'brazilian', '30'),
('5731', 'CB04', 'costa_rican', '100'),
('5732', 'CB05', 'yemeni', '100'),
('5734', 'CB07', 'peru', '100'),
('5735', 'CB08', 'indian_mysore', '60'),
('5736', 'CB08', 'indonesian', '40'),
('5737', 'CB09', 'vietnamese', '80'),
('5738', 'CB09', 'brazilian', '20'),
('5741', 'CB11', 'brazilian', '90'),
('5742', 'CB11', 'colombian', '10'),
('5743', 'CB12', 'brazilian', '70'),
('5744', 'CB12', 'costa_rican', '30'),
('5745', 'CB13', 'ugandan', '100'),
('5746', 'CB14', 'colombian', '100'),
('5747', 'CB15', 'ethiopian_lekemti', '100'),
('5748', 'CB16', 'indian_arabica', '80'),
('5749', 'CB16', 'indian_robusta', '20'),
('5750', 'CB17', 'peru', '55'),
('5751', 'CB17', 'guatemala', '45'),
('5752', 'CB18', 'brazilian_robusta', '55'),
('5753', 'CB18', 'vietnamese', '45'),
('5754', 'CB19', 'ethiopian_harrar', '90'),
('5755', 'CB19', 'colombian', '10'),
('5759', 'B-001', 'indonesian', '100'),
('5760', 'B-002', 'vietnamese', '40'),
('5761', 'B-002', 'indian_robusta', '40'),
('5762', 'B-002', 'colombian', '20'),
('5763', 'B-003', 'brazilian_robusta', '70'),
('5764', 'B-003', 'ugandan', '30'),
('5765', 'B-004', 'indian_robusta', '60'),
('5766', 'B-004', 'indonesian', '40'),
('5767', 'B-005', 'indonesian', '70'),
('5768', 'B-005', 'indian_mysore', '30'),
('5769', 'B-006', 'vietnamese', '60'),
('5770', 'B-006', 'ugandan', '40'),
('5771', 'B-007', 'indian_robusta', '80'),
('5772', 'B-007', 'colombian', '20'),
('5773', 'B-008', 'indonesian', '100'),
('5774', 'B-009', 'ethiopian_harrar', '60'),
('5775', 'B-009', 'ethiopian_harrar', '40'),
('5776', 'B-010', 'indian_robusta', '80'),
('5777', 'B-010', 'brazilian_robusta', '20'),
('5778', 'B-011', 'kenya', '60'),
('5779', 'B-011', 'kenya', '40'),
('5780', 'B-012', 'brazilian', '100'),
('5781', 'B-013', 'kenya', '60'),
('5782', 'B-013', 'kenya', '40'),
('5783', 'B-014', 'brazilian_robusta', '50'),
('5784', 'B-014', 'ugandan', '30');

INSERT INTO public.blend_compositions (id, blend_code, coffee_type_code, percentage) VALUES
('5785', 'B-014', 'indonesian', '20'),
('5786', 'B-015', 'ethiopian_lekemti', '60'),
('5787', 'B-015', 'ethiopian_lekemti', '40'),
('5788', 'B-016', 'brazilian_robusta', '80'),
('5789', 'B-016', 'indian_robusta', '20'),
('5792', 'B-018', 'ethiopian_lekemti', '60'),
('5793', 'B-018', 'ethiopian_lekemti', '40'),
('5794', 'B-019', 'indian_mysore', '70'),
('5795', 'B-019', 'indian_arabica', '30'),
('5796', 'B-020', 'ugandan', '100'),
('5797', 'B-021', 'brazilian', '100'),
('5798', 'B-022', 'peru', '100'),
('5801', 'CS-002', 'colombian', '60'),
('5802', 'CS-002', 'costa_rican', '40'),
('5803', 'CS-003', 'ethiopian_lekemti', '40'),
('5804', 'CS-003', 'colombian', '60'),
('5813', 'CS-008', 'ethiopian_harrar', '40'),
('5814', 'CS-008', 'colombian', '40'),
('5815', 'CS-008', 'peru', '20'),
('5816', 'CS-009', 'colombian', '100'),
('5818', 'CS-011', 'costa_rican', '70'),
('5819', 'CS-011', 'colombian', '30'),
('5820', 'CS-012', 'ethiopian_lekemti', '60'),
('5821', 'CS-012', 'ethiopian_lekemti', '40'),
('5822', 'CS-013', 'indian_arabica', '60'),
('5823', 'CS-013', 'peru', '40'),
('5826', 'CS-015', 'vietnamese', '50'),
('5827', 'CS-015', 'indonesian', '50'),
('5832', 'CS-018', 'kenya', '70'),
('5833', 'CS-018', 'kenya', '30'),
('5834', 'CS-019', 'peru', '60'),
('5835', 'CS-019', 'costa_rican', '40'),
('5836', 'CS-020', 'indian_mysore', '50'),
('5837', 'CS-020', 'ethiopian_lekemti', '50'),
('5839', 'CS-022', 'colombian', '100'),
('5840', 'HS-001', 'brazilian', '50'),
('5841', 'HS-001', 'ugandan', '50'),
('5842', 'HS-002', 'brazilian', '50'),
('5843', 'HS-002', 'kenya', '50'),
('5845', 'HS-004', 'colombian', '70'),
('5846', 'HS-004', 'brazilian', '30'),
('5847', 'HS-005', 'brazilian', '70'),
('5848', 'HS-005', 'ugandan', '30'),
('5849', 'HS-006', 'ethiopian_harrar', '40'),
('5850', 'HS-006', 'kenya', '30'),
('5851', 'HS-006', 'kenya', '30'),
('5852', 'HS-007', 'indonesian', '50'),
('5853', 'HS-007', 'brazilian', '50'),
('5854', 'HS-008', 'brazilian', '30'),
('5855', 'HS-008', 'kenya', '40'),
('5856', 'HS-008', 'ethiopian_harrar', '30'),
('5857', 'HS-009', 'kenya', '50'),
('5858', 'HS-009', 'kenya', '50'),
('5861', 'HS-011', 'brazilian', '70'),
('5862', 'HS-011', 'costa_rican', '30'),
('5863', 'HS-012', 'peru', '50'),
('5864', 'HS-012', 'indonesian', '50'),
('5865', 'HS-013', 'vietnamese', '60'),
('5866', 'HS-013', 'indian_robusta', '40'),
('5867', 'HS-014', 'indian_mysore', '60'),
('5868', 'HS-014', 'yemeni', '40'),
('5869', 'HS-015', 'ethiopian_harrar', '50'),
('5870', 'HS-015', 'colombian', '50'),
('5871', 'HS-016', 'ethiopian_lekemti', '60'),
('5872', 'HS-016', 'ethiopian_lekemti', '40'),
('5873', 'HS-017', 'costa_rican', '60'),
('5874', 'HS-017', 'peru', '40'),
('5875', 'HS-018', 'brazilian', '50'),
('5876', 'HS-018', 'colombian', '50'),
('5877', 'HS-019', 'kenya', '40'),
('5878', 'HS-019', 'kenya', '60'),
('5879', 'HS-020', 'kenya', '70'),
('5880', 'HS-020', 'kenya', '30'),
('5881', 'HS-021', 'kenya', '100'),
('5882', 'HS-022', 'costa_rican', '100'),
('5883', 'ESP-01', 'brazilian', '40'),
('5884', 'ESP-01', 'colombian', '30'),
('5885', 'ESP-01', 'indian_arabica', '30'),
('5886', 'ESP-02', 'brazilian', '50'),
('5887', 'ESP-02', 'yemeni', '20'),
('5888', 'ESP-02', 'yemeni', '30'),
('5889', 'ESP-03', 'guatemala', '60'),
('5890', 'ESP-03', 'peru', '20'),
('5891', 'ESP-03', 'ugandan', '20'),
('5892', 'ESP-04', 'ethiopian_harrar', '70'),
('5893', 'ESP-04', 'ethiopian_harrar', '30'),
('5894', 'ESP-05', 'colombian', '40'),
('5895', 'ESP-05', 'peru', '40'),
('5896', 'ESP-05', 'indian_arabica', '20'),
('5897', 'ESP-06', 'ethiopian_lekemti', '60'),
('5898', 'ESP-06', 'ethiopian_lekemti', '40'),
('5899', 'ESP-07', 'indian_mysore', '60'),
('5900', 'ESP-07', 'indonesian', '40'),
('5901', 'ESP-08', 'guatemala', '70'),
('5902', 'ESP-08', 'brazilian', '30'),
('5903', 'ESP-09', 'ethiopian_harrar', '75'),
('5904', 'ESP-09', 'ethiopian_harrar', '25'),
('5908', 'ESP-11', 'indian_arabica', '35'),
('5909', 'ESP-11', 'brazilian', '45'),
('5910', 'ESP-11', 'ugandan', '20'),
('5911', 'ESP-12', 'yemeni', '45'),
('5912', 'ESP-12', 'yemeni', '35'),
('5913', 'ESP-12', 'yemeni', '20'),
('5920', 'ESP-15', 'brazilian', '65'),
('5921', 'ESP-15', 'kenya', '20'),
('5922', 'ESP-15', 'kenya', '15'),
('5924', 'ESP-17', 'ethiopian_lekemti', '70'),
('5925', 'ESP-17', 'ethiopian_harrar', '30'),
('5926', 'ESP-18', 'brazilian', '75'),
('5927', 'ESP-18', 'brazilian', '25'),
('5928', 'ESP-19', 'yemeni', '60'),
('5929', 'ESP-19', 'indian_mysore', '40'),
('5930', 'ESP-20', 'guatemala', '100'),
('5934', 'ESP-22', 'brazilian', '50'),
('5935', 'ESP-22', 'vietnamese', '50'),
('5936', 'ESP-23', 'colombian', '100'),
('5937', 'ESP-24', 'ethiopian_harrar', '45'),
('5938', 'ESP-24', 'kenya', '35'),
('5939', 'ESP-24', 'kenya', '20'),
('5940', 'ESP-25', 'indian_mysore', '75'),
('5941', 'ESP-25', 'indonesian', '25'),
('5949', 'ESP-29', 'indian_arabica', '60'),
('5950', 'ESP-29', 'indian_mysore', '40'),
('5953', 'ESP-31', 'kenya', '60'),
('5954', 'ESP-31', 'kenya', '40'),
('5955', 'ESP-32', 'brazilian', '60'),
('5956', 'ESP-32', 'colombian', '40'),
('5957', 'ESP-33', 'guatemala', '50'),
('5958', 'ESP-33', 'ethiopian_harrar', '50'),
('5959', 'ESP-34', 'brazilian', '70'),
('5960', 'ESP-34', 'indian_arabica', '30'),
('5961', 'ESP-35', 'colombian', '40'),
('5962', 'ESP-35', 'kenya', '30'),
('5963', 'ESP-35', 'kenya', '30'),
('5964', 'ESP-36', 'yemeni', '60'),
('5965', 'ESP-36', 'ethiopian_harrar', '20'),
('5966', 'ESP-36', 'indian_arabica', '20'),
('5967', 'ESP-37', 'costa_rican', '55'),
('5968', 'ESP-37', 'peru', '45'),
('5969', 'ESP-38', 'kenya', '100'),
('5970', 'ESP-39', 'brazilian', '85'),
('5971', 'ESP-39', 'vietnamese', '15'),
('5972', 'ESP-40', 'ethiopian_harrar', '70'),
('5973', 'ESP-40', 'ethiopian_harrar', '30'),
('5974', 'ESP-41', 'indian_mysore', '50'),
('5975', 'ESP-41', 'indian_arabica', '50'),
('5976', 'ESP-42', 'colombian', '50'),
('5977', 'ESP-42', 'peru', '30'),
('5978', 'ESP-42', 'guatemala', '20'),
('5982', 'ESP-44', 'kenya', '50'),
('5983', 'ESP-44', 'ethiopian_harrar', '30'),
('5984', 'ESP-44', 'kenya', '20'),
('5987', 'ESP-46', 'yemeni', '50'),
('5988', 'ESP-46', 'ethiopian_harrar', '50'),
('5989', 'ESP-47', 'guatemala', '60'),
('5990', 'ESP-47', 'kenya', '40'),
('5994', 'ESP-49', 'colombian', '40'),
('5995', 'ESP-49', 'kenya', '40'),
('5996', 'ESP-49', 'ethiopian_harrar', '20'),
('6000', 'TRK-001', 'brazilian', '50'),
('6001', 'TRK-001', 'yemeni', '30'),
('6002', 'TRK-001', 'yemeni', '20'),
('6003', 'TRB-001', 'brazilian', '50'),
('6004', 'TRB-001', 'colombian', '30'),
('6005', 'TRB-001', 'peru', '15'),
('6006', 'TRB-001', 'ethiopian_harrar', '5'),
('6007', 'TRK-002', 'colombian', '60'),
('6008', 'TRK-002', 'ethiopian_harrar', '25'),
('6009', 'TRK-002', 'brazilian', '10'),
('6010', 'TRK-002', 'yemeni', '5'),
('6011', 'TRB-002', 'guatemala', '50'),
('6012', 'TRB-002', 'indian_arabica', '25'),
('6013', 'TRB-002', 'brazilian', '20'),
('6014', 'TRB-002', 'kenya', '5'),
('6015', 'TRK-003', 'guatemala', '70'),
('6016', 'TRK-003', 'indian_mysore', '30'),
('6017', 'TRB-003', 'colombian', '40'),
('6018', 'TRB-003', 'yemeni', '35'),
('6019', 'TRB-003', 'guatemala', '20'),
('6020', 'TRB-003', 'yemeni', '5'),
('6021', 'TRB-004', 'brazilian', '35'),
('6022', 'TRB-004', 'colombian', '20'),
('6023', 'TRB-004', 'guatemala', '20'),
('6024', 'TRB-004', 'indian_arabica', '10'),
('6025', 'TRB-004', 'peru', '15'),
('6026', 'TRB-007', 'brazilian', '25'),
('6027', 'TRB-007', 'colombian', '30'),
('6028', 'TRB-007', 'indian_arabica', '15'),
('6029', 'TRB-007', 'peru', '20'),
('6030', 'TRB-007', 'ethiopian_harrar', '10'),
('6031', 'TRB-012', 'ethiopian_harrar', '30'),
('6032', 'TRB-012', 'brazilian', '40'),
('6033', 'TRB-012', 'indian_arabica', '15'),
('6034', 'TRB-012', 'kenya', '15'),
('6035', 'TRB-014', 'peru', '35'),
('6036', 'TRB-014', 'guatemala', '40'),
('6037', 'TRB-014', 'colombian', '20'),
('6038', 'TRB-014', 'vietnamese', '5'),
('6039', 'TRB-025', 'ethiopian_harrar', '45'),
('6040', 'TRB-025', 'yemeni', '30');

INSERT INTO public.blend_compositions (id, blend_code, coffee_type_code, percentage) VALUES
('6041', 'TRB-025', 'yemeni', '20'),
('6042', 'TRB-025', 'yemeni', '5'),
('6043', 'TRB-026', 'kenya', '30'),
('6044', 'TRB-026', 'guatemala', '40'),
('6045', 'TRB-026', 'kenya', '20'),
('6046', 'TRB-026', 'brazilian', '10'),
('6047', 'TRB-028', 'kenya', '40'),
('6048', 'TRB-028', 'brazilian', '30'),
('6049', 'TRB-028', 'colombian', '25'),
('6050', 'TRB-028', 'kenya', '5'),
('6051', 'TRB-029', 'colombian', '40'),
('6052', 'TRB-029', 'peru', '40'),
('6053', 'TRB-029', 'guatemala', '20'),
('6054', 'TRB-030', 'ethiopian_harrar', '35'),
('6055', 'TRB-030', 'kenya', '35'),
('6056', 'TRB-030', 'brazilian', '30'),
('6057', 'TRB-031', 'guatemala', '50'),
('6058', 'TRB-031', 'costa_rican', '30'),
('6059', 'TRB-031', 'colombian', '20'),
('6060', 'TRB-032', 'kenya', '40'),
('6061', 'TRB-032', 'kenya', '40'),
('6062', 'TRB-032', 'guatemala', '20'),
('6063', 'TRB-033', 'colombian', '45'),
('6064', 'TRB-033', 'yemeni', '20'),
('6065', 'TRB-033', 'ethiopian_harrar', '20'),
('6066', 'TRB-033', 'yemeni', '15'),
('6067', 'TRB-035', 'brazilian', '45'),
('6068', 'TRB-035', 'yemeni', '20'),
('6069', 'TRB-035', 'colombian', '20'),
('6070', 'TRB-035', 'ethiopian_harrar', '15'),
('6071', 'TRB-037', 'guatemala', '40'),
('6072', 'TRB-037', 'colombian', '40'),
('6073', 'TRB-037', 'yemeni', '20'),
('6074', 'TRB-038', 'brazilian', '45'),
('6075', 'TRB-038', 'kenya', '30'),
('6076', 'TRB-038', 'kenya', '15'),
('6077', 'TRB-038', 'kenya', '10'),
('6078', 'TRB-039', 'ethiopian_harrar', '45'),
('6079', 'TRB-039', 'peru', '35'),
('6080', 'TRB-039', 'vietnamese', '20'),
('6081', 'TRB-046', 'peru', '35'),
('6082', 'TRB-046', 'costa_rican', '30'),
('6083', 'TRB-046', 'colombian', '20'),
('6084', 'TRB-046', 'ethiopian_harrar', '10'),
('6085', 'TRB-046', 'peru', '5'),
('6086', 'TRB-049', 'colombian', '40'),
('6087', 'TRB-049', 'guatemala', '30'),
('6088', 'TRB-049', 'vietnamese', '30'),
('6089', 'TRB-050', 'indian_arabica', '40'),
('6090', 'TRB-050', 'costa_rican', '35'),
('6091', 'TRB-050', 'indonesian', '15'),
('6092', 'TRB-050', 'guatemala', '10'),
('6093', 'TRB-051', 'brazilian', '50'),
('6094', 'TRB-051', 'indian_arabica', '35'),
('6095', 'TRB-051', 'kenya', '10'),
('6096', 'TRB-051', 'kenya', '5'),
('6097', 'TRB-057', 'brazilian', '40'),
('6098', 'TRB-057', 'yemeni', '30'),
('6099', 'TRB-057', 'yemeni', '30'),
('6100', 'TRB-062', 'kenya', '50'),
('6101', 'TRB-062', 'kenya', '30'),
('6102', 'TRB-062', 'indian_mysore', '20'),
('6103', 'TRB-063', 'peru', '45'),
('6104', 'TRB-063', 'costa_rican', '35'),
('6105', 'TRB-063', 'indian_arabica', '10'),
('6106', 'TRB-063', 'brazilian', '10'),
('6107', 'TRB-064', 'guatemala', '60'),
('6108', 'TRB-064', 'ethiopian_harrar', '20'),
('6109', 'TRB-064', 'brazilian', '20'),
('6110', 'TRB-069', 'colombian', '35'),
('6111', 'TRB-069', 'brazilian', '25'),
('6112', 'TRB-069', 'guatemala', '25'),
('6113', 'TRB-069', 'ugandan', '15'),
('6114', 'TRB-070', 'costa_rican', '30'),
('6115', 'TRB-070', 'peru', '30'),
('6116', 'TRB-070', 'brazilian', '20'),
('6117', 'TRB-070', 'vietnamese', '20'),
('6118', 'TRB-078', 'peru', '45'),
('6119', 'TRB-078', 'guatemala', '35'),
('6120', 'TRB-078', 'indian_arabica', '20'),
('6121', 'TRB-079', 'colombian', '60'),
('6122', 'TRB-079', 'yemeni', '25'),
('6123', 'TRB-079', 'yemeni', '15'),
('6124', 'TRB-080', 'indian_arabica', '50'),
('6125', 'TRB-080', 'indian_mysore', '30'),
('6126', 'TRB-080', 'brazilian', '20'),
('6127', 'TRB-087', 'colombian', '35'),
('6128', 'TRB-087', 'brazilian', '45'),
('6129', 'TRB-087', 'yemeni', '15'),
('6130', 'TRB-087', 'yemeni', '5'),
('6131', 'TRB-088', 'guatemala', '50'),
('6132', 'TRB-088', 'ethiopian_harrar', '30'),
('6133', 'TRB-088', 'colombian', '15'),
('6134', 'TRB-088', 'yemeni', '5'),
('6135', 'TRB-091', 'indian_arabica', '40'),
('6136', 'TRB-091', 'colombian', '30'),
('6137', 'TRB-091', 'vietnamese', '15'),
('6138', 'TRB-091', 'brazilian', '15'),
('6139', 'TRB-094', 'colombian', '30'),
('6140', 'TRB-094', 'ethiopian_harrar', '25'),
('6141', 'TRB-094', 'indian_arabica', '25'),
('6142', 'TRB-094', 'yemeni', '5'),
('6143', 'TRB-094', 'yemeni', '15'),
('6144', 'TRB-096', 'peru', '35'),
('6145', 'TRB-096', 'indian_arabica', '25'),
('6146', 'TRB-096', 'colombian', '25'),
('6147', 'TRB-096', 'indonesian', '15'),
('6152', 'TRB-099', 'yemeni', '35'),
('6153', 'TRB-099', 'ethiopian_harrar', '40'),
('6154', 'TRB-099', 'colombian', '20'),
('6155', 'TRB-099', 'brazilian', '5'),
('6156', 'TRB-104', 'brazilian', '20'),
('6157', 'TRB-104', 'colombian', '25'),
('6158', 'TRB-104', 'guatemala', '25'),
('6159', 'TRB-104', 'yemeni', '25'),
('6160', 'TRB-104', 'yemeni', '5'),
('6161', 'TRB-113', 'ethiopian_harrar', '30'),
('6162', 'TRB-113', 'guatemala', '45'),
('6163', 'TRB-113', 'colombian', '15'),
('6164', 'TRB-113', 'kenya', '10'),
('6165', 'TRB-114', 'kenya', '35'),
('6166', 'TRB-114', 'kenya', '45'),
('6167', 'TRB-114', 'guatemala', '15'),
('6168', 'TRB-114', 'brazilian', '5'),
('6169', 'TRB-115', 'costa_rican', '35'),
('6170', 'TRB-115', 'colombian', '40'),
('6171', 'TRB-115', 'peru', '20'),
('6172', 'TRB-115', 'vietnamese', '5'),
('6173', 'TRB-118', 'indian_arabica', '40'),
('6174', 'TRB-118', 'yemeni', '25'),
('6175', 'TRB-118', 'guatemala', '20'),
('6176', 'TRB-118', 'colombian', '15'),
('6177', 'TRB-120', 'peru', '45'),
('6178', 'TRB-120', 'indian_arabica', '30'),
('6179', 'TRB-120', 'costa_rican', '15'),
('6180', 'TRB-120', 'ugandan', '10'),
('6181', 'TRB-125', 'yemeni', '40'),
('6182', 'TRB-125', 'guatemala', '30'),
('6183', 'TRB-125', 'colombian', '20'),
('6184', 'TRB-125', 'brazilian', '10'),
('6185', 'TRB-126', 'costa_rican', '45'),
('6186', 'TRB-126', 'ethiopian_harrar', '25'),
('6187', 'TRB-126', 'indian_arabica', '30'),
('6188', 'TRB-127', 'kenya', '40'),
('6189', 'TRB-127', 'kenya', '35'),
('6190', 'TRB-127', 'brazilian', '25'),
('6191', 'TRB-160', 'brazilian', '90'),
('6192', 'TRB-160', 'ethiopian_harrar', '10'),
('6193', 'TRB-161', 'guatemala', '60'),
('6194', 'TRB-161', 'indian_arabica', '40'),
('6195', 'TRB-201', 'ethiopian_harrar', '25'),
('6196', 'TRB-201', 'kenya', '25'),
('6197', 'TRB-201', 'kenya', '50'),
('6198', 'TRB-202', 'yemeni', '40'),
('6199', 'TRB-202', 'yemeni', '40'),
('6200', 'TRB-202', 'yemeni', '20'),
('6201', 'TRB-203', 'colombian', '60'),
('6202', 'TRB-203', 'ethiopian_harrar', '20'),
('6203', 'TRB-203', 'brazilian', '20'),
('6204', 'TRB-204', 'guatemala', '70'),
('6205', 'TRB-204', 'indian_arabica', '15'),
('6206', 'TRB-204', 'vietnamese', '15'),
('6207', 'TRB-205', 'yemeni', '45'),
('6208', 'TRB-205', 'ethiopian_harrar', '35'),
('6209', 'TRB-205', 'yemeni', '20'),
('6210', 'TRB-207', 'brazilian', '55'),
('6211', 'TRB-207', 'yemeni', '25'),
('6212', 'TRB-207', 'yemeni', '20'),
('6216', 'TRB-210', 'guatemala', '65'),
('6217', 'TRB-210', 'ethiopian_harrar', '15'),
('6218', 'TRB-210', 'yemeni', '15'),
('6219', 'TRB-210', 'yemeni', '5'),
('6220', 'TRB-211', 'kenya', '50'),
('6221', 'TRB-211', 'kenya', '30'),
('6222', 'TRB-211', 'ethiopian_harrar', '20'),
('6223', 'TRB-212', 'yemeni', '60'),
('6224', 'TRB-212', 'yemeni', '20'),
('6225', 'TRB-212', 'yemeni', '20'),
('6226', 'TRB-213', 'colombian', '45'),
('6227', 'TRB-213', 'indian_arabica', '35'),
('6228', 'TRB-213', 'indonesian', '20'),
('6229', 'TRB-214', 'costa_rican', '60'),
('6230', 'TRB-214', 'ethiopian_harrar', '15'),
('6231', 'TRB-214', 'brazilian', '15'),
('6232', 'TRB-214', 'guatemala', '10'),
('6233', 'TRB-215', 'ethiopian_harrar', '40'),
('6234', 'TRB-215', 'peru', '40'),
('6235', 'TRB-215', 'ugandan', '20'),
('6236', 'TRB-216', 'yemeni', '55'),
('6237', 'TRB-216', 'guatemala', '25'),
('6238', 'TRB-216', 'yemeni', '20'),
('6239', 'TRB-217', 'kenya', '50'),
('6240', 'TRB-217', 'indian_arabica', '30'),
('6241', 'TRB-217', 'brazilian', '20'),
('6242', 'TRB-218', 'guatemala', '65'),
('6243', 'TRB-218', 'yemeni', '20'),
('6244', 'TRB-218', 'brazilian', '10'),
('6245', 'TRB-218', 'yemeni', '5'),
('6246', 'TRB-219', 'ethiopian_harrar', '45'),
('6247', 'TRB-219', 'colombian', '35');

INSERT INTO public.blend_compositions (id, blend_code, coffee_type_code, percentage) VALUES
('6248', 'TRB-219', 'peru', '10'),
('6249', 'TRB-219', 'brazilian', '10'),
('6250', 'TRB-220', 'brazilian', '60'),
('6251', 'TRB-220', 'yemeni', '20'),
('6252', 'TRB-220', 'yemeni', '20'),
('6253', 'TRB-221', 'peru', '50'),
('6254', 'TRB-221', 'costa_rican', '30'),
('6255', 'TRB-221', 'vietnamese', '20'),
('6259', 'TRB-223', 'ethiopian_harrar', '50'),
('6260', 'TRB-223', 'colombian', '30'),
('6261', 'TRB-223', 'ugandan', '20'),
('6262', 'TRB-224', 'kenya', '70'),
('6263', 'TRB-224', 'kenya', '15'),
('6264', 'TRB-224', 'brazilian', '15'),
('6265', 'TRB-225', 'vietnamese', '45'),
('6266', 'TRB-225', 'peru', '30'),
('6267', 'TRB-225', 'indian_arabica', '25'),
('6268', 'TRB-226', 'ugandan', '55'),
('6269', 'TRB-226', 'ethiopian_harrar', '25'),
('6270', 'TRB-226', 'colombian', '20'),
('6271', 'TRB-227', 'costa_rican', '45'),
('6272', 'TRB-227', 'ethiopian_harrar', '35'),
('6273', 'TRB-227', 'indonesian', '20'),
('6274', 'TRB-229', 'guatemala', '60'),
('6275', 'TRB-229', 'peru', '25'),
('6276', 'TRB-229', 'vietnamese', '15'),
('6277', 'TRB-230', 'brazilian', '45'),
('6278', 'TRB-230', 'yemeni', '30'),
('6279', 'TRB-230', 'yemeni', '25'),
('6280', 'TRB-231', 'guatemala', '60'),
('6281', 'TRB-231', 'indian_arabica', '20'),
('6282', 'TRB-231', 'vietnamese', '20'),
('6283', 'TRB-232X', 'colombian', '45'),
('6284', 'TRB-232X', 'kenya', '35'),
('6285', 'TRB-232X', 'kenya', '20'),
('6286', 'TRB-233', 'peru', '50'),
('6287', 'TRB-233', 'ethiopian_harrar', '30'),
('6288', 'TRB-233', 'costa_rican', '20'),
('6289', 'TRB-234', 'yemeni', '55'),
('6290', 'TRB-234', 'guatemala', '25'),
('6291', 'TRB-234', 'yemeni', '20'),
('6292', 'TRB-235', 'kenya', '45'),
('6293', 'TRB-235', 'indian_arabica', '35'),
('6294', 'TRB-235', 'brazilian', '20'),
('6295', 'CB20', 'yemeni', '40'),
('6296', 'CB20', 'ethiopian_harrar', '30'),
('6297', 'CB20', 'colombian', '30'),
('6301', 'FP03', 'ethiopian_harrar', '100'),
('6302', 'CS-016', 'colombian', '50'),
('6303', 'CS-016', 'ethiopian_harrar', '50'),
('6305', 'CS-007', 'kenya', '100'),
('6306', 'B-017', 'vietnamese', '50'),
('6307', 'B-017', 'indian_robusta', '50'),
('6308', 'S-001', 'peru', '50'),
('6309', 'S-001', 'yemeni', '50'),
('6340', 'FUNC_ESHRQ', 'colombian', '60'),
('6341', 'FUNC_ESHRQ', 'guatemala', '40'),
('6355', 'FUNC_DWN', 'yemeni', '80'),
('6356', 'FUNC_DWN', 'colombian', '20'),
('6357', 'FUNC_DFE', 'indonesian', '60'),
('6358', 'FUNC_DFE', 'brazilian', '40'),
('6359', 'FUNC_BRKN', 'vietnamese', '70'),
('6360', 'FUNC_BRKN', 'brazilian_robusta', '30'),
('6361', 'FUNC_ELHM', 'ethiopian_harrar', '70'),
('6362', 'FUNC_ELHM', 'costa_rican', '30'),
('6365', 'FUNC_TRKZ', 'colombian', '50'),
('6366', 'FUNC_TRKZ', 'brazilian', '30'),
('6367', 'FUNC_TRKZ', 'guatemala', '20'),
('6368', 'FUNC_SHGF', 'yemeni', '60'),
('6369', 'FUNC_SHGF', 'ethiopian_harrar', '40'),
('6370', 'FUNC_HDO', 'brazilian', '80'),
('6371', 'FUNC_HDO', 'indian_mysore', '20'),
('6372', 'FUNC_HDM', 'peru', '70'),
('6373', 'FUNC_HDM', 'brazilian', '30'),
('6374', 'TRB-098', 'kenya', '50'),
('6375', 'TRB-098', 'guatemala', '30'),
('6376', 'TRB-098', 'indian_arabica', '20'),
('6386', 'ESP-48', 'ugandan', '40'),
('6387', 'ESP-48', 'brazilian', '30'),
('6388', 'ESP-48', 'indian_arabica', '30'),
('6389', 'ESP-27', 'ugandan', '50'),
('6390', 'ESP-27', 'brazilian', '50'),
('6396', 'ESP-14', 'colombian', '45'),
('6397', 'ESP-14', 'brazilian', '25'),
('6398', 'ESP-14', 'indian_arabica', '30'),
('6403', 'ESP-30', 'ethiopian_harrar', '50'),
('6404', 'ESP-30', 'yemeni', '50'),
('6408', 'ESP-10', 'brazilian', '45'),
('6409', 'ESP-10', 'colombian', '30'),
('6410', 'ESP-10', 'vietnamese', '25'),
('6414', 'ESP-43', 'vietnamese', '35'),
('6415', 'ESP-43', 'brazilian', '30'),
('6416', 'ESP-43', 'yemeni', '35'),
('6417', 'ESP-50', 'yemeni', '30'),
('6418', 'ESP-50', 'ethiopian_harrar', '30'),
('6419', 'ESP-50', 'kenya', '20'),
('6420', 'ESP-50', 'indian_robusta', '20'),
('6421', 'ESP-28', 'costa_rican', '70'),
('6422', 'ESP-28', 'ethiopian_harrar', '20'),
('6423', 'ESP-28', 'peru', '10'),
('6427', 'ESP-13', 'costa_rican', '55'),
('6428', 'ESP-13', 'kenya', '25'),
('6429', 'ESP-13', 'ethiopian_harrar', '20'),
('6430', 'ESP-26', 'vietnamese', '60'),
('6431', 'ESP-26', 'yemeni', '40'),
('6432', 'ESP-21', 'peru', '45'),
('6433', 'ESP-21', 'colombian', '30'),
('6434', 'ESP-21', 'indian_arabica', '25'),
('6438', 'CB06', 'guatemala', '100'),
('6439', 'HS-010', 'colombian', '60'),
('6440', 'HS-010', 'costa_rican', '40'),
('6443', 'FUNC_PWR', 'indian_robusta', '60'),
('6444', 'FUNC_PWR', 'ugandan', '40'),
('6445', 'CS-021', 'ethiopian_harrar', '100'),
('6446', 'HS-003', 'brazilian', '100'),
('6447', 'TRB-208', 'ethiopian_harrar', '50'),
('6448', 'TRB-208', 'peru', '35'),
('6449', 'TRB-208', 'indian_robusta', '15'),
('6450', 'TRB-222', 'indonesian', '35'),
('6451', 'TRB-222', 'indian_arabica', '45'),
('6452', 'TRB-222', 'kenya', '20'),
('6453', 'FP13', 'colombian', '100'),
('6454', 'ESP-16', 'ethiopian_harrar', '100'),
('6455', 'ESP-45', 'peru', '80'),
('6456', 'ESP-45', 'indian_arabica', '20'),
('6457', 'CB10', 'kenya', '50'),
('6458', 'CB10', 'ethiopian_lekemti', '50'),
('6459', 'FP16', 'peru', '60'),
('6460', 'FP16', 'guatemala', '40'),
('6461', 'FP04', 'guatemala', '100'),
('6465', 'FP20', 'kenya', '40'),
('6466', 'FP20', 'ugandan', '30'),
('6467', 'FP20', 'ethiopian_harrar', '30'),
('6468', 'FP12', 'ugandan', '55'),
('6469', 'FP12', 'ethiopian_harrar', '45'),
('6470', 'FP-SIG-01', 'yemeni', '60'),
('6471', 'FP-SIG-01', 'ethiopian_harrar', '30'),
('6472', 'FP-SIG-01', 'colombian', '10'),
('6473', 'FP09', 'peru', '100'),
('6474', 'FP18', 'colombian', '100'),
('6475', 'FP01', 'brazilian', '70'),
('6476', 'FP01', 'indian_robusta', '30'),
('6477', 'FP11', 'vietnamese', '70'),
('6478', 'FP11', 'brazilian', '30'),
('6479', 'FP17', 'brazilian_robusta', '60'),
('6480', 'FP17', 'vietnamese', '40'),
('6481', 'FP08', 'brazilian', '100'),
('6482', 'FP-SIG-02', 'brazilian', '70'),
('6483', 'FP-SIG-02', 'peru', '20'),
('6484', 'FP-SIG-02', 'indian_robusta', '10'),
('6485', 'FP05', 'costa_rican', '80'),
('6486', 'FP05', 'peru', '20'),
('6487', 'FP14', 'brazilian', '60'),
('6488', 'FP14', 'costa_rican', '40'),
('6491', 'FP10', 'indian_mysore', '55'),
('6492', 'FP10', 'indonesian', '45'),
('6493', 'FP06', 'yemeni', '100'),
('6494', 'FP15', 'indian_arabica', '80'),
('6495', 'FP15', 'indian_robusta', '20'),
('6496', 'CS-014', 'costa_rican', '70'),
('6497', 'CS-014', 'brazilian', '30'),
('6498', 'CS-010', 'costa_rican', '100'),
('6499', 'CS-006', 'peru', '100'),
('6500', 'CS-005', 'yemeni', '50'),
('6501', 'CS-005', 'ethiopian_lekemti', '50'),
('6502', 'FP19', 'indonesian', '50'),
('6503', 'FP19', 'indian_mysore', '50'),
('6504', 'CS-001', 'kenya', '70'),
('6505', 'CS-001', 'ethiopian_lekemti', '30'),
('6509', 'CS-004', 'colombian', '40'),
('6510', 'CS-004', 'kenya', '30'),
('6511', 'CS-004', 'yemeni', '30'),
('6512', 'CS-017', 'brazilian', '60'),
('6513', 'CS-017', 'ugandan', '40');


INSERT INTO public.blends (code, name_ar, name_en, notes_ar, notes_en, roast_profile, sensory_profile, method_id, is_active, preparation_notes_ar, preparation_notes_en, manual_price, display_category, available_additive_ids) VALUES
('AP13', 'كونا آيرو', 'Kwna آYrw', 'تجربة استوائية ممتعة، تجمع بين نعومة الفانيليا وحلاوة الأناناس المنعشة.', 'Refreshing cup.\\nFlavor profile: pineapple, vanilla; bright acidity; full body.', NULL, '{"body": 5, "aroma": 4.5, "acidity": 3.5, "clarity": 3, "complexity": 4}', 'aeropress', 't', 'نقع 2:15 د، ماء 91°م', 'Steep; 2:15 min; water 91°C.', NULL, NULL, NULL),
('AP14', 'مونسونيد آيرو', 'Mwnswnyd آYrw', 'رحلة إلى الهند في فنجان، بنكهات التوابل الدافئة وحلاوة التمر الهندي اللاذعة.', 'A journey in a cup.\\nFlavor profile: date; low acidity; medium-full body.', NULL, '{"body": 4, "aroma": 4, "acidity": 2, "clarity": 2, "complexity": 5}', 'aeropress', 't', 'نقع 2 د، ماء 94°م', 'Steep; 2 min; water 94°C.', NULL, NULL, NULL),
('AP15', 'ألتورا آيرو', 'أLtwra آYrw', 'كوب مريح ودافئ، يجمع بين حلاوة الفول السوداني المحمص ودفء القرفة العطرية.', 'Comforting cup.\\nFlavor profile: cinnamon; balanced acidity; medium-full body.', NULL, '{"body": 4, "aroma": 4, "acidity": 3, "clarity": 3, "complexity": 4}', 'aeropress', 't', 'نقع 2:05 د، ماء 92°م', 'Steep; 2:05 min; water 92°C.', NULL, NULL, NULL),
('AP16', 'روبوستا بريميوم', 'Rwbwsta Brymywm', 'قوة مركزة، كوب بنكهة دخانية كلاسيكية وحلاوة الكراميل المحروق الداكن.', 'Signature cup.\\nFlavor profile: caramel; very low acidity; full body.', NULL, '{"body": 5, "aroma": 4, "acidity": 1, "clarity": 1, "complexity": 3}', 'aeropress', 't', 'نقع 2 د، ماء 96°م', 'Steep; 2 min; water 96°C.', NULL, NULL, NULL),
('AP17', 'أفريكان بلند آيرو', 'أFrykan Blnd آYrw', 'مزيج أفريقي معقد، يجمع بين حلاوة التين الداكنة ولمسة أنيقة من التوابل الحلوة.', 'Signature cup.\\nFlavor profile: high acidity; medium-full body.', NULL, '{"body": 4, "aroma": 5, "acidity": 5, "clarity": 5, "complexity": 5}', 'aeropress', 't', 'نقع 2:10 د، ماء 93°م', 'Steep; 2:10 min; water 93°C.', NULL, NULL, NULL),
('AP18', 'توفي إثيوبيا', 'Twfy Ethiopia', 'فنجان إثيوبي نقي ومشرق، يجمع بين حمضية البرتقال ولمسة الزنجبيل المنعشة.', 'Refreshing cup.\\nFlavor profile: high acidity; light body.', NULL, '{"body": 2, "aroma": 5, "acidity": 5, "clarity": 5, "complexity": 4}', 'aeropress', 't', 'نقع 1:45 د، ماء 89°م', 'Steep; 1:45 min; water 89°C.', NULL, NULL, NULL),
('AP19', 'لواك ستايل آيرو', 'Lwak Stayl آYrw', 'تجربة كلاسيكية غنية، تجمع بين حلاوة التمر الداكنة وعمق النكهات الترابية الأصيلة.', 'Signature cup.\\nFlavor profile: date; very low acidity; full body.', NULL, '{"body": 5, "aroma": 4, "acidity": 1, "clarity": 2, "complexity": 4}', 'aeropress', 't', 'نقع 2:20 د، ماء 90°م', 'Steep; 2:20 min; water 90°C.', NULL, NULL, NULL),
('AP20', 'أرابيان نايتس', 'أRabyan Nayts', 'ليالٍ عربية في فنجان، يجمع بين حلاوة التمر الفاخرة ودفء الهيل العطري.', 'Luxurious cup.\\nFlavor profile: cardamom, date; balanced acidity; medium-full body.', NULL, '{"body": 4, "aroma": 5, "acidity": 3, "clarity": 4, "complexity": 5}', 'aeropress', 't', 'نقع 2 د، ماء 92°م', 'Steep; 2 min; water 92°C.', NULL, NULL, NULL),
('B-001', 'أعماق إندونيسيا', 'أAmaq إNdwnysya', 'لدعم صحة العظام، مشروب قوي بنكهة عشبية ترابية عميقة.', 'Bold cup.\\nFlavor profile: full body.', NULL, '{"body": 5, "Color": 3, "aroma": 3, "flavor": 3, "bitterness": 4}', 'boiling', 't', 'غلي 20 دقيقة + عرق سوس', 'Boil 20 min; add licorice.', NULL, NULL, NULL),
('B-002', 'روبوستا المعدلة', 'Rwbwsta Almadla', 'طاقة عالية جداً، مشروب قوي ومر بنكهة عشبية جريئة.', 'Bold cup.\\nFlavor profile: full body.', NULL, '{"body": 5, "Color": 3, "aroma": 2, "flavor": 3.5, "bitterness": 4}', 'boiling', 't', 'غلي 15 دقيقة + قرفة', 'Boil 15 min; add cinnamon.', NULL, NULL, NULL),
('B-003', 'التوفير الذهبي', 'Altwfyr Alihby', 'لزيادة الأيض، مشروب قوي بنكهة عشبية مع لمسة ترابية.', 'Bold cup.\\nFlavor profile: medium-full body.', NULL, '{"body": 4, "Color": 3, "aroma": 3, "flavor": 3, "bitterness": 4}', 'boiling', 't', 'غلي 12 دقيقة + هيل', 'Boil 12 min; add cardamom.', NULL, NULL, NULL),
('B-004', 'اليقظة الآسيوية', 'Alyqza AlآSywya', 'لتركيز فوري، مشروب قوي جداً بنكهة عشبية ترابية.', 'Bold cup.\\nFlavor profile: full body.', NULL, '{"body": 5, "Color": 3, "aroma": 3, "flavor": 3, "bitterness": 4}', 'boiling', 't', 'غلي 15 دقيقة + فلفل وردي', 'Boil 15 min; add pink pepper.', NULL, NULL, NULL),
('B-005', 'إندونيسي الدبس', 'إNdwnysy Aldbs', 'لطاقة وقوة بدنية، مشروب قوي جداً بنكهة عشبية ترابية عميقة.', 'Bold cup.\\nFlavor profile: full body.', NULL, '{"body": 5, "Color": 3, "aroma": 3, "flavor": 3, "bitterness": 4}', 'boiling', 't', 'غلي 25 دقيقة + دبس رمان', 'Boil 25 min; add pomegranate molasses.', NULL, NULL, NULL),
('B-006', 'طاقة التمرين', 'Taqa Altmryn', 'لأداء رياضي عالي، مشروب قوي بنكهة عشبية جريئة.', 'Bold cup.\\nFlavor profile: full body.', NULL, '{"body": 5, "Color": 3, "aroma": 3, "flavor": 3, "bitterness": 4}', 'boiling', 't', 'غلي 10 دقائق + زنجبيل طازج', 'Boil 10 min; add fresh ginger, ginger.', NULL, NULL, NULL),
('B-007', 'القوة الآسيوية المعدلة', 'Alqwa AlآSywya Almadla', 'لطاقة قصوى، مشروب قوي ومر جداً بنكهة عشبية.', 'Bold cup.\\nFlavor profile: full body.', NULL, '{"body": 5, "Color": 2, "aroma": 2, "flavor": 2.5, "bitterness": 4}', 'boiling', 't', 'غلي 15 دقيقة + قشر برتقال', 'Boil 15 min; add orange peel.', NULL, NULL, NULL),
('B-008', 'إندونيسي المميز', 'إNdwnysy Almmyz', 'لدعم صحة المفاصل، مشروب قوي بنكهة عشبية ترابية عميقة.', 'Bold cup.\\nFlavor profile: full body.', NULL, '{"body": 5, "Color": 3, "aroma": 3, "flavor": 3, "bitterness": 4}', 'boiling', 't', 'غلي 30 دقيقة + جوزة الطيب', 'Boil 30 min; add nutmeg.', NULL, NULL, NULL),
('B-009', 'مناعة الشرق', 'Mnaaa Alshrq', 'لتعزيز المناعة، مشروب يجمع بين النكهات العشبية الفاكهية والقوية.', 'Bold cup.Flavor profile: medium-full body.', NULL, '{"body": 4, "Color": 3, "aroma": 3, "flavor": 4, "bitterness": 3}', 'boiling', 't', 'غلي 15 دقيقة + قرفة', 'Boil 15 min; add cinnamon.', NULL, NULL, NULL),
('B-010', 'متانة الروبوستا', 'Mtana Alrwbwsta', 'لقوة تحمل عالية، مشروب قوي ومر جداً بنكهة عشبية.', 'Bold cup.\\nFlavor profile: full body.', NULL, '{"body": 5, "Color": 2, "aroma": 2, "flavor": 3, "bitterness": 5}', 'boiling', 't', 'غلي 25 دقيقة + فانيليا', 'Boil 25 min; add vanilla.', NULL, NULL, NULL),
('turkish_classic', 'توليفة التركي الكلاسيكية', 'Classic Turkish Blend', 'كلاسيكي، مكسرات، شوكولاتة', 'Classic, Nuts, Chocolate', NULL, '{"body": 4, "power": 4, "sweetness": 3, "bitterness": 3, "face_cream": 5}', 'turkish', 't', 'استخدم ماء بارد، أضف السكر حسب الرغبة قبل التسوية، لا تتركها تغلي طويلاً للحفاظ على الوش', 'Use cold water, Add sugar to taste before brewing, Do not let it boil for too long to preserve the crema', NULL, NULL, NULL),
('v60_ethiopian_sun', 'شمس إثيوبيا (V60)', 'Ethiopian Sun (V60)', 'زهور، ليمون، توت أزرق', 'Floral, Lemon, Blueberry', NULL, '{"body": 2, "aroma": 4, "acidity": 5, "clarity": 5, "complexity": 4}', 'v60', 't', 'نسبة التحضير 1:16 (قهوة إلى ماء)، درجة حرارة الماء 94 درجة مئوية، صب الماء على دفعات دائرية', 'Brew ratio 1:16 (coffee to water), Water temperature 94°C, Pour in circular motions', NULL, NULL, NULL),
('french_press_bold', 'فرنش برس الجريئة', 'Bold French Press', 'كاكاو، مكسرات محمصة، ترابي', 'Cocoa, Toasted Nuts, Earthy', NULL, '{"body": 5, "aroma": 3, "acidity": 3, "clarity": 2, "complexity": 3}', 'french-press', 't', 'استخدم طحنة خشنة، نقع لمدة 4 دقائق، اضغط المكبس ببطء', 'Use a coarse grind, Steep for 4 minutes, Press the plunger slowly', NULL, NULL, NULL),
('cold_brew_smooth', 'كولد برو السلس', 'Smooth Cold Brew', 'شوكولاتة بالحليب، كراميل، فانيلا', 'Milk Chocolate, Caramel, Vanilla', NULL, '{"body": 3, "intensity": 3, "sweetness": 4, "smoothness": 5, "acid_clarity": 2}', 'cold-brew', 't', 'نقع لمدة 12-18 ساعة في الثلاجة، استخدم طحنة خشنة جداً، قم بتصفيته جيداً قبل التقديم', 'Steep for 12-18 hours in the refrigerator, Use a very coarse grind, Filter well before serving', NULL, NULL, NULL),
('B-011', 'فجر أفريقيا', 'Fjr أFryqya', 'للنشاط والحيوية، مشروب يجمع بين النكهات العشبية القوية والمشرقة.', 'Bold cup.\\nFlavor profile: medium-full body.', NULL, '{"body": 4, "Color": 4, "aroma": 4, "flavor": 4, "bitterness": 3}', 'boiling', 't', 'غلي 10 دقائق + توت مجفف', 'Boil 10 min; add dried berries.', NULL, NULL, NULL),
('B-012', 'العمق البرازيلي', 'Alamq Albrazyly', 'لصحة القلب، مشروب بنكهة عشبية كلاسيكية وقوام ممتلئ.', 'Signature cup.\\nFlavor profile: medium-full body.', NULL, '{"body": 4, "Color": 4, "aroma": 4, "flavor": 4, "bitterness": 3}', 'boiling', 't', 'غلي 15 دقيقة + كاكاو خام', 'Boil 15 min; add raw cacao.', NULL, NULL, NULL),
('espresso_intenso', 'إسبريسو إنتنسو', 'Espresso Intenso', 'شوكولاتة داكنة، كراميل، توابل', 'Dark Chocolate, Caramel, Spices', NULL, '{"body": 4, "crema": 5, "balance": 3, "intensity": 5, "aftertaste": 4}', 'espresso', 'f', 'درجة حرارة الماء 92-94 درجة مئوية، استخلاص لمدة 25-30 ثانية، استخدم بن مطحون حديثاً', 'Water temperature 92-94°C, Extraction time 25-30 seconds, Use freshly ground beans', NULL, NULL, NULL),
('FUNC_DWN', 'ديوان', 'Diwan', 'قهوة ضيافة فاخرة وكلاسيكية.', '', NULL, '{}', NULL, 't', 'تحويجة خاصة: ٣٠ جرام هيل أخضر فاخر، خيط أو اثنين من الزعفران الأصلي.', '', NULL, 'وظيفية', NULL),
('FUNC_DFE', 'دفء', 'Warmth', 'مزيج شتوي كلاسيكي مع ثلاثية توابل دافئة.', '', NULL, '{}', NULL, 't', 'تحويجة خاصة: ١٥ جرام قرفة، ١٠ جرام قرنفل، ٥ جرام جوزة الطيب.', '', NULL, 'وظيفية', NULL),
('FUNC_BRKN', 'بركان', 'Volcano', 'قهوة قوية ذات كافيين عالٍ ونكهة خام.', '', NULL, '{}', NULL, 't', 'تحويجة خاصة: ٢٠ جرام جذور الشيكوريا المحمصة (اختياري)، ١٠ جرام فلفل أسود مطحون.', '', NULL, 'وظيفية', NULL),
('FUNC_ELHM', 'إلهام', 'Inspire', 'قهوة ذات تعقيد فاكهي وتابلي مميز.', '', NULL, '{}', NULL, 't', 'تحويجة خاصة: ١٥ جرام قشر برتقال مجفف، ٥ جرام يانسون نجمي مطحون.', '', NULL, 'وظيفية', NULL),
('FUNC_HDO', 'هدوء', 'Calm', 'كوب قهوة كريمي وناعم جداً، مع رائحة الفانيليا وجوزة الطيب المريحة للأعصاب.', '', NULL, '{}', NULL, 't', 'تحويجة خاصة (لكل كيلو بن): ١٥ جرام فانيليا طبيعية، ٥ جرام بابونج (اختياري)، رشة خفيفة من جوزة الطيب.', '', NULL, 'وظيفية', NULL),
('FUNC_HDM', 'هضم', 'Digest', 'قهوة مريحة للمعدة بعد الأكل.', '', NULL, '{}', NULL, 't', 'تحويجة خاصة: ٢٠ جرام يانسون، ١٠ جرام بذور شمر.', '', NULL, 'وظيفية', NULL),
('FUNC_ESHRQ', 'إشراقة', 'Sunrise', 'قهوة صباحية متوازنة وكلاسيكية.', NULL, NULL, NULL, NULL, 't', 'تحويجة خاصة: ١٥ جرام هيل، ٥ جرام مستكة (اختياري).', NULL, NULL, 'وظيفية', NULL),
('green_detox', 'القهوة الخضراء ديتوكس', 'Green Detox Coffee', 'عشبي، شاي أخضر، خفيف', 'Herbal, Green Tea, Light', NULL, '{"body": 2, "aroma": 2, "color": 3, "flavor": 3, "bitterness": 2}', 'green', 'f', 'يمكن نقعه في ماء بارد لمدة ساعتين، يمكن غليه وتصفيته، يقدم بارداً أو ساخناً', 'Can be soaked in cold water for 2 hours, Can be boiled and filtered, Serve cold or hot', NULL, NULL, NULL),
('AP-SIG-01', 'جوهرة أفريقيا', 'Jwhra أFryqya', 'جوهرة أفريقية، كوب مشرق وعصيري تفوح منه رائحة الزهور مع حمضية الفواكه المنعشة.', 'Refreshing cup.\\nFlavor profile: floral; high acidity; medium body.', NULL, '{"body": 3, "aroma": 5, "acidity": 5, "clarity": 5, "complexity": 5}', 'aeropress', 't', 'نقع 1:50 د، ماء 91°م', 'Steep; 1:50 min; water 91°C.', NULL, NULL, NULL),
('AP-SIG-02', 'لاتينو سويت', 'Latynw Sweet', 'حلاوة أمريكا اللاتينية، كوب متوازن يجمع بين نكهة الشوكولاتة المحبوبة وحلاوة طبيعية.', 'Signature cup.\\nFlavor profile: chocolate; bright acidity; medium-full body.', NULL, '{"body": 4, "aroma": 4, "acidity": 4, "clarity": 4, "complexity": 4}', 'aeropress', 't', 'نقع 2:10 د، ماء 93°م', 'Steep; 2:10 min; water 93°C.', NULL, NULL, NULL),
('AP01', 'توليفتي™ إثيوبيا آيرو', 'Tawlefti™ Ethiopia آYrw', 'كوب إثيوبي نقي وعطري، يجمع بين رائحة الياسمين الفواحة وحمضية الليمون المنعشة.', 'Refreshing cup.\\nFlavor profile: jasmine; high acidity; medium body.', NULL, '{"body": 3, "aroma": 5, "acidity": 5, "clarity": 5, "complexity": 4}', 'aeropress', 't', 'نقع 1:45 د، ماء 90°م', 'Steep; 1:45 min; water 90°C.', NULL, NULL, NULL),
('AP02', 'توليفتي™ بيكان', 'Tawlefti™ Bykan', 'فنجان متوازن ومريح، يجمع بين حلاوة شوكولاتة الحليب ونكهة اللوز المحمص.', 'Comforting cup.\\nFlavor profile: chocolate; balanced acidity; medium-full body.', NULL, '{"body": 4, "aroma": 4, "acidity": 3, "clarity": 3, "complexity": 3}', 'aeropress', 't', 'نقع 2 د، ماء 94°م', 'Steep; 2 min; water 94°C.', NULL, NULL, NULL),
('AP03', 'كوستاريكا العسلية', 'Costa Rica Alaslya', 'كوب حلو وناعم كالحرير، يجمع بين حلاوة العسل الصافي ونكهة الخوخ الصيفي.', 'Signature cup.\\nFlavor profile: honey, peach; bright acidity; medium body.', NULL, '{"body": 3, "aroma": 4, "acidity": 4, "clarity": 4, "complexity": 3}', 'aeropress', 't', 'نقع 2:15 د، ماء 92°م', 'Steep; 2:15 min; water 92°C.', NULL, NULL, NULL),
('AP04', 'يمن موكا آيرو', 'Ymn Mocha آYrw', 'تجربة يمنية أصيلة، تتميز بعمق نكهة الكاكاو وحمضية التوت البري المنعشة.', 'Refreshing cup.\\nFlavor profile: cocoa, berry; low acidity; medium-full body.', NULL, '{"body": 4, "aroma": 5, "acidity": 2, "clarity": 2, "complexity": 5}', 'aeropress', 't', 'نقع 2 د، ماء 88°م', 'Steep; 2 min; water 88°C.', NULL, NULL, NULL),
('AP05', 'كينيا AA آيرو', 'Kynya Aa آYrw', 'فنجان كيني جريء، يجمع بين حمضية الفواكه اللاذعة ولمسة عشبية منعشة.', 'Refreshing cup.\\nFlavor profile: high acidity; medium-full body.', NULL, '{"body": 4, "aroma": 4, "acidity": 5, "clarity": 4, "complexity": 5}', 'aeropress', 't', 'نقع 1:50 د، ماء 91°م', 'Steep; 1:50 min; water 91°C.', NULL, NULL, NULL),
('AP06', 'أنتيغوا آيرو', 'Antigua آYrw', 'كوب غني وممتلئ، يجمع بين حلاوة الكرز الداكن وعمق الشوكولاتة الفاخرة.', 'Luxurious cup.\\nFlavor profile: chocolate; balanced acidity; full body.', NULL, '{"body": 5, "aroma": 4, "acidity": 3, "clarity": 3, "complexity": 4}', 'aeropress', 't', 'نقع 2:10 د، ماء 93°م', 'Steep; 2:10 min; water 93°C.', NULL, NULL, NULL),
('AP07', 'برازيل سيرادو آيرو', 'Brazyl Cerrado آYrw', 'فنجان برازيلي كلاسيكي، يجمع بين نكهة البندق المحمص وحلاوة السكر البني الدافئة.', 'Signature cup.\\nFlavor profile: hazelnut; low acidity; full body.', NULL, '{"body": 5, "aroma": 3, "acidity": 2, "clarity": 3, "complexity": 2}', 'aeropress', 't', 'نقع 2 د، ماء 92°م', 'Steep; 2 min; water 92°C.', NULL, NULL, NULL),
('AP08', 'بيرو تشانشامايو', 'Byrw Tshanshamayw', 'كوب حلو وناعم، يجمع بين حلاوة فاكهة الكمثرى ونعومة الشوكولاتة البيضاء.', 'Signature cup.\\nFlavor profile: chocolate; bright acidity; medium-full body.', NULL, '{"body": 4, "aroma": 3, "acidity": 4, "clarity": 4, "complexity": 3}', 'aeropress', 't', 'نقع 2:05 د، ماء 90°م', 'Steep; 2:05 min; water 90°C.', NULL, NULL, NULL),
('AP09', 'مانديلينج آيرو', 'Mandheling آYrw', 'تجربة غنية وعميقة، تجمع بين حلاوة التوت الأسود والنكهات الترابية الأصيلة.', 'Signature cup.\\nFlavor profile: berry; low acidity; full body.', NULL, '{"body": 5, "aroma": 4, "acidity": 2, "clarity": 2, "complexity": 4}', 'aeropress', 't', 'نقع 2:20 د، ماء 95°م', 'Steep; 2:20 min; water 95°C.', NULL, NULL, NULL),
('AP10', 'دا لات آيرو', 'Da Lat آYrw', 'فنجان قوي ودافئ، بنكهة خشب الأرز والكراميل، مثالي لمحبي القهوة الكلاسيكية.', 'Bold cup.\\nFlavor profile: caramel; very low acidity; full body.', NULL, '{"body": 5, "aroma": 3, "acidity": 1, "clarity": 1, "complexity": 2}', 'aeropress', 't', 'نقع 2 د، ماء 96°م', 'Steep; 2 min; water 96°C.', NULL, NULL, NULL),
('AP11', 'أوغندا سيك آيرو', 'أWghnda Syk آYrw', 'مزيج معقد وممتع، يجمع بين حلاوة الفواكه المجففة وعمق نكهة الكاكاو.', 'Signature cup.\\nFlavor profile: cocoa; bright acidity; medium-full body.', NULL, '{"body": 4, "aroma": 4.5, "acidity": 3.5, "clarity": 3, "complexity": 4}', 'aeropress', 't', 'نقع 2:10 د، ماء 93°م', 'Steep; 2:10 min; water 93°C.', NULL, NULL, NULL),
('AP12', 'هويلا آيرو', 'Huila آYrw', 'كوب كولومبي مشرق، يجمع بين حمضية التفاح الأخضر المنعشة وحلاوة العسل الصافي.', 'Refreshing cup.\\nFlavor profile: honey, apple; bright acidity; medium-full body.', NULL, '{"body": 3.5, "aroma": 4, "acidity": 4, "clarity": 4.5, "complexity": 3}', 'aeropress', 't', 'نقع 1:55 د، ماء 91°م', 'Steep; 1:55 min; water 91°C.', NULL, NULL, NULL),
('S-001', 'باور ', 'power gym', 'مرارة لزوم التمين ', 'as arabic', NULL, '{}', NULL, 'f', '', '', NULL, 'وظيفية', '{5b5dcf2b-6c9a-4271-8ea8-7b3056673740,11dba0e0-d2ce-4349-994f-4e36649cdafe,6de259b4-5276-42a7-b262-31f7b0c689c4,e3fb1025-763c-4f6c-ac37-4585acd6f916}'),
('B-013', 'المرتفعات الخضراء', 'Almrtfaat Alkhdraء', 'مضادات أكسدة وطاقة، مشروب يجمع بين النكهات العشبية المشرقة والقوية.', 'Bold cup.\\nFlavor profile: medium-full body.', NULL, '{"body": 4, "Color": 4, "aroma": 4, "flavor": 4, "bitterness": 3}', 'boiling', 't', 'غلي 12 دقيقة + نعناع طازج', 'Boil 12 min; add fresh mint.', NULL, NULL, NULL),
('B-014', 'توفير ثلاثي', 'Twfyr Thlathy', 'طاقة اقتصادية، مشروب قوي ومر بنكهة عشبية.', 'Bold cup.\\nFlavor profile: medium-full body.', NULL, '{"body": 4, "Color": 3, "aroma": 3, "flavor": 3, "bitterness": 4}', 'boiling', 't', 'غلي 15 دقيقة', 'Boil 15 min.', NULL, NULL, NULL),
('B-015', 'سموثي الديتوكس', 'Smwthy Aldytwks', 'لتنقية الجسم، مشروب يجمع بين النكهات العشبية الخفيفة والقوية.', 'Bold cup.\\nFlavor profile: light body.', NULL, '{"body": 2, "Color": 3, "aroma": 4, "flavor": 4, "bitterness": 3}', 'boiling', 't', 'غلي 8 دقائق + ليمون', 'Boil 8 min; add lemon.', NULL, NULL, NULL),
('B-016', 'صباح الروبوستا', 'Sbah Alrwbwsta', 'ليقظة صباحية قوية، مشروب قوي ومر جداً.', 'Bold cup.\\nFlavor profile: full body.', NULL, '{"body": 5, "Color": 2, "aroma": 2, "flavor": 3, "bitterness": 5}', 'boiling', 't', 'غلي 8 دقائق + قرفة', 'Boil 8 min; add cinnamon.', NULL, NULL, NULL),
('B-018', 'الطاقة الخضراء', 'Altaqa Alkhdraء', 'للحيوية والنشاط، مشروب يجمع بين النكهات العشبية الخفيفة والقوية.', 'Bold cup.\\nFlavor profile: medium body.', NULL, '{"body": 3, "Color": 3, "aroma": 4, "flavor": 4, "bitterness": 3}', 'boiling', 't', 'غلي 10 دقائق + زنجبيل', 'Boil 10 min; add ginger.', NULL, NULL, NULL),
('B-019', 'بهارات الهند', 'Bharat Alhnd', 'لدعم الهضم، مشروب بنكهات عشبية ترابية معقدة.', 'Signature cup.\\nFlavor profile: medium-full body.', NULL, '{"body": 4, "Color": 4, "aroma": 4, "flavor": 4, "bitterness": 4}', 'boiling', 't', 'غلي 18 دقيقة + قرنفل', 'Boil 18 min; add clove.', NULL, NULL, NULL),
('B-020', 'أوغندا الخالصة', 'أWghnda Alkhalsa', 'لطاقة متوازنة، مشروب قوي بنكهة عشبية كلاسيكية.', 'Bold cup.\\nFlavor profile: medium-full body.', NULL, '{"body": 4, "Color": 3, "aroma": 3, "flavor": 4, "bitterness": 3}', 'boiling', 't', 'غلي 12 دقيقة + سكر بني', 'Boil 12 min; add brown sugar.', NULL, NULL, NULL),
('B-021', 'سانتوس المغلي', 'Santws Almghly', 'لصحة القلب والمزاج، مشروب بنكهة عشبية كلاسيكية متوازنة.', 'Signature cup.\\nFlavor profile: medium-full body.', NULL, '{"body": 4, "Color": 4, "aroma": 4, "flavor": 4, "bitterness": 2}', 'boiling', 't', 'غلي 15 دقيقة', 'Boil 15 min.', NULL, NULL, NULL),
('B-022', 'بيرو المغلي', 'Byrw Almghly', 'مضاد للالتهابات، مشروب بنكهة عشبية نقية وحمضية لطيفة.', 'Signature cup.\\nFlavor profile: medium-full body.', NULL, '{"body": 4, "Color": 5, "aroma": 4, "flavor": 5, "bitterness": 2}', 'boiling', 't', 'غلي 12 دقيقة', 'Boil 12 min.', NULL, NULL, NULL),
('CS-002', 'لاتينو فاخر', 'Latynw Fakhr', 'عزز مزاجك بمشروب صحي، يجمع بين النكهات العشبية اللطيفة مع لمسة حمضية خفيفة.', 'Signature cup.\\nFlavor profile: medium body.', NULL, '{"body": 3, "Color": 4, "aroma": 5, "flavor": 5, "bitterness": 2}', 'cold_steep', 't', 'نقع 18 ساعة + قشر برتقال', 'Cold soak 18 hrs; add orange peel.', NULL, NULL, NULL),
('CS-003', 'جرين بوست', 'Jryn Bwst', 'جرعة من مضادات الأكسدة، بنكهة عشبية نقية وحمضية خفيفة.', 'Signature cup.\\nFlavor profile: medium body.', NULL, '{"body": 3, "Color": 4, "aroma": 5, "flavor": 4, "bitterness": 2}', 'cold_steep', 't', 'نقع 36 ساعة لاستخلاص أقصى مضادات', 'Cold soak 36 hrs; max antioxidant extraction.', NULL, NULL, NULL),
('CS-008', 'سوبر جرين', 'Super Jryn', 'غني بالفيتامينات والمعادن، مشروب بنكهات عشبية متنوعة وحمضية لطيفة.', 'Signature cup.\\nFlavor profile: medium body.', NULL, '{"body": 3, "Color": 5, "aroma": 5, "flavor": 5, "bitterness": 2}', 'cold_steep', 't', 'نقع 24 ساعة + بذور شيا', 'Cold soak 24 hrs; add chia seeds.', NULL, NULL, NULL),
('CS-009', 'كريستال كولومبيا', 'Krystal Colombia', 'للحيوية والنشاط، مشروب نقي بنكهة عشبية كلاسيكية وحمضية متوازنة.', 'Signature cup.\\nFlavor profile: medium body.', NULL, '{"body": 3, "Color": 5, "aroma": 5, "flavor": 5, "bitterness": 2}', 'cold_steep', 't', 'نقع 18 ساعة بماء فاتر', 'Cold soak 18 hrs in lukewarm water.', NULL, NULL, NULL),
('B-017', 'روبوستا مزدوجة', 'Rwbwsta Mzdwja', 'لطاقة مضاعفة، مشروب قوي ومر جداً.', 'Bold cup.\\nFlavor profile: full body.', NULL, '{"body": 5, "Color": 2, "aroma": 2, "flavor": 3, "bitterness": 5}', 'boiling', 't', 'غلي 20 دقيقة + هيل', 'Boil 20 min; add cardamom.', NULL, NULL, NULL),
('CS-006', 'نقاء عضوي', 'organic pure ', 'لتنقية الجسم، مشروب عضوي نقي بنكهة عشبية لطيفة وحمضية ناعمة.', 'Signature cup.\\nFlavor profile: medium body.', NULL, '{"body": 3, "Color": 5, "aroma": 5, "flavor": 5, "bitterness": 1}', 'cold-infusion', 't', 'نقع 12 ساعة بماء معدني', 'Cold soak 12 hrs in mineral water.', NULL, NULL, NULL),
('CS-005', 'موكا عدن', 'Mocha Adn', 'لتركيز ذهني وعطري، مشروب بنكهة عشبية غنية مع لمحات فاكهية.', 'Signature cup.\\nFlavor profile: medium-full body.', NULL, '{"body": 4, "Color": 5, "aroma": 5, "flavor": 5, "bitterness": 2}', 'cold-infusion', 't', 'نقع 72 ساعة في وعاء زجاجي', 'Cold soak 72 hrs in glass jar.', NULL, NULL, NULL),
('CS-004', 'الثلاثي الملكي', 'Althlathy Almlky', 'لدعم المناعة والطاقة، مشروب فاخر بنكهات عشبية معقدة ولمسة فاكهية.', 'Luxurious cup.\\nFlavor profile: medium-full body.', NULL, '{"body": 4, "Color": 5, "aroma": 5, "flavor": 5, "bitterness": 1}', 'cold-infusion', 't', 'نقع 48 ساعة + هيل مطحون', 'Cold soak 48 hrs; add ground cardamom.', NULL, NULL, NULL),
('CS-011', 'جبال الأنديز', 'Jbal AlأNdyz', 'لطاقة متوازنة، مشروب يجمع بين النكهات العشبية المشرقة والناعمة.', 'Signature cup.\\nFlavor profile: medium body.', NULL, '{"body": 3, "Color": 4, "aroma": 5, "flavor": 5, "bitterness": 2}', 'cold_steep', 't', 'نقع 24 ساعة مع قرفة', 'Cold soak 24 hrs; add cinnamon.', NULL, NULL, NULL),
('CS-012', 'زهور أفريقيا', 'Zhwr أFryqya', 'لتعزيز المناعة، مشروب بنكهات عشبية وزهرية مع حمضية لطيفة.', 'Signature cup.\\nFlavor profile: medium body.', NULL, '{"body": 3, "Color": 5, "aroma": 5, "flavor": 5, "bitterness": 1}', 'cold_steep', 't', 'نقع 36 ساعة في وعاء خزفي', 'Cold soak 36 hrs in ceramic vessel.', NULL, NULL, NULL),
('CS-013', 'بريسو الجبال', 'Brysw Aljbal', 'للاسترخاء والتوازن، مشروب بنكهة عشبية مع لمسة ترابية خفيفة.', 'Signature cup.\\nFlavor profile: medium-full body.', NULL, '{"body": 4, "Color": 4, "aroma": 4, "flavor": 4, "bitterness": 3}', 'cold_steep', 't', 'نقع 24 ساعة + ورد مجفف', 'Cold soak 24 hrs; add dried rose.', NULL, NULL, NULL),
('CS-015', 'النسيم الآسيوي', 'Alnsym AlآSywy', 'لطاقة مستدامة، مشروب قوي بنكهات عشبية جريئة ولمسة ترابية.', 'Bold cup.\\nFlavor profile: medium-full body.', NULL, '{"body": 4, "Color": 3, "aroma": 3, "flavor": 4, "bitterness": 3}', 'cold_steep', 't', 'نقع 24 ساعة + ليمون كفيري', 'Cold soak 24 hrs; add kaffir lime, lemon.', NULL, NULL, NULL),
('CS-018', 'الهارب الإفريقي', 'Alharb AlإFryqy', 'لأداء بدني عالي، مشروب قوي بنكهات عشبية جريئة وحمضية لاذعة.', 'Bold cup.\\nFlavor profile: medium-full body.', NULL, '{"body": 4, "Color": 4, "aroma": 4, "flavor": 4, "bitterness": 3}', 'cold_steep', 't', 'نقع 18 ساعة بمياه غازية', 'Cold soak 18 hrs in sparkling water.', NULL, NULL, NULL),
('CS-019', 'باسيفيك بلينز', 'Basyfyk Blynz', 'مضادات أكسدة عالية، مشروب نقي يجمع بين النكهات العشبية المشرقة والناعمة.', 'Signature cup.\\nFlavor profile: medium body.', NULL, '{"body": 3, "Color": 5, "aroma": 5, "flavor": 5, "bitterness": 2}', 'cold_steep', 't', 'نقع 24 ساعة في إبريق زجاجي', 'Cold soak 24 hrs in glass pitcher.', NULL, NULL, NULL),
('CS-020', 'الندى الصباحي', 'Alnda Alsbahy', 'لحيوية البشرة والشعر، مشروب يجمع بين النكهات العشبية والترابية مع لمسة زهرية.', 'Signature cup.\\nFlavor profile: medium-full body.', NULL, '{"body": 4, "Color": 5, "aroma": 5, "flavor": 5, "bitterness": 2}', 'cold_steep', 't', 'نقع 48 ساعة مع عسل طبيعي', 'Cold soak 48 hrs; add natural honey, honey.', NULL, NULL, NULL),
('CS-022', 'كولومبيا النقي (كولد برو)', 'Colombia Alnqy (Kwld Brw)', 'لتوازن المزاج والطاقة، مشروب نقي بنكهة عشبية كلاسيكية.', 'Signature cup.\\nFlavor profile: medium body.', NULL, '{"body": 3, "Color": 4, "aroma": 5, "flavor": 5, "bitterness": 2}', 'cold_steep', 't', 'نقع 18 ساعة', 'Cold soak 18 hrs.', NULL, NULL, NULL),
('CB-SIG-01', 'ليالي القاهرة', 'Lyaly Alqahra', 'سهرة في القاهرة، مشروب بارد ناعم بنكهة الشوكولاتة ولمسة دافئة من الهيل.', 'Signature cup.\\nFlavor profile: chocolate, cardamom; low acidity; full body.', NULL, '{"body": 5, "aroma": 5, "acidity": 2, "clarity": 4, "complexity": 4}', 'cold_brew', 't', 'نقع 16 ساعة', 'Cold steep; 16 hrs.', NULL, NULL, NULL),
('CB-SIG-02', 'نسمة صيف', 'Nsma Syf', 'نسمة صيف منعشة، مشروب بارد يجمع بين رائحة الزهور وحمضية الفواكه المنعشة.', 'Refreshing cup.\\nFlavor profile: floral; balanced acidity; medium body.', NULL, '{"body": 3, "aroma": 5, "acidity": 3, "clarity": 5, "complexity": 4}', 'cold_brew', 't', 'نقع 20 ساعة', 'Cold steep; 20 hrs.', NULL, NULL, NULL),
('CB01', 'توليفتي™ إثيوبيا كولد', 'Tawlefti™ Ethiopia Cold', 'مشروب بارد نقي وعطري، يجمع بين رائحة الياسمين الفواحة وحمضية الليمون المنعشة.', 'Refreshing cup.\\nFlavor profile: jasmine; low acidity; medium body.', NULL, '{"body": 3, "aroma": 5, "acidity": 2, "clarity": 5, "complexity": 4}', 'cold_brew', 't', 'نقع 18 ساعة، ماء 5°م', 'Cold steep; 18 hrs; water 5°C.', NULL, NULL, NULL),
('CB02', 'توليفتي™ كينيا كولد', 'Tawlefti™ Kynya Cold', 'مشروب كيني بارد وجريء، يجمع بين حمضية العنب الأسود اللاذعة ولمسة من التوابل الوردية.', 'Bold cup.\\nFlavor profile: balanced acidity; medium-full body.', NULL, '{"body": 4, "aroma": 4, "acidity": 3, "clarity": 4, "complexity": 5}', 'cold_brew', 't', 'نقع 24 ساعة، تحريك أولي', 'Cold steep; 24 hrs; initial stir.', NULL, NULL, NULL),
('CS-021', 'أصل هرر (كولد برو)', 'Origin Hrr (Kwld Brw)', 'مضادات أكسدة فائقة، مشروب بنكهة عشبية فاكهية مميزة.', 'Signature cup.\\nFlavor profile: medium body.', NULL, '{"body": 3, "Color": 5, "aroma": 5, "color": 3, "flavor": 5, "bitterness": 2}', 'cold-infusion', 't', 'نقع 20 ساعة', 'Cold soak 20 hrs.', NULL, NULL, NULL),
('CS-014', 'هاواي البكر', 'Hawaii Albkr', 'نكهة غنية ومنعشة، مشروب يجمع بين النكهات العشبية المشرقة والناعمة.', 'Refreshing cup.\\nFlavor profile: medium-full body.', NULL, '{"body": 4, "Color": 4, "aroma": 4, "color": 3, "flavor": 5, "bitterness": 2}', 'cold-infusion', 't', 'نقع 18 ساعة بماء الينابيع', 'Cold soak 18 hrs.', NULL, NULL, NULL),
('CS-010', 'نقاء كوستاريكا', 'pure Costa Rica', 'مضاد للأكسدة ومنعش، مشروب نقي جداً بنكهة عشبية رقيقة وحمضية مشرقة.', 'Refreshing cup.\\nFlavor profile: medium body.', NULL, '{"body": 3, "Color": 5, "aroma": 5, "flavor": 5, "bitterness": 1}', 'cold-infusion', 't', 'نقع 24 ساعة + عود فانيليا', 'Cold soak 24 hrs; add vanilla bean, vanilla.', NULL, NULL, NULL),
('CS-017', 'الغابة السوداء', 'Alghaba Alswdaء', 'للطاقة والقوة، مشروب بنكهات عشبية مع لمسة ترابية خفيفة.', 'Signature cup.\\nFlavor profile: medium-full body.', NULL, '{"body": 4, "Color": 3, "aroma": 3, "flavor": 4, "bitterness": 2}', 'cold-infusion', 't', 'نقع 24 ساعة + كرز مجفف', 'Cold soak 24 hrs; add dried cherries.', NULL, NULL, NULL),
('CB03', 'توليفتي™ كولومبيا كولد', 'Tawlefti™ Colombia Cold', 'مشروب بارد ومتوازن، يجمع بين حلاوة التفاح الأخضر ونعومة العسل الصافي.', 'Signature cup.\\nFlavor profile: honey, apple; low acidity; full body.', NULL, '{"body": 5, "aroma": 3, "acidity": 2, "clarity": 4, "complexity": 3}', 'cold_brew', 't', 'نقع 12 ساعة، ماء 4°م', 'Cold steep; 12 hrs; water 4°C.', NULL, NULL, NULL),
('CB04', 'توليفتي™ كوستاريكا كولد', 'Tawlefti™ Costa Rica Cold', 'كوب بارد وحلو، يجمع بين حلاوة عسل الأكاسيا ونكهة الخوخ الصيفي المنعشة.', 'Refreshing cup.\\nFlavor profile: honey, peach; low acidity; full body.', NULL, '{"body": 5, "aroma": 4, "acidity": 2, "clarity": 3, "complexity": 3}', 'cold_brew', 't', 'نقع 20 ساعة', 'Cold steep; 20 hrs.', NULL, NULL, NULL),
('CB05', 'موكا آيسد', 'Mocha آYsd', 'تجربة يمنية باردة، تجمع بين عمق الكاكاو الخام وحلاوة التمر مع لمسة فاخرة من الهيل.', 'Luxurious cup.\\nFlavor profile: cocoa, cardamom, date; very low acidity; full body.', NULL, '{"body": 5, "aroma": 5, "acidity": 1, "clarity": 2, "complexity": 5}', 'cold_brew', 't', 'نقع 18 ساعة + ½ ملعقة هيل', 'Cold steep; 18 hrs; add 1/2 tsp cardamom.', NULL, NULL, NULL),
('CB07', 'بيرو العضوي كولد', 'Byrw Aladwy Cold', 'كوب عضوي بارد ومنعش، يجمع بين حلاوة الأناناس الاستوائية وحلاوة قصب السكر الطبيعية.', 'Refreshing cup.\\nFlavor profile: pineapple; balanced acidity; medium-full body.', NULL, '{"body": 4, "aroma": 3, "acidity": 3, "clarity": 4, "complexity": 3}', 'cold_brew', 't', 'نقع 14 ساعة', 'Cold steep; 14 hrs.', NULL, NULL, NULL),
('CB08', 'مانديلينج آيس', 'Mandheling آYs', 'مشروب بارد غني وعميق، يجمع بين حلاوة توت العليق والنكهات الترابية الأصيلة.', 'Signature cup.\\nFlavor profile: berry; very low acidity; full body.', NULL, '{"body": 5, "aroma": 4, "acidity": 1, "clarity": 2, "complexity": 4}', 'cold_brew', 't', 'نقع 24 ساعة', 'Cold steep; 24 hrs.', NULL, NULL, NULL),
('CB09', 'دا لات آيسد', 'Da Lat آYsd', 'مشروب بارد وقوي، بنكهة الكراميل المحروق وحلاوة جوز الهند.', 'Bold cup.\\nFlavor profile: caramel; very low acidity; full body.', NULL, '{"body": 5, "aroma": 3, "acidity": 1, "clarity": 1, "complexity": 2}', 'cold_brew', 't', 'نقع 18 ساعة', 'Cold steep; 18 hrs.', NULL, NULL, NULL),
('CB11', 'سيرادو كولد', 'Cerrado Cold', 'مشروب برازيلي كلاسيكي بارد، يجمع بين نكهة البندق المحمص وحلاوة الكراميل.', 'Signature cup.\\nFlavor profile: caramel, hazelnut; low acidity; full body.', NULL, '{"body": 5, "aroma": 3.5, "acidity": 2, "clarity": 3, "complexity": 2.5}', 'cold_brew', 't', 'نقع 16 ساعة', 'Cold steep; 16 hrs.', NULL, NULL, NULL),
('CB12', 'كونا آيسد', 'Kwna آYsd', 'تجربة استوائية باردة، تجمع بين نعومة الفانيليا وحلاوة الأناناس المنعشة.', 'Refreshing cup.\\nFlavor profile: pineapple, vanilla; balanced acidity; full body.', NULL, '{"body": 5, "aroma": 4, "acidity": 3, "clarity": 3, "complexity": 4}', 'cold_brew', 't', 'نقع 14 ساعة', 'Cold steep; 14 hrs.', NULL, NULL, NULL),
('CB13', 'أوغندا روبوستا آيس', 'أWghnda Rwbwsta آYs', 'مشروب قوي ومركز، بنكهة الكاكاو المر واللمسة الدخانية الكلاسيكية.', 'Bold cup.\\nFlavor profile: cocoa; very low acidity; full body.', NULL, '{"body": 5, "aroma": 2, "acidity": 1, "clarity": 1, "complexity": 1}', 'cold_brew', 't', 'نقع 12 ساعة', 'Cold steep; 12 hrs.', NULL, NULL, NULL),
('CB14', 'كولومبيا بالعسل', 'Colombia Balasl', 'حلاوة مضاعفة، يجمع بين نكهة التفاح الأحمر وحلاوة عسل الأوكالبتوس الطبيعي.', 'Signature cup.\\nFlavor profile: honey, apple; low acidity; medium-full body.', NULL, '{"body": 4, "aroma": 5, "acidity": 2, "clarity": 4, "complexity": 4}', 'cold_brew', 't', 'نقع 18 ساعة + عسل عند التقديم', 'Cold steep; 18 hrs; add honey at serve.', NULL, NULL, NULL),
('CB15', 'سيدامو آيس', 'Sidamo آYs', 'مشروب إثيوبي بارد ونقي، يجمع بين حمضية البرتقال ونعومة الشاي الأخضر.', 'Signature cup.\\nFlavor profile: balanced acidity; light body.', NULL, '{"body": 2, "aroma": 5, "acidity": 3, "clarity": 5, "complexity": 4}', 'cold_brew', 't', 'نقع 16 ساعة', 'Cold steep; 16 hrs.', NULL, NULL, NULL),
('CB16', 'مونسونيد آيسد', 'Mwnswnyd آYsd', 'مشروب هندي فريد، يجمع بين دفء التوابل الذهبية وحلاوة التمر الهندي اللاذعة.', 'Comforting cup.\\nFlavor profile: date; very low acidity; medium-full body.', NULL, '{"body": 4, "aroma": 4, "acidity": 1, "clarity": 2, "complexity": 5}', 'cold_brew', 't', 'نقع 24 ساعة', 'Cold steep; 24 hrs.', NULL, NULL, NULL),
('CB17', 'ألتورا كولد', 'أLtwra Cold', 'مشروب بارد ومريح، يجمع بين حلاوة الفول السوداني المحمص ودفء القرفة العطرية.', 'Comforting cup.\\nFlavor profile: cinnamon; low acidity; full body.', NULL, '{"body": 5.5, "aroma": 4, "acidity": 2, "clarity": 3, "complexity": 4}', 'cold_brew', 't', 'نقع 18 ساعة + عود قرفة', 'Cold steep; 18 hrs; add cinnamon.', NULL, NULL, NULL),
('CB18', 'روبوستا آيسد', 'Rwbwsta آYsd', 'قوة مركزة، مشروب بارد بنكهة الكراميل الأسود وعمق الكاكاو الخام.', 'Signature cup.\\nFlavor profile: caramel, cocoa; very low acidity; full body.', NULL, '{"body": 5, "aroma": 3, "acidity": 1, "clarity": 1, "complexity": 2.2}', 'cold_brew', 't', 'نقع 12 ساعة', 'Cold steep; 12 hrs.', NULL, NULL, NULL),
('CB19', 'توفي إثيوبيا كولد', 'Twfy Ethiopia Cold', 'مشروب بارد فاخر، يجمع بين عطرية الشاي الفاخر وحمضية التوت البري المنعشة.', 'Luxurious cup.\\nFlavor profile: berry; low acidity; medium-full body.', NULL, '{"body": 3.5, "aroma": 5, "acidity": 2, "clarity": 5, "complexity": 4.5}', 'cold_brew', 't', 'نقع 20 ساعة', 'Cold steep; 20 hrs.', NULL, NULL, NULL),
('CM01', 'توليفتي™ إثيوبيا كيمكس', 'Tawlefti™ Ethiopia Chemex', 'كوب نقي وصافٍ كالشاي، تفوح منه رائحة الياسمين العطرية مع حمضية الليمون المنعشة.', 'Refreshing cup.\\nFlavor profile: jasmine; high acidity; light body.', NULL, '{"body": 2, "aroma": 5, "acidity": 5, "clarity": 5, "complexity": 4}', 'chemex', 't', '4 صبات متدرجة', '4 staged pours; Staged pour', NULL, NULL, NULL),
('CM02', 'توليفتي™ كينيا كيمكس', 'Tawlefti™ Kynya Chemex', 'تجربة كينية جريئة ونقية، تتميز بحمضية الفواكه اللاذعة مع لمسة عطرية من التوابل الوردية الرقيقة.', 'Signature cup.\\nFlavor profile: high acidity; medium body.', NULL, '{"body": 3, "aroma": 4, "acidity": 5, "clarity": 4, "complexity": 5}', 'chemex', 't', 'صب حلزوني بطيء', 'Spiral pour (slow)', NULL, NULL, NULL),
('CM03', 'توليفتي™ كولومبيا كيمكس', 'Tawlefti™ Colombia Chemex', 'فنجان متوازن ومثالي، يجمع بين حلاوة التفاح الأخضر ونعومة العسل الصافي.', 'Signature cup.\\nFlavor profile: honey, apple; balanced acidity; medium-full body.', NULL, '{"body": 4, "aroma": 3, "acidity": 3, "clarity": 4, "complexity": 3}', 'chemex', 't', '3 صبات متساوية', '3 equal pours', NULL, NULL, NULL),
('CM04', 'توليفتي™ كوستاريكا كيمكس', 'Tawlefti™ Costa Rica Chemex', 'كوب صافٍ وحلو، يجمع بين حلاوة العسل الذهبي ونكهة الخوخ الصيفي المنعشة.', 'Refreshing cup.\\nFlavor profile: honey, peach; bright acidity; medium body.', NULL, '{"body": 3, "aroma": 4, "acidity": 4, "clarity": 3, "complexity": 3}', 'chemex', 't', 'صب دائري مكثف', 'Circular pour (intense)', NULL, NULL, NULL),
('CM05', 'موكا كلاسيك', 'Mocha Classic', 'رحلة إلى اليمن في فنجان، بنكهة الكاكاو الأصيلة وحمضية التوت البري في كوب صافٍ ونقي.', 'A journey in a cup.\\nFlavor profile: cocoa, berry; low acidity; medium-full body.', NULL, '{"body": 4, "aroma": 5, "acidity": 2, "clarity": 2, "complexity": 5}', 'chemex', 't', 'ماء 90°م + صب طبقات', 'Layered pour; water 90°C', NULL, NULL, NULL),
('CM06', 'أنتيغوا بريميوم', 'Antigua Brymywm', 'فنجان فاخر ونقي، يبرز نكهة الكرز الأسود الحلو مع عمق الشوكولاتة الداكنة.', 'Luxurious cup.\\nFlavor profile: chocolate; balanced acidity; full body.', NULL, '{"body": 5, "aroma": 4, "acidity": 3, "clarity": 3, "complexity": 4}', 'chemex', 't', 'صب مزدوج (30%+70%)', 'Double pour; split 30%+70%', NULL, NULL, NULL),
('CM07', 'بيرو العضوية', 'Byrw Aladwya', 'كوب عضوي منعش، يجمع بين حلاوة الأناناس الاستوائية وحلاوة قصب السكر الطبيعية.', 'Refreshing cup.\\nFlavor profile: pineapple; bright acidity; medium body.', NULL, '{"body": 3, "aroma": 3, "acidity": 4, "clarity": 4, "complexity": 3}', 'chemex', 't', 'صب دائري سريع', 'Circular pour (fast)', NULL, NULL, NULL),
('CM08', 'مانديلينج كيمكس', 'Mandheling Chemex', 'تجربة ترابية غنية، تجمع بين حلاوة التوت الأسود وعمق النكهات الأصيلة في كوب صافٍ.', 'Signature cup.\\nFlavor profile: berry; low acidity; full body.', NULL, '{"body": 5, "aroma": 4, "acidity": 2, "clarity": 2, "complexity": 4}', 'chemex', 't', 'صب مركز + تقليب', 'Center pour', NULL, NULL, NULL),
('CM09', 'دا لات ريزرف', 'Da Lat Ryzrf', 'فنجان قوي ونقي، بنكهة خشب الأرز والكراميل الداكن، مثالي لمحبي القهوة الكلاسيكية.', 'Bold cup.\\nFlavor profile: caramel; very low acidity; full body.', NULL, '{"body": 5, "aroma": 3, "acidity": 1, "clarity": 1, "complexity": 2}', 'chemex', 't', 'ماء 95°م', 'water 95°C', NULL, NULL, NULL),
('CM10', 'أفريكان بلند كيمكس', 'أFrykan Blnd Chemex', 'احتفال بالنكهات الأفريقية، يجمع بين حمضية اليوسفي المنعشة ولمسة الزنجبيل الحارة في كوب نقي.', 'Refreshing cup.\\nFlavor profile: high acidity; medium body.', NULL, '{"body": 3, "aroma": 5, "acidity": 5, "clarity": 5, "complexity": 5}', 'chemex', 't', 'إضافة قشر برتقال', 'add orange peel', NULL, NULL, NULL),
('CM11', 'سيرادو سويتال', 'Cerrado Swytal', 'كوب برازيلي صافٍ وحلو، يبرز نكهة البندق المحمص والكراميل الذهبي.', 'Signature cup.\\nFlavor profile: caramel, hazelnut; low acidity; medium-full body.', NULL, '{"body": 4, "aroma": 3, "acidity": 2, "clarity": 3, "complexity": 2}', 'chemex', 't', 'صب حلزوني', 'Spiral pour', NULL, NULL, NULL),
('CM12', 'كونا الذهبي', 'Kwna Alihby', 'فنجان استوائي نقي، يجمع بين حلاوة الفانيليا ونكهة الأناناس المنعشة.', 'Refreshing cup.\\nFlavor profile: pineapple, vanilla; balanced acidity; medium-full body.', NULL, '{"body": 4, "aroma": 4, "acidity": 3, "clarity": 3, "complexity": 3}', 'chemex', 't', 'صب دائري بطيء', 'Circular pour (slow)', NULL, NULL, NULL),
('CM13', 'أوغندا فلات', 'أWghnda Flat', 'كوب قوي وصريح، بنكهة الكاكاو المر واللمسة الدخانية الكلاسيكية.', 'Bold cup.\\nFlavor profile: cocoa; very low acidity; full body.', NULL, '{"body": 5, "aroma": 2, "acidity": 1, "clarity": 1, "complexity": 1}', 'chemex', 't', '4 صبات بفواصل', '4 pours', NULL, NULL, NULL),
('CM14', 'هويلا ميدل', 'Huila Mydl', 'فنجان كولومبي متوازن، يجمع بين حلاوة التفاح الأحمر والعسل الصافي في كوب نقي.', 'Signature cup.\\nFlavor profile: honey, apple; bright acidity; medium body.', NULL, '{"body": 3, "aroma": 4, "acidity": 4, "clarity": 4, "complexity": 3}', 'chemex', 't', 'صب سريع متكرر', 'fast', NULL, NULL, NULL),
('CM15', 'سيدامو أروماتيك', 'Sidamo أRwmatyk', 'عطر فاخر في فنجانك، يجمع بين حمضية البرتقال ولمسة الزنجبيل المنعشة.', 'Luxurious cup.\\nFlavor profile: high acidity; light body.', NULL, '{"body": 2, "aroma": 5, "acidity": 5, "clarity": 5, "complexity": 4}', 'chemex', 't', 'ماء 89°م', 'water 89°C', NULL, NULL, NULL),
('CM16', 'مونسونيد سبيشل', 'Mwnswnyd Sbyshl', 'تجربة هندية فريدة، تجمع بين دفء التوابل الذهبية وحلاوة التمر الهندي اللاذعة.', 'Comforting cup.\\nFlavor profile: date; low acidity; medium-full body.', NULL, '{"body": 4, "aroma": 4, "acidity": 2, "clarity": 2, "complexity": 5}', 'chemex', 't', 'صب حلزوني مكثف', 'Spiral pour (intense)', NULL, NULL, NULL),
('CM17', 'ألتورا بالانس', 'أLtwra Balance', 'كوب متوازن ومريح، يجمع بين حلاوة الفول السوداني المحمص ودفء القرفة.', 'Comforting cup.\\nFlavor profile: cinnamon; balanced acidity; medium-full body.', NULL, '{"body": 4, "aroma": 4, "acidity": 3, "clarity": 3, "complexity": 4}', 'chemex', 't', 'إضافة عود قرفة', 'add cinnamon stick, cinnamon', NULL, NULL, NULL),
('CM18', 'روبوستا إسبرسو بلند', 'Rwbwsta إSbrsw Blnd', 'قوة الإسبريسو في كوب فلتر، بنكهة الكراميل الأسود والكاكاو الخام.', 'Signature cup.\\nFlavor profile: caramel, cocoa; very low acidity; full body.', NULL, '{"body": 5, "aroma": 3, "acidity": 1, "clarity": 1, "complexity": 2}', 'chemex', 't', 'ماء 96°م', 'water 96°C', NULL, NULL, NULL),
('CM19', 'توفي إثيوبيا زهري', 'Twfy Ethiopia Zhry', 'فنجان شاعري، يجمع بين عطرية الشاي الفاخر وحمضية التوت البري مع لمسة رقيقة من الزهور.', 'Luxurious cup.\\nFlavor profile: berry, floral; high acidity; light body.', NULL, '{"body": 2, "aroma": 5, "acidity": 5, "clarity": 5, "complexity": 4}', 'chemex', 't', 'إضافة وردة مجففة', 'add rose', NULL, NULL, NULL),
('CM20', 'كيمكس شوكولاتة برتقالية', 'Chemex Shwkwlata Brtqalya', 'مزيج فاخر ومبتكر، يجمع بين عمق الكاكاو وحمضية البرتقال المنعشة في كوب واحد.', 'Luxurious cup.\\nFlavor profile: cocoa; bright acidity; medium-full body.', NULL, '{"body": 4, "aroma": 5, "acidity": 4, "clarity": 4, "complexity": 5}', 'chemex', 't', 'رش قشر برتقال فوق المرشح', 'add orange peel, orange peel on filter', NULL, NULL, NULL),
('CM21', 'كيمكس غواتيمالا', 'Chemex Ghwatymala', 'كوب نقي جداً، يبرز نكهة الشوكولاتة الداكنة الفاخرة مع حلاوة الكرز الحلو.', 'Luxurious cup.\\nFlavor profile: chocolate; balanced acidity; full body.', NULL, '{"body": 5, "aroma": 4, "acidity": 3, "clarity": 5, "complexity": 4}', 'chemex', 't', 'صب مزدوج', 'Double pour', NULL, NULL, NULL),
('CM22', 'كيمكس كنوز اليمن', 'Chemex Knwz Alymn', 'كنز من النكهات في فنجان، يجمع حلاوة الفواكه المجففة مع تعقيد التوابل الشرقية الفاخرة.', 'Luxurious cup.\\nFlavor profile: balanced acidity; medium-full body.', NULL, '{"body": 4, "aroma": 5, "acidity": 3, "clarity": 4, "complexity": 5}', 'chemex', 't', 'صب طبقات', 'Layered pour', NULL, NULL, NULL),
('ESP-01', 'ذهب روما', 'Gold Roma', 'إسبريسو إيطالي كلاسيكي، بكريمة ذهبية غنية ونكهة تجمع بين الكاكاو والمكسرات مع لمسة دافئة من التوابل.', 'Signature cup.\\nFlavor profile: cocoa; full body.', NULL, '{"body": 5, "balance": 4, "intensity": 5, "aftertaste": 4}', 'espresso', 't', NULL, NULL, NULL, NULL, NULL),
('ESP-02', 'نوار إنتنسو', 'Noir إNtnsw', 'إسبريسو قوي وعميق للخبراء، يجمع بين مرارة الكاكاو الداكنة وحلاوة التوت الأسود مع لمسة دخانية كلاسيكية.', 'Bold cup.\\nFlavor profile: cocoa, berry; full body.', NULL, '{"body": 5, "balance": 4, "intensity": 5, "aftertaste": 5}', 'espresso', 't', NULL, NULL, NULL, NULL, NULL),
('ESP-03', 'كريما فيلفيت', 'Crema Velvet', 'شوت إسبريسو ناعم ومخملي، يجمع بين حلاوة الكراميل والفواكه المجففة مع قوام كريمي يذوب في الفم.', 'Signature cup.\\nFlavor profile: caramel; medium-full body.', NULL, '{"body": 4, "balance": 4, "intensity": 4, "aftertaste": 4}', 'espresso', 't', NULL, NULL, NULL, NULL, NULL),
('ESP-04', 'نبض أفريقيا', 'Nbd أFryqya', 'تجربة أفريقية مشرقة، شوت إسبريسو بحمضية التوت البري المنعشة ورائحة الزهور مع لمسة ليمونية لاذعة.', 'Refreshing cup.\\nFlavor profile: berry, floral; medium body.', NULL, '{"body": 3, "balance": 5, "intensity": 3, "aftertaste": 4}', 'espresso', 't', NULL, NULL, NULL, NULL, NULL),
('ESP-05', 'حرير الأنديز', 'Hryr AlأNdyz', 'إسبريسو ناعم كالحرير، يجمع بين حمضية التفاح الأخضر المنعشة وحلاوة العسل الصافي وقوام متوازن.', 'Refreshing cup.\\nFlavor profile: honey, apple; medium-full body.', NULL, '{"body": 4, "balance": 5, "intensity": 4, "aftertaste": 4}', 'espresso', 't', NULL, NULL, NULL, NULL, NULL),
('ESP-06', 'ياقوت الحبشة', 'Yaqwt Alhbsha', 'شوت إسبريسو فاكهي وعصيري، يجمع بين حلاوة الخوخ والشوكولاتة البيضاء مع حمضية مشرقة وممتعة.', 'Signature cup.\\nFlavor profile: chocolate, peach; medium body.', NULL, '{"body": 3, "balance": 5, "intensity": 3.5, "aftertaste": 4}', 'espresso', 't', NULL, NULL, NULL, NULL, NULL),
('ESP-07', 'روح سومطرة', 'Rwh Swmtra', 'رحلة إلى آسيا، إسبريسو غني وعميق يجمع بين رائحة خشب الصندل الفاخرة وحلاوة التمر مع لمسة قرفة دافئة.', 'Luxurious cup.\\nFlavor profile: cinnamon, date; full body.', NULL, '{"body": 5, "balance": 4, "intensity": 5, "aftertaste": 5}', 'espresso', 't', NULL, NULL, NULL, NULL, NULL),
('ESP-08', 'توازن جنيف', 'Twazn Jnyf', 'إسبريسو متوازن وأنيق، يجمع بين نكهة جوز البقان المحمص وحلاوة الكرز الأسود مع نهاية نظيفة ومنعشة.', 'Refreshing cup.\\nFlavor profile: pecan; medium-full body.', NULL, '{"body": 4, "balance": 5, "intensity": 4, "aftertaste": 4}', 'espresso', 't', NULL, NULL, NULL, NULL, NULL),
('ESP-09', 'عطر زنجبار', 'Atr Znjbar', 'عطر فاخر في فنجان، إسبريسو يجمع بين رائحة الياسمين وحلاوة المانجو مع لمسة زنجبيل منعشة.', 'Luxurious cup.\\nFlavor profile: jasmine; medium body.', NULL, '{"body": 3, "balance": 5.5, "intensity": 3, "aftertaste": 4}', 'espresso', 't', NULL, NULL, NULL, NULL, NULL),
('ESP-11', 'لندن بلند', 'Lndn Blnd', 'مزيج لندني أنيق، يجمع بين حلاوة شوكولاتة الحليب والكراميل المملح في شوت إسبريسو غني.', 'Signature cup.\\nFlavor profile: caramel, chocolate; medium-full body.', NULL, '{"body": 4.5, "balance": 4, "intensity": 4, "aftertaste": 4}', 'espresso', 't', NULL, NULL, NULL, NULL, NULL),
('ESP-12', 'قافلة الملوك', 'Qafla Almlwk', 'رحلة مع قافلة الملوك، إسبريسو فاخر يجمع بين حلاوة التمر والتين المجفف مع لمسة دافئة من العنبر.', 'Luxurious cup.\\nFlavor profile: date; medium-full body.', NULL, '{"body": 4, "balance": 4, "intensity": 4.5, "aftertaste": 4}', 'espresso', 't', NULL, NULL, NULL, NULL, NULL),
('ESP-15', 'توت وكراميل', 'Twt Wkramyl', 'مزيج ممتع، يجمع بين حلاوة الكراميل ونكهة المكسرات مع حمضية توت العليق المنعشة.', 'Refreshing cup.\\nFlavor profile: caramel, berry; medium-full body.', NULL, '{"body": 4, "balance": 3.5, "intensity": 4, "aftertaste": 4}', 'espresso', 't', NULL, NULL, NULL, NULL, NULL),
('ESP-17', 'كينيا AA+', 'Kynya Aa+', 'تجربة كينية جريئة، تتميز بحمضية الفواكه اللاذعة ونكهة العنب الأسود مع لمسة حمضية مشرقة.', 'Signature cup.\\nFlavor profile: medium body.', NULL, '{"body": 3, "balance": 5, "intensity": 3, "aftertaste": 4}', 'espresso', 't', NULL, NULL, NULL, NULL, NULL),
('ESP-18', 'كريما برازيليا', 'Crema Brazylya', 'إسبريسو برازيلي غني بكريمة كثيفة، يجمع بين نكهة اللوز والكراميل وقوام دسم وممتلئ.', 'Signature cup.\\nFlavor profile: caramel; full body.', NULL, '{"body": 5, "balance": 4, "intensity": 5.5, "aftertaste": 4}', 'espresso', 't', NULL, NULL, NULL, NULL, NULL),
('ESP-19', 'كنز اليمن', 'Knz Alymn', 'كنز من النكهات، إسبريسو يجمع بين حلاوة التمر والكمثرى المجففة مع لمسة ترابية أصيلة.', 'Signature cup.\\nFlavor profile: date; medium-full body.', NULL, '{"body": 4, "balance": 4, "intensity": 4, "aftertaste": 4}', 'espresso', 't', NULL, NULL, NULL, NULL, NULL),
('ESP-20', 'شوكو جواتيمالا', 'Choco Jwatymala', 'لعشاق الشوكولاتة، إسبريسو بنكهة الكاكاو الخام وجوز البقان مع حمضية برتقال خفيفة.', 'Signature cup.\\nFlavor profile: pecan, chocolate, cocoa; medium-full body.', NULL, '{"body": 4, "balance": 4, "intensity": 4, "aftertaste": 4}', 'espresso', 't', NULL, NULL, NULL, NULL, NULL),
('ESP-22', 'فولكانو إنتنسو', 'Fwlkanw إNtnsw', 'بركان من القوة، إسبريسو بنكهة الشوكولاتة الداكنة ولمسة فلفل حارة مع كريمة ثقيلة جداً.', 'Signature cup.\\nFlavor profile: chocolate; full body.', NULL, '{"body": 5, "balance": 3, "intensity": 5, "aftertaste": 4}', 'espresso', 't', NULL, NULL, NULL, NULL, NULL),
('ESP-23', 'سوبريمو كولومبيا', 'Swbrymw Colombia', 'إسبريسو كولومبي كلاسيكي، يتميز بحلاوة السكر البني ونكهة التفاح وقوام ناعم ومريح.', 'Comforting cup.\\nFlavor profile: apple; medium-full body.', NULL, '{"body": 4, "balance": 4, "intensity": 4, "aftertaste": 4}', 'espresso', 't', NULL, NULL, NULL, NULL, NULL),
('ESP-24', 'شروق أوسلو', 'Shrwq أWslw', 'شروق الشمس في فنجان، إسبريسو مشرق يجمع بين حمضية العنب الأخضر والزنجبيل وحلاوة عسل الأكاسيا.', 'Signature cup.\\nFlavor profile: honey; medium body.', NULL, '{"body": 3, "balance": 5, "intensity": 3.5, "aftertaste": 4}', 'espresso', 't', NULL, NULL, NULL, NULL, NULL),
('ESP-25', 'دبس سومطرة', 'Dbs Swmtra', 'إسبريسو آسيوي غني، يجمع بين رائحة خشب الأرز وحلاوة دبس التمر مع لمسة فانيليا ناعمة.', 'Signature cup.\\nFlavor profile: vanilla, date; medium-full body.', NULL, '{"body": 4.5, "balance": 5, "intensity": 4, "aftertaste": 4}', 'espresso', 't', NULL, NULL, NULL, NULL, NULL),
('ESP-29', 'شاي الهند', 'Shay Alhnd', 'تجربة هندية أنيقة، إسبريسو يجمع بين حلاوة الخوخ المجفف ودفء القرنفل ونكهة الشاي الأسود.', 'Comforting cup.\\nFlavor profile: peach; medium-full body.', NULL, '{"body": 4, "balance": 4, "intensity": 4, "aftertaste": 4}', 'espresso', 't', NULL, NULL, NULL, NULL, NULL),
('ESP-31', 'نعناع الكيوي', 'Nanaa Alkywy', 'مزيج مبتكر ومنعش، إسبريسو يجمع بين حمضية الكيوي وحلاوة الشوكولاتة البيضاء مع لمسة نعناع باردة.', 'Refreshing cup.\\nFlavor profile: chocolate; medium-full body.', NULL, '{"body": 3.5, "balance": 4.5, "intensity": 3, "aftertaste": 4}', 'espresso', 't', NULL, NULL, NULL, NULL, NULL),
('ESP-27', 'أوغندا باور', 'أWghnda Bawr', 'قوة مطلقة، إسبريسو بنكهة الكاجو واللمسة الدخانية مع نهاية مرة قوية ومميزة.', 'Bold cup.\\nFlavor profile: full body.', NULL, '{"body": 5, "crema": 3, "balance": 3, "intensity": 5, "aftertaste": 4}', 'espresso', 't', '', '', NULL, NULL, NULL),
('ESP-28', 'برتقال كوستا', 'Brtqal Kwsta', 'إسبريسو فاكهي ومنعش، يجمع بين حمضية البرتقال والتوت الأزرق مع حلاوة قصب السكر.', 'Refreshing cup.\\nFlavor profile: berry; medium-full body.', NULL, '{"body": 3.5, "crema": 3, "balance": 5, "intensity": 3, "aftertaste": 4}', 'espresso', 't', '', '', NULL, NULL, NULL),
('ESP-14', 'الختم الأسود', 'Alkhtm AlأSwd', 'إسبريسو قوي وجريء، يجمع بين النكهة الدخانية الكلاسيكية وحلاوة الكرز الأسود مع لمسة قرنفل دافئة.', 'Bold cup.\\nFlavor profile: medium-full body.', NULL, '{"body": 4.5, "crema": 3, "balance": 4.5, "intensity": 5, "aftertaste": 4}', 'espresso', 't', '', '', NULL, NULL, NULL),
('ESP-30', 'إكسير الشرق', 'إKsyr Alshrq', 'إكسير شرقي فاخر، إسبريسو يجمع بين دفء العنبر وحلاوة الزبيب مع رائحة الورد العطرية.', 'Luxurious cup.\\nFlavor profile: medium-full body.', NULL, '{"body": 4, "crema": 3, "balance": 4, "intensity": 4, "aftertaste": 4}', 'espresso', 't', '', '', NULL, NULL, NULL),
('ESP-26', 'بهارات سايجون', 'Bharat Sayjwn', 'رحلة إلى سايجون، إسبريسو قوي يجمع بين حلاوة الكراميل المحروق ودفء القرفة وجوزة الطيب.', 'A journey in a cup.\\nFlavor profile: caramel, cinnamon; full body.', NULL, '{"body": 5, "crema": 3, "balance": 3, "intensity": 5, "aftertaste": 4}', 'espresso', 't', '', '', NULL, NULL, NULL),
('ESP-13', 'بركان حمضي', 'Brkan Hmdy', 'انفجار من النكهات، إسبريسو بحمضية البرتقال الأحمر والتوت مع نهاية مقرمشة من اللوز المحمص.', 'Signature cup.\\nFlavor profile: berry; medium body.', NULL, '{"body": 3, "crema": 3, "balance": 5, "intensity": 3, "aftertaste": 4}', 'espresso', 't', '', '', NULL, NULL, NULL),
('ESP-21', 'بيرو بالانس', 'Byrw Balance', 'إسبريسو متوازن وناعم، يجمع بين حلاوة التفاح والعسل مع نكهة البندق المحببة.', 'Signature cup.\\nFlavor profile: hazelnut, honey, apple; medium-full body.', NULL, '{"body": 4.5, "crema": 3, "balance": 4, "intensity": 4, "aftertaste": 4}', 'espresso', 't', '', '', NULL, NULL, NULL),
('ESP-32', 'كلاسيك بلند', 'Classic Blnd', 'المزيج الكلاسيكي المحبوب، إسبريسو يجمع بين حلاوة الكراميل والبندق مع نهاية حلوة ومريحة.', 'Comforting cup.\\nFlavor profile: caramel, hazelnut; medium-full body.', NULL, '{"body": 4, "balance": 4, "intensity": 4, "aftertaste": 4}', 'espresso', 't', NULL, NULL, NULL, NULL, NULL),
('ESP-33', 'كاكاو فلورال', 'Kakaw Flwral', 'مزيج متناقض وممتع، يجمع بين مرارة الكاكاو المحببة ورائحة زهور البرتقال وحمضية الجريب فروت.', 'Signature cup.\\nFlavor profile: cocoa, floral; medium-full body.', NULL, '{"body": 4, "balance": 4, "intensity": 4, "aftertaste": 4}', 'espresso', 't', NULL, NULL, NULL, NULL, NULL),
('ESP-34', 'لاتيه آرت', 'Latyh آRt', 'الخيار الأمثل للاتيه، إسبريسو بقوام حريري يجمع بين حلاوة الكراميل المملح ونكهة الكعك اللذيذ.', 'Signature cup.\\nFlavor profile: caramel; full body.', NULL, '{"body": 5, "balance": 4, "intensity": 5, "aftertaste": 4}', 'espresso', 't', NULL, NULL, NULL, NULL, NULL),
('ESP-35', 'نيويورك دارك', 'Nywywrk Dark', 'إسبريسو قوي وعصري، يجمع بين حلاوة التوت الأسود والشوكولاتة مع دفء جوزة الطيب.', 'Comforting cup.\\nFlavor profile: chocolate, berry; medium-full body.', NULL, '{"body": 4, "balance": 4, "intensity": 4, "aftertaste": 4}', 'espresso', 't', NULL, NULL, NULL, NULL, NULL),
('ESP-36', 'هيل وزعفران', 'Hyl Wzafran', 'تجربة عربية فاخرة، إسبريسو يجمع بين حلاوة التمر ودفء الهيل ورائحة الزعفران الفاخرة.', 'Luxurious cup.\\nFlavor profile: saffron, cardamom, date; medium-full body.', NULL, '{"body": 4, "balance": 4, "intensity": 4, "aftertaste": 4}', 'espresso', 't', NULL, NULL, NULL, NULL, NULL),
('ESP-37', 'عسل الأنديز', 'Asl AlأNdyz', 'إسبريسو حلو ومشرق، يجمع بين حلاوة الكمثرى وعسل الأكاسيا مع حمضية الليمون المنعشة.', 'Refreshing cup.\\nFlavor profile: honey; medium-full body.', NULL, '{"body": 4, "balance": 4.5, "intensity": 3, "aftertaste": 4}', 'espresso', 't', NULL, NULL, NULL, NULL, NULL),
('ESP-38', 'ياقوت نيروبي', 'Yaqwt Nyrwby', 'ياقوتة كينية، إسبريسو بحمضية الفواكه الحمراء اللاذعة ونكهة العنب وحمضيات لامعة.', 'Signature cup.\\nFlavor profile: medium body.', NULL, '{"body": 3, "balance": 5, "intensity": 3, "aftertaste": 4}', 'espresso', 't', NULL, NULL, NULL, NULL, NULL),
('ESP-39', 'بركان الكريما', 'Brkan Alkryma', 'بركان من الكريما، إسبريسو قوي جداً بنكهة الكراميل المحروق وجوز البقان مع لمسة دخانية.', 'Bold cup.\\nFlavor profile: caramel, pecan; full body.', NULL, '{"body": 5, "balance": 3, "intensity": 5.5, "aftertaste": 4}', 'espresso', 't', NULL, NULL, NULL, NULL, NULL),
('ESP-40', 'شاي ليمو', 'Shay Lymw', 'فنجان شاي في شوت إسبريسو، يجمع بين حمضية الليمون ورائحة شاي إيرل جراي والزهور العطرية.', 'Signature cup.\\nFlavor profile: floral; light body.', NULL, '{"body": 2, "balance": 5, "intensity": 3, "aftertaste": 4}', 'espresso', 't', NULL, NULL, NULL, NULL, NULL),
('ESP-41', 'توابل كيرلا', 'Twabl Kyrla', 'رحلة إلى كيرلا، إسبريسو حار ودافئ يجمع بين لمسة الفلفل الأسود والتوابل الذهبية وحلاوة التين.', 'A journey in a cup.\\nFlavor profile: full body.', NULL, '{"body": 5, "balance": 3, "intensity": 5, "aftertaste": 4}', 'espresso', 't', NULL, NULL, NULL, NULL, NULL),
('ESP-42', 'رياح الأنديز', 'Ryah AlأNdyz', 'إسبريسو منعش، يجمع بين حمضية التفاح الأخضر ونكهة البندق مع لمسة من عشب الليمون.', 'Refreshing cup.\\nFlavor profile: hazelnut, apple; medium-full body.', NULL, '{"body": 4, "balance": 4, "intensity": 4, "aftertaste": 4}', 'espresso', 't', NULL, NULL, NULL, NULL, NULL),
('ESP-44', 'سفاري بلند', 'Sfary Blnd', 'مغامرة سفاري، إسبريسو يجمع بين حلاوة الأناناس ودفء الزنجبيل وعمق الكاكاو الخام.', 'Comforting cup.\\nFlavor profile: cocoa, pineapple; medium-full body.', NULL, '{"body": 4, "balance": 4, "intensity": 4, "aftertaste": 4}', 'espresso', 't', NULL, NULL, NULL, NULL, NULL),
('ESP-46', 'موكا عدن', 'Mocha Adn', 'رحلة إلى عدن، إسبريسو بنكهة شرقية أصيلة يجمع بين دفء العنبر وحمضية الرمان.', 'A journey in a cup.\\nFlavor profile: medium-full body.', NULL, '{"body": 4, "balance": 4, "intensity": 4, "aftertaste": 4}', 'espresso', 't', NULL, NULL, NULL, NULL, NULL),
('ESP-47', 'شوكو كرز', 'Choco Krz', 'مزيج لذيذ، إسبريسو يجمع بين عمق الكاكاو وحلاوة الكرز الأسود مع لمسة من جوز الهند.', 'Signature cup.\\nFlavor profile: cocoa; medium-full body.', NULL, '{"body": 4, "balance": 4, "intensity": 4, "aftertaste": 4}', 'espresso', 't', NULL, NULL, NULL, NULL, NULL),
('ESP-49', 'شاي المونسون', 'Shay Almwnswn', 'إسبريسو رقيق كالشاي، يجمع بين حلاوة الخوخ والعسل مع نعومة الشاي الأخضر.', 'Signature cup.\\nFlavor profile: honey, peach; medium body.', NULL, '{"body": 3, "balance": 5, "intensity": 3, "aftertaste": 4}', 'espresso', 't', NULL, NULL, NULL, NULL, NULL),
('ESP-45', 'أورجانيك بيرو', 'أWrjanyk Byrw', 'إسبريسو عضوي نقي، يجمع بين نكهة الجوز وحمضية التفاح الأخضر وحلاوة عسل الزهور.', 'Signature cup.\\nFlavor profile: honey, apple, floral; medium-full body.', NULL, '{"body": 4, "crema": 3, "balance": 4, "intensity": 4, "aftertaste": 4}', 'espresso', 't', '', '', NULL, NULL, NULL),
('ESP-50', 'الختم الذهبي', 'Alkhtm Alihby', 'الختم الذهبي للخبراء، مزيج معقد يجمع دفء العنبر، حلاوة الزبيب، عمق الكاكاو، ورائحة زهور البرتقال.', 'Comforting cup.\\nFlavor profile: cocoa, floral; medium-full body.', NULL, '{"body": 4, "crema": 3, "balance": 4, "intensity": 4, "aftertaste": 4}', 'espresso', 't', '', '', NULL, NULL, NULL),
('ESP-43', 'الختم الإيطالي', 'Alkhtm AlإYtaly', 'الختم الإيطالي الأصيل، إسبريسو قوي جداً يجمع بين النكهة الدخانية وحمضية توت العليق وعمق الشوكولاتة الداكنة.', 'Bold cup.\\nFlavor profile: chocolate, berry; full body.', NULL, '{"body": 5, "crema": 3, "balance": 3, "intensity": 5, "aftertaste": 4.5}', 'espresso', 't', '', '', NULL, NULL, NULL),
('FP02', 'توليفتي™ سوبر كريما', 'Tawlefti™ Super Crema', 'فنجان يتميز برغوته الكثيفة ونكهة الخبز المحمص الدافئة، مثالي لبداية اليوم.', 'Signature cup.\\nFlavor profile: balanced acidity; full body.', NULL, '{"body": 5, "aroma": 4, "acidity": 3, "clarity": 3, "complexity": 3}', 'french_press', 't', 'نقع 3:45 د، تقليب مزدوج', 'Steep; 3:45 min; double stir.', NULL, NULL, NULL),
('FP07', 'كينيا AA برس', 'Kynya Aa Press', 'تجربة كينية جريئة، تتميز بحمضية الفواكه الحمراء اللاذعة ولمسة دافئة من التوابل.', 'Signature cup.\\nFlavor profile: high acidity; medium-full body.', NULL, '{"body": 4, "aroma": 4, "acidity": 5, "clarity": 4, "complexity": 5}', 'french_press', 't', 'نقع 4 دقائق، ماء 92°م', 'Steep; 4 min; water 92°C.', NULL, NULL, NULL),
('FP13', 'هويلا كولومبيا', 'Huila Colombia', 'كوب كولومبي مشرق، يجمع بين حمضية البرتقال المنعشة وحلاوة قصب السكر الطبيعية.', 'Refreshing cup.\\nFlavor profile: bright acidity; medium body.', NULL, '{"body": 3, "aroma": 4, "acidity": 4, "clarity": 4, "complexity": 3}', 'french-press', 't', 'نقع 4 دقائق، ماء 92°م', 'Steep; 4 min; water 92°C.', NULL, NULL, NULL),
('FP04', 'أنتيغوا برس', 'Antigua Press', 'كوب غني ومريح، يجمع بين حلاوة الكرز الأسود ونعومة العسل الصافي.', 'Comforting cup.\\nFlavor profile: honey; balanced acidity; full body.', NULL, '{"body": 5, "aroma": 4, "acidity": 3, "clarity": 3, "complexity": 4}', 'french-press', 't', 'نقع 5 دقائق، ماء 93°م', 'Steep; 5 min; water 93°C.', NULL, NULL, NULL),
('FP12', 'أوغندا سيك', 'أWghnda Syk', 'فنجان قوي ودافئ، يجمع بين عمق الكاكاو ولمسة حارة من الفلفل الأسود.', 'Bold cup.\\nFlavor profile: cocoa; low acidity; full body.', NULL, '{"body": 5, "aroma": 3.5, "acidity": 2.5, "clarity": 2, "complexity": 3}', 'french-press', 't', 'نقع 4 دقائق، ماء 93°م', 'Steep; 4 min; water 93°C.', NULL, NULL, NULL),
('FP-SIG-01', 'الديوان', 'Aldywan', 'فنجان فاخر يليق بالخبراء، غني بالنكهات المعقدة ورائحة التوابل الشرقية العطرية.', 'Luxurious cup.\\nFlavor profile: balanced acidity; full body.', NULL, '{"body": 5, "aroma": 5, "acidity": 3, "clarity": 3, "complexity": 5}', 'french-press', 't', 'نقع 5 دقائق، ماء 89°م', 'Steep; 5 min; water 89°C.', NULL, NULL, NULL),
('FP09', 'بيرو أورجانيك', 'Byrw أWrjanyk', 'كوب عضوي ممتع، يجمع بين حلاوة الكراميل المملح ونكهات الفواكه الاستوائية المنعشة.', 'Refreshing cup.\\nFlavor profile: caramel; bright acidity; medium-full body.', NULL, '{"body": 4, "aroma": 3, "acidity": 4, "clarity": 4, "complexity": 3}', 'french-press', 't', 'نقع 4 دقائق، ماء 91°م', 'Steep; 4 min; water 91°C.', NULL, NULL, NULL),
('FP01', 'توليفتي™ كلاسيكو', 'Tawlefti™ Classico', 'كوب كلاسيكي بقوام كريمي غني، يمنحك نكهة الكراميل الحلوة التي تحبها.', 'Signature cup.\\nFlavor profile: caramel; low acidity; full body.', NULL, '{"body": 5, "aroma": 3, "acidity": 2, "clarity": 2, "complexity": 3}', 'french-press', 't', 'نقع 4 دقائق، ماء 95°م، تقليب', 'Steep; 4 min; water 95°C; stir.', NULL, NULL, NULL),
('FP11', 'دا لات فيتنام', 'Da Lat Fytnam', 'لمحبي القهوة القوية، كوب كلاسيكي بنكهة القهوة السوداء الصريحة ولمسة خشبية أصيلة.', 'Bold cup.\\nFlavor profile: very low acidity; full body.', NULL, '{"body": 5, "aroma": 3, "acidity": 2, "clarity": 2, "complexity": 2}', 'french-press', 't', 'نقع 4:30 د، تقليب مكثّف', 'Steep; 4:30 min; vigorous stir.', NULL, NULL, NULL),
('FP08', 'سيرادو البرازيل', 'Cerrado Albrazyl', 'فنجان برازيلي أصيل، يجمع بين نكهة البندق المحمص وحلاوة السكر البني الدافئة.', 'Signature cup.\\nFlavor profile: hazelnut; low acidity; full body.', NULL, '{"body": 5, "aroma": 3, "acidity": 2, "clarity": 3, "complexity": 2}', 'french-press', 't', 'نقع 4:30 د، ماء 94°م', 'Steep; 4:30 min; water 94°C.', NULL, NULL, NULL),
('FP-SIG-02', 'كريما الذهب', 'Crema Alihb', 'كوب كريمي ومتوازن، يمنحك نكهة المكسرات المحمصة المحببة وقوامًا غنيًا.', 'Signature cup.\\nFlavor profile: low acidity; full body.', NULL, '{"body": 5, "aroma": 4, "acidity": 2, "clarity": 2, "complexity": 4}', 'french-press', 't', 'نقع 4 دقائق، ماء 94°م', 'Steep; 4 min; water 94°C.', NULL, NULL, NULL),
('FP05', 'كوستاريكا تارازو', 'Costa Rica Tarrazu', 'فنجان متوازن، يجمع بين حمضية التفاح الأخضر المنعشة ودفء جوزة الطيب.', 'Comforting cup.\\nFlavor profile: apple; bright acidity; medium-full body.', NULL, '{"body": 4, "aroma": 4, "acidity": 4, "clarity": 4, "complexity": 3}', 'french-press', 't', 'نقع 4:30 د، تقليب أولي', 'Steep; 4:30 min; initial stir.', NULL, NULL, NULL),
('FP14', 'كونا هاواي', 'Kwna Hawaii', 'إحساس استوائي دافئ، يجمع بين نعومة الفانيليا وحلاوة الأناناس المنعشة.', 'Refreshing cup.\\nFlavor profile: pineapple, vanilla; low acidity; full body.', NULL, '{"body": 5, "aroma": 4, "acidity": 3, "clarity": 3, "complexity": 4}', 'french-press', 't', 'نقع 5 دقائق، ماء 91°م', 'Steep; 5 min; water 91°C.', NULL, NULL, NULL),
('FP10', 'مانديلينج إندونيسيا', 'Mandheling إNdwnysya', 'تجربة غنية وعميقة، تجمع بين رائحة خشب الصندل الفاخرة وحلاوة التوت الأسود.', 'Luxurious cup.\\nFlavor profile: berry; low acidity; full body.', NULL, '{"body": 5, "aroma": 4, "acidity": 2, "clarity": 2, "complexity": 4}', 'french-press', 't', 'نقع 5 دقائق، ماء 95°م', 'Steep; 5 min; water 95°C.', NULL, NULL, NULL),
('FP06', 'موكا اليمن', 'Mocha Alymn', 'رحلة إلى اليمن، كوب غني بحلاوة التمر وعمق الكاكاو الخام الأصيل.', 'A journey in a cup.\\nFlavor profile: cocoa, date; low acidity; full body.', NULL, '{"body": 5, "aroma": 5, "acidity": 2, "clarity": 2, "complexity": 5}', 'french-press', 't', 'نقع 5 دقائق، ماء 88°م', 'Steep; 5 min; water 88°C.', NULL, NULL, NULL),
('HS-001', 'الجسم البرازيلي', 'Aljsm Albrazyly', 'للطاقة والقوة، مشروب يجمع بين النكهات العشبية الكلاسيكية والقوية.', 'Bold cup.\\nFlavor profile: medium-full body.', NULL, '{"body": 4, "Color": 4, "aroma": 4, "flavor": 4, "bitterness": 2}', 'hot_steep', 't', 'نقع 6 ساعات عند 85°م', 'Hot soak 6 hrs at 85°C.', NULL, NULL, NULL),
('HS-002', 'التخسيس المتوازن', 'Altkhsys Almtwazn', 'لحرق الدهون، مشروب يجمع بين النكهات العشبية الناعمة والمشرقة.', 'Signature cup.\\nFlavor profile: medium body.', NULL, '{"body": 3, "Color": 4, "aroma": 4, "flavor": 4, "bitterness": 3}', 'hot_steep', 't', 'نقع 10 ساعات عند 80°م', 'Hot soak 10 hrs at 80°C.', NULL, NULL, NULL),
('HS-004', 'لاتيني الاسترخاء', 'Latyny Alastrkhaء', 'لتقليل التوتر، مشروب بنكهات عشبية ناعمة ومتوازنة.', 'Signature cup.\\nFlavor profile: berry; medium body.', NULL, '{"body": 3, "Color": 4, "aroma": 4, "flavor": 4, "bitterness": 2}', 'hot_steep', 't', 'نقع 4 ساعات عند 75°م', 'Hot soak 4 hrs at 75°C.', NULL, NULL, NULL),
('HS-005', 'مكتبي الخفيف', 'Mktby Alkhfyf', 'لتركيز هادئ، مشروب بنكهات عشبية كلاسيكية معتدلة.', 'Signature cup.\\nFlavor profile: medium body.', NULL, '{"body": 3, "Color": 3, "aroma": 3, "flavor": 4, "bitterness": 2}', 'hot_steep', 't', 'نقع 8 ساعات في ترمس', 'Hot soak 8 hrs in thermos.', NULL, NULL, NULL),
('HS-006', 'مناعة ثلاثية', 'Mnaaa Thlathya', 'لدعم المناعة، مشروب بنكهات عشبية متنوعة تجمع بين الفاكهية والنقاء.', 'Signature cup.\\nFlavor profile: medium-full body.', NULL, '{"body": 4, "Color": 4, "aroma": 4, "flavor": 4, "bitterness": 3}', 'hot_steep', 't', 'نقع 6 ساعات + زنجبيل طازج', 'Hot soak 6 hrs; add fresh ginger, ginger.', NULL, NULL, NULL),
('HS-007', 'اقتصاد الجسم', 'Aqtsad Aljsm', 'طاقة اقتصادية، مشروب يجمع بين النكهات العشبية الترابية والناعمة.', 'Signature cup.\\nFlavor profile: medium-full body.', NULL, '{"body": 4, "Color": 3, "aroma": 3, "flavor": 3, "bitterness": 3}', 'hot_steep', 't', 'نقع 5 ساعات عند 70°م', 'Hot soak 5 hrs at 70°C.', NULL, NULL, NULL),
('HS-008', 'الهجين المتكامل', 'Alhjyn Almtkaml', 'مضادات أكسدة وطاقة، مشروب بنكهات عشبية متنوعة تجمع بين النقاء والفاكهية.', 'Signature cup.\\nFlavor profile: medium-full body.', NULL, '{"body": 4, "Color": 4, "aroma": 4, "flavor": 5, "bitterness": 2}', 'hot_steep', 't', 'نقع 8 ساعات + قرفة', 'Hot soak 8 hrs; add cinnamon.', NULL, NULL, NULL),
('HS-009', 'سافانا الذهبية', 'Safana Alihbya', 'للحيوية والنشاط، مشروب يجمع بين النكهات العشبية القوية والمشرقة.', 'Bold cup.\\nFlavor profile: medium-full body.', NULL, '{"body": 4, "Color": 4, "aroma": 4, "flavor": 4, "bitterness": 3}', 'hot_steep', 't', 'نقع 7 ساعات عند 80°م + هيل', 'Hot soak 7 hrs at 80°C; add cardamom.', NULL, NULL, NULL),
('HS-011', 'بحر الكاريبي', 'Bhr Alkaryby', 'للاسترخاء والإنعاش، مشروب يجمع بين النكهات العشبية الناعمة والمشرقة.', 'Signature cup.\\nFlavor profile: medium-full body.', NULL, '{"body": 4, "Color": 4, "aroma": 4, "flavor": 4, "bitterness": 2}', 'hot_steep', 't', 'نقع 5 ساعات عند 75°م + جوزة الطيب', 'Hot soak 5 hrs at 75°C; add nutmeg.', NULL, NULL, NULL),
('HS-010', 'أنديز العطرية', 'أNdyz Alatrya', 'لتحسين المزاج، مشروب بنكهات عشبية مشرقة وعطرية.', 'Signature cup.\\nFlavor profile: medium body.', NULL, '{"body": 3, "Color": 4, "aroma": 5, "color": 3, "flavor": 5, "bitterness": 2}', 'hot-infusion', 't', 'نقع 6 ساعات + فانيليا', 'Hot soak 6 hrs; add vanilla.', NULL, NULL, NULL),
('HS-003', 'البرازيلي الناعم', 'Albrazyly Alnaam', 'للاسترخاء، مشروب بنكهة عشبية كلاسيكية لطيفة جداً.', 'Signature cup.\\nFlavor profile: medium-full body.', NULL, '{"body": 4, "Color": 4, "aroma": 4, "flavor": 4, "bitterness": 1}', 'hot-infusion', 't', 'نقع 8 ساعات + قشر ليمون', 'Hot soak 8 hrs; add lemon peel, lemon.', NULL, NULL, NULL),
('FP16', 'ألتورا المكسيك', 'أLtwra Almksyk', 'كوب مريح ودافئ، يجمع بين حلاوة الفول السوداني المحمص ودفء القرفة العطرية.', 'Comforting cup.\\nFlavor profile: cinnamon; balanced acidity; medium-full body.', NULL, '{"body": 4, "aroma": 4, "acidity": 3, "clarity": 3, "complexity": 4}', 'french-press', 't', 'نقع 4 دقائق، ماء 92°م', 'Steep; 4 min; water 92°C.', NULL, NULL, NULL),
('FP18', 'توفي كولومبيا', 'Twfy Colombia', 'فنجان رقيق ومريح كالشاي، يجمع بين نكهات الأعشاب العطرية وحلاوة العسل الصافي.', 'Comforting cup.\\nFlavor profile: honey; bright acidity; medium body.', NULL, '{"body": 3, "aroma": 4, "acidity": 4, "clarity": 5, "complexity": 3}', 'french-press', 't', 'نقع 3:30 د، ماء 89°م', 'Steep; 3:30 min; water 89°C.', NULL, NULL, NULL),
('FP17', 'روبوستا إنتنسو', 'Rwbwsta إNtnsw', 'قوة مركزة، كوب بنكهة دخانية كلاسيكية وحلاوة الكراميل المحروق الداكن.', 'Signature cup.\\nFlavor profile: caramel; very low acidity; full body.', NULL, '{"body": 5, "aroma": 3, "acidity": 2, "clarity": 2, "complexity": 3}', 'french-press', 't', 'نقع 4 دقائق، ماء 96°م', 'Steep; 4 min; water 96°C.', NULL, NULL, NULL),
('FP15', 'مونسونيد الهند', 'Mwnswnyd indian ', 'تجربة هندية فريدة، تجمع بين دفء التوابل العطرية وحلاوة التمر الهندي اللاذعة.', 'Comforting cup.\\nFlavor profile: date; low acidity; medium-full body.', NULL, '{"body": 4, "aroma": 4, "acidity": 2, "clarity": 2, "complexity": 5}', 'french-press', 't', 'نقع 4:30 د، ماء 94°م', 'Steep; 4:30 min; water 94°C.', NULL, NULL, NULL),
('FP19', 'لواك ستايل', 'Lwak Stayl', 'تجربة كلاسيكية غنية، تجمع بين حلاوة التمر الداكنة وعمق النكهات الترابية الأصيلة.', 'Signature cup.\\nFlavor profile: date; very low acidity; full body.', NULL, '{"body": 5, "aroma": 4, "acidity": 1, "clarity": 2, "complexity": 4}', 'french-press', 't', 'نقع 5 دقائق، ماء 90°م', 'Steep; 5 min; water 90°C.', NULL, NULL, NULL),
('HS-012', 'الغابة المطيرة', 'Alghaba Almtyra', 'مضاد للالتهابات، مشروب يجمع بين النكهات العشبية النقية والترابية.', 'Signature cup.\\nFlavor profile: medium-full body.', NULL, '{"body": 4, "Color": 3, "aroma": 4, "flavor": 4, "bitterness": 3}', 'hot_steep', 't', 'نقع 8 ساعات + كاكاو ني', 'Hot soak 8 hrs; add raw cacao.', NULL, NULL, NULL),
('HS-013', 'الفيضان الآسيوي', 'Alfydan AlآSywy', 'لطاقة عالية، مشروب قوي ومر بنكهة عشبية جريئة.', 'Bold cup.\\nFlavor profile: medium-full body.', NULL, '{"body": 4, "Color": 3, "aroma": 3, "flavor": 3, "bitterness": 4}', 'hot_steep', 't', 'نقع 6 ساعات + قرنفل', 'Hot soak 6 hrs; add clove.', NULL, NULL, NULL),
('HS-014', 'صحراء التوابل', 'Shraء Altwabl', 'لدعم الهضم، مشروب بنكهات عشبية ترابية وفاكهية معقدة.', 'Signature cup.\\nFlavor profile: medium-full body.', NULL, '{"body": 4, "Color": 5, "aroma": 5, "flavor": 5, "bitterness": 3}', 'hot_steep', 't', 'نقع 9 ساعات عند 85°م + هال', 'Hot soak 9 hrs at 85°C; add cardamom.', NULL, NULL, NULL),
('HS-015', 'جبل الأوليمب', 'Jbl AlأWlymb', 'للطاقة والتركيز، مشروب يجمع بين النكهات العشبية الفاكهية والناعمة.', 'Signature cup.\\nFlavor profile: medium-full body.', NULL, '{"body": 4, "Color": 4, "aroma": 4, "flavor": 4, "bitterness": 3}', 'hot_steep', 't', 'نقع 7 ساعات + عسل', 'Hot soak 7 hrs; add honey.', NULL, NULL, NULL);

INSERT INTO public.blends (code, name_ar, name_en, notes_ar, notes_en, roast_profile, sensory_profile, method_id, is_active, preparation_notes_ar, preparation_notes_en, manual_price, display_category, available_additive_ids) VALUES
('HS-016', 'وادي النيل', 'Wady Alnyl', 'غني بمضادات الأكسدة، مشروب يجمع بين النكهات العشبية الفاكهية والقوية.', 'Bold cup.\\nFlavor profile: medium body.', NULL, '{"body": 3, "Color": 5, "aroma": 5, "flavor": 5, "bitterness": 2}', 'hot_steep', 't', 'نقع 6 ساعات + تمر مجفف', 'Hot soak 6 hrs; add dried dates.', NULL, NULL, NULL),
('HS-017', 'المحيط الهادئ', 'Almhyt Alhadئ', 'لنضارة البشرة، مشروب بنكهات عشبية مشرقة ونقية.', 'Signature cup.\\nFlavor profile: medium body.', NULL, '{"body": 3, "Color": 5, "aroma": 5, "flavor": 5, "bitterness": 2}', 'hot_steep', 't', 'نقع 8 ساعات + زهرات برتقال', 'Hot soak 8 hrs; add orange blossom.', NULL, NULL, NULL),
('HS-018', 'السهول الخضراء', 'Alshwl Alkhdraء', 'لطاقة متوازنة، مشروب بنكهات عشبية كلاسيكية متوازنة.', 'Signature cup.\\nFlavor profile: medium-full body.', NULL, '{"body": 4, "Color": 4, "aroma": 4, "flavor": 4, "bitterness": 3}', 'hot_steep', 't', 'نقع 5 ساعات عند 80°م', 'Hot soak 5 hrs at 80°C.', NULL, NULL, NULL),
('HS-019', 'الغروب الأحمر', 'Alghrwb AlأHmr', 'لصحة القلب، مشروب يجمع بين النكهات العشبية الفاكهية والمشرقة.', 'Signature cup.\\nFlavor profile: medium-full body.', NULL, '{"body": 4, "Color": 5, "aroma": 5, "flavor": 5, "bitterness": 2}', 'hot_steep', 't', 'نقع 10 ساعات + قرفة', 'Hot soak 10 hrs; add cinnamon.', NULL, NULL, NULL),
('HS-020', 'النسر الإفريقي', 'Alnsr AlإFryqy', 'لتعزيز الأداء الذهني، مشروب يجمع بين النكهات العشبية المشرقة والقوية.', 'Bold cup.\\nFlavor profile: medium-full body.', NULL, '{"body": 4, "Color": 4, "aroma": 4, "flavor": 4, "bitterness": 3}', 'hot_steep', 't', 'نقع 6 ساعات + ليمون مجفف', 'Hot soak 6 hrs; add dried lemon, lemon.', NULL, NULL, NULL),
('HS-021', 'كينيا النقي (نقع)', 'Kynya Alnqy (Nqa)', 'لحرق الدهون ومضادات أكسدة، مشروب بنكهة عشبية مشرقة وقوية.', 'Bold cup.\\nFlavor profile: medium body.', NULL, '{"body": 3, "Color": 5, "aroma": 5, "flavor": 5, "bitterness": 2}', 'hot_steep', 't', 'نقع 8 ساعات عند 80°م', 'Hot soak 8 hrs at 80°C.', NULL, NULL, NULL),
('HS-022', 'كوستاريكا النقي (نقع)', 'Costa Rica Alnqy (Nqa)', 'للإنعاش والتركيز، مشروب بنكهة عشبية مشرقة ونقية جداً.', 'Signature cup.\\nFlavor profile: medium body.', NULL, '{"body": 3, "Color": 5, "aroma": 5, "flavor": 5, "bitterness": 1}', 'hot_steep', 't', 'نقع 6 ساعات عند 75°م', 'Hot soak 6 hrs at 75°C.', NULL, NULL, NULL),
('KW01', 'توليفتي™ غواتيمالا', 'Tawlefti™ Ghwatymala', 'فنجان متوازن وقوام ممتلئ، يجمع بين حلاوة الكرز ونعومة شوكولاتة الحليب.', 'Signature cup.\\nFlavor profile: chocolate; balanced acidity; full body.', NULL, '{"body": 5, "aroma": 4, "acidity": 3, "clarity": 3, "complexity": 4}', 'kalita', 't', 'صب حلزوني بسرعة ثابتة', 'Spiral pour', NULL, NULL, NULL),
('KW02', 'توليفتي™ برازيل', 'Tawlefti™ Brazyl', 'كوب كلاسيكي غني، بنكهة البندق المحمص والكراميل الحلو وقوام كريمي.', 'Signature cup.\\nFlavor profile: caramel, hazelnut; low acidity; full body.', NULL, '{"body": 5, "aroma": 3, "acidity": 2, "clarity": 3, "complexity": 2}', 'kalita', 't', '3 صبات متساوية', '3 equal pours', NULL, NULL, NULL),
('KW03', 'توليفتي™ إثيوبيا كاليتا', 'Tawlefti™ Ethiopia Kalita', 'تجربة إثيوبية عطرية، تفوح منها رائحة الياسمين مع حمضية الليمون المنعشة وقوام متوازن.', 'Refreshing cup.\\nFlavor profile: jasmine; high acidity; medium body.', NULL, '{"body": 3, "aroma": 5, "acidity": 5, "clarity": 5, "complexity": 4}', 'kalita', 't', 'صب دائري بطيء جداً', 'Circular pour (very slow)', NULL, NULL, NULL),
('KW04', 'كوستاريكا كريمي', 'Costa Rica Krymy', 'فنجان حلو وكريمي، يجمع بين حلاوة العسل الصافي ونعومة الفانيليا الدافئة.', 'Signature cup.\\nFlavor profile: honey, vanilla; bright acidity; medium-full body.', NULL, '{"body": 4, "aroma": 4, "acidity": 4, "clarity": 4, "complexity": 3}', 'kalita', 't', 'صب مزدوج (40%+60%)', 'Double pour; split 40%+60%', NULL, NULL, NULL),
('KW05', 'موكا ديب', 'Mocha Dyb', 'كوب يمني عميق وغني، يجمع حلاوة التمر مع مرارة الكاكاو الخام المحببة.', 'Signature cup.\\nFlavor profile: cocoa, date; low acidity; full body.', NULL, '{"body": 5, "aroma": 5, "acidity": 2, "clarity": 2, "complexity": 5}', 'kalita', 't', 'ماء 88°م + صب طبقي', 'Layered pour; water 88°C', NULL, NULL, NULL),
('KW06', 'كينيا برايت', 'Kynya Bright', 'فنجان كيني جريء، يجمع بين حمضية العنب الأسود اللاذعة مع لمسة دافئة من التوابل.', 'Bold cup.\\nFlavor profile: high acidity; medium-full body.', NULL, '{"body": 4, "aroma": 4, "acidity": 5, "clarity": 4, "complexity": 5}', 'kalita', 't', 'صب سريع متكرر', 'fast pour', NULL, NULL, NULL),
('TRB-002', 'مصر الجديدة', 'Msr Aljdyda', 'فنجان كلاسيكي، يجمع بين شوكولاتة الحليب والبندق مع قوام كريمي ومريح.', 'Comforting cup.\\nFlavor profile: hazelnut, chocolate; balanced acidity; full body.', NULL, '{"body": 5, "aroma": 4, "crema": 4, "flavor": 4, "acidity": 3, "bitterness": 3}', 'turkish', 't', NULL, NULL, NULL, NULL, NULL),
('KW07', 'بيرو هاي ألتيتيود', 'Byrw Hay أLtytywd', 'كوب حلو وناعم، يجمع بين حلاوة فاكهة الكمثرى ونعومة الشوكولاتة البيضاء.', 'Signature cup.\\nFlavor profile: chocolate; bright acidity; medium-full body.', NULL, '{"body": 4, "aroma": 3, "acidity": 4, "clarity": 4, "complexity": 3}', 'kalita', 't', 'صب حلزوني مكثف', 'Spiral pour (intense)', NULL, NULL, NULL),
('KW08', 'مانديلينج كريمي', 'Mandheling Krymy', 'تجربة غنية وقوام كريمي، تجمع بين حلاوة التوت الداكن وعمق رائحة خشب الصندل الفاخرة.', 'Luxurious cup.\\nFlavor profile: berry; low acidity; full body.', NULL, '{"body": 5, "aroma": 4, "acidity": 2, "clarity": 2, "complexity": 4}', 'kalita', 't', 'صب بطيء على مراحل', 'slow pour in steps', NULL, NULL, NULL),
('KW09', 'دا لات بولدر', 'Da Lat Bwldr', 'لمحبي القهوة القوية، فنجان جريء بنكهة خشب الأرز والكراميل المحروق وقوام ثقيل.', 'Bold cup.\\nFlavor profile: caramel; very low acidity; full body.', NULL, '{"body": 5, "aroma": 3, "acidity": 1, "clarity": 1, "complexity": 2}', 'kalita', 't', 'ماء 94°م', 'water 94°C', NULL, NULL, NULL),
('KW10', 'أوغندا شوكولاتي', 'أWghnda Shwkwlaty', 'كوب غني بنكهة الشوكولاتة، يجمع بين عمق الكاكاو ولمسة دافئة من الفلفل الأسود.', 'Signature cup.\\nFlavor profile: chocolate, cocoa; low acidity; full body.', NULL, '{"body": 5, "aroma": 3, "acidity": 2, "clarity": 2, "complexity": 3}', 'kalita', 't', 'صب دائري', 'Circular pour', NULL, NULL, NULL),
('KW11', 'هويلا سويت', 'Huila Sweet', 'فنجان كولومبي متوازن وحلو، يجمع بين نكهة التفاح الأحمر المنعشة وحلاوة العسل الصافي.', 'Refreshing cup.\\nFlavor profile: honey, apple; bright acidity; medium-full body.', NULL, '{"body": 4, "aroma": 4, "acidity": 4, "clarity": 4, "complexity": 3}', 'kalita', 't', 'صب حلزوني سريع', 'Spiral pour (fast)', NULL, NULL, NULL),
('KW12', 'كونا كريم', 'Kwna Cream', 'كوب استوائي كريمي، يجمع بين حلاوة الأناناس المنعشة ونعومة الفانيليا الدافئة.', 'Refreshing cup.\\nFlavor profile: pineapple, vanilla; balanced acidity; full body.', NULL, '{"body": 5, "aroma": 4, "acidity": 3, "clarity": 3, "complexity": 4}', 'kalita', 't', 'صب مزدوج بفواصل', 'Double pour', NULL, NULL, NULL),
('KW13', 'سيدامو كلير', 'Sidamo Klyr', 'فنجان إثيوبي نقي ومشرق، يجمع بين حمضية البرتقال ولمسة الزنجبيل المنعشة.', 'Refreshing cup.\\nFlavor profile: high acidity; medium body.', NULL, '{"body": 3, "aroma": 5, "acidity": 5, "clarity": 5, "complexity": 4}', 'kalita', 't', 'ماء 89°م + صب دائري', 'Circular pour; water 89°C', NULL, NULL, NULL),
('KW14', 'مونسونيد إكسترا', 'Mwnswnyd إKstra', 'رحلة إلى الهند، فنجان غني بنكهات التوابل الدافئة وحلاوة التمر الهندي اللاذعة.', 'A journey in a cup.\\nFlavor profile: date; balanced acidity; medium-full body.', NULL, '{"body": 4, "aroma": 4, "acidity": 3, "clarity": 3, "complexity": 5}', 'kalita', 't', 'صب مركز', 'Center pour', NULL, NULL, NULL),
('KW15', 'ألتورا سموث', 'أLtwra Smwth', 'كوب مريح ودافئ، يجمع بين حلاوة الفول السوداني المحمص ودفء القرفة العطرية.', 'Comforting cup.\\nFlavor profile: cinnamon; balanced acidity; full body.', NULL, '{"body": 5, "aroma": 4, "acidity": 3, "clarity": 3, "complexity": 4}', 'kalita', 't', 'إضافة عود قرفة', 'add cinnamon stick, cinnamon', NULL, NULL, NULL),
('KW16', 'روبوستا كريم', 'Rwbwsta Cream', 'قوة ومتعة في فنجان واحد، يجمع بين النكهة الدخانية الكلاسيكية وحلاوة الكراميل الداكن.', 'Signature cup.\\nFlavor profile: caramel; very low acidity; full body.', NULL, '{"body": 5, "aroma": 3, "acidity": 1, "clarity": 1, "complexity": 2}', 'kalita', 't', 'ماء 92°م', 'water 92°C', NULL, NULL, NULL),
('KW17', 'توفي كولومبيا بالانس', 'Twfy Colombia Balance', 'فنجان رقيق ومريح كالشاي، يجمع بين نكهات الأعشاب العطرية وحلاوة العسل الصافي.', 'Comforting cup.\\nFlavor profile: honey; bright acidity; medium body.', NULL, '{"body": 3, "aroma": 4, "acidity": 4, "clarity": 5, "complexity": 3}', 'kalita', 't', 'صب بطيء على 4 مراحل', 'slow pour in 4 steps', NULL, NULL, NULL),
('KW18', 'كاليتا شوكولاتة برتقالية', 'Kalita Shwkwlata Brtqalya', 'مزيج فاخر، يجمع بين عمق الكاكاو وحمضية البرتقال المنعشة مع لمسة دافئة من جوزة الطيب.', 'Luxurious cup.\\nFlavor profile: cocoa; balanced acidity; medium-full body.', NULL, '{"body": 4, "aroma": 5, "acidity": 3, "clarity": 4, "complexity": 5}', 'kalita', 't', 'رش قشر برتقال مجفف', 'add orange peel, dried orange peel', NULL, NULL, NULL),
('KW19', 'أفريكان تويست', 'أFrykan Twyst', 'احتفال أفريقي، يجمع بين حلاوة التوت ولمسة أنيقة من التوابل الحلوة في فنجان معقد.', 'Signature cup.\\nFlavor profile: berry; high acidity; medium-full body.', NULL, '{"body": 4, "aroma": 5, "acidity": 5, "clarity": 5, "complexity": 5}', 'kalita', 't', 'صب دائري مكثف', 'Circular pour (intense)', NULL, NULL, NULL),
('KW20', 'كاليتا توازن ذهبي', 'Kalita Twazn Ihby', 'توازن مثالي، يجمع بين حلاوة الخوخ الصيفي ونعومة الفانيليا في كوب متناغم وفاخر.', 'Luxurious cup.\\nFlavor profile: peach, vanilla; bright acidity; full body.', NULL, '{"body": 5, "aroma": 5, "acidity": 4, "clarity": 4, "complexity": 5}', 'kalita', 't', 'صب حلزوني بسرعة منخفضة', 'Spiral pour', NULL, NULL, NULL),
('KW21', 'كاليتا كينيا AA', 'Kalita Kynya Aa', 'تجربة كينية أصيلة، تتميز بحمضية العنب الأسود المشرقة وقوام غني وممتلئ.', 'Signature cup.\\nFlavor profile: high acidity; medium-full body.', NULL, '{"body": 4, "aroma": 4, "acidity": 5, "clarity": 4, "complexity": 5}', 'kalita', 't', 'صب متقطع', 'Pulse pour', NULL, NULL, NULL),
('KW22', 'كاليتا هويلا سويت', 'Kalita Huila Sweet', 'فنجان حلو ومتوازن، يجمع بين نكهة التفاح الأحمر المنعشة وحلاوة السكر البني الدافئة.', 'Refreshing cup.\\nFlavor profile: apple; bright acidity; medium-full body.', NULL, '{"body": 4, "aroma": 4, "acidity": 4, "clarity": 4, "complexity": 4}', 'kalita', 't', 'صب حلزوني', 'Spiral pour', NULL, NULL, NULL),
('TRB-003', 'المقطم', 'Almqtm', 'فنجان فاكهي، يجمع بين حلاوة التفاح الأحمر والفانيليا والتوابل الحلوة.', 'Signature cup.\\nFlavor profile: apple, vanilla; high acidity; medium-full body.', NULL, '{"body": 4, "aroma": 5, "crema": 4, "flavor": 5, "acidity": 5, "bitterness": 2}', 'turkish', 't', NULL, NULL, NULL, NULL, NULL),
('TRB-004', 'مدينة نصر', 'Mdyna Nsr', 'فنجان معقد، يجمع بين الشوكولاتة والتوابل مع حمضية الفاكهة المنعشة.', 'Refreshing cup.\\nFlavor profile: chocolate; bright acidity; medium-full body.', NULL, '{"body": 4, "aroma": 4, "crema": 4, "flavor": 4, "acidity": 4.5, "bitterness": 2.5}', 'turkish', 't', NULL, NULL, NULL, NULL, NULL),
('TRB-007', 'شبرا', 'Shbra', 'فنجان شعبي وغني، يجمع بين حلاوة الكراميل والبندق والفواكه المجففة.', 'Signature cup.\\nFlavor profile: caramel, hazelnut; bright acidity; medium-full body.', NULL, '{"body": 4, "aroma": 5, "crema": 4, "flavor": 4, "acidity": 4, "bitterness": 3}', 'turkish', 't', NULL, NULL, NULL, NULL, NULL),
('TRB-012', 'المعادي', 'Almaady', 'فنجان عطري، يجمع بين دفء الهيل ورائحة زهور البرتقال والتوابل.', 'Comforting cup.\\nFlavor profile: cardamom, floral; bright acidity; medium-full body.', NULL, '{"body": 4, "aroma": 5, "crema": 4, "flavor": 5, "acidity": 4, "bitterness": 2}', 'turkish', 't', NULL, NULL, NULL, NULL, NULL),
('TRB-014', 'لوران', 'Lwran', 'فنجان منعش، يجمع بين حمضية التفاح الأخضر وحلاوة الفانيليا والمكسرات.', 'Refreshing cup.\\nFlavor profile: apple, vanilla; high acidity; medium-full body.', NULL, '{"body": 4, "aroma": 4, "crema": 4, "flavor": 5, "acidity": 5, "bitterness": 2}', 'turkish', 't', NULL, NULL, NULL, NULL, NULL),
('TRB-025', 'الأنفوشي', 'AlأNfwshy', 'فنجان عطري فاخر، يجمع بين رائحة الياسمين وحمضية البرتقال وحلاوة العسل.', 'Luxurious cup.\\nFlavor profile: honey, jasmine; high acidity; medium body.', NULL, '{"body": 3, "aroma": 5, "crema": 4, "flavor": 4, "acidity": 5, "bitterness": 2}', 'turkish', 't', NULL, NULL, NULL, NULL, NULL),
('TRB-026', 'جليم', 'Jlym', 'فنجان أنيق، يجمع بين حمضية العنب الأسود وعمق الشوكولاتة مع حلاوة متوازنة.', 'Signature cup.\\nFlavor profile: chocolate; bright acidity; medium-full body.', NULL, '{"body": 4, "aroma": 4, "crema": 4.5, "flavor": 5, "acidity": 3.5, "bitterness": 2}', 'turkish', 't', NULL, NULL, NULL, NULL, NULL),
('TRB-028', 'زيزينيا', 'Zyzynya', 'فنجان متوازن، يجمع بين حلاوة التوت الأسود والمكسرات مع حمضية مشرقة.', 'Signature cup.\\nFlavor profile: berry; bright acidity; medium-full body.', NULL, '{"body": 4, "aroma": 4, "crema": 4, "flavor": 5, "acidity": 4.5, "bitterness": 2}', 'turkish', 't', NULL, NULL, NULL, NULL, NULL),
('TRB-029', 'العجوزة', 'Alajwza', 'فنجان كلاسيكي، يجمع بين حلاوة الكراميل والتفاح الأحمر والمكسرات.', 'Signature cup.\\nFlavor profile: caramel, apple; bright acidity; medium-full body.', NULL, '{"body": 4, "aroma": 4, "crema": 4, "flavor": 4, "acidity": 4, "bitterness": 2}', 'turkish', 't', NULL, NULL, NULL, NULL, NULL),
('TRB-030', 'المنيل', 'Almnyl', 'فنجان أنيق، يجمع بين حلاوة التوت الأسود ورائحة الزهور ونعومة الشوكولاتة.', 'Signature cup.\\nFlavor profile: chocolate, berry, floral; bright acidity; medium-full body.', NULL, '{"body": 3.5, "aroma": 5, "crema": 3.5, "flavor": 5, "acidity": 4.5, "bitterness": 2}', 'turkish', 't', NULL, NULL, NULL, NULL, NULL),
('TRB-031', 'رشدي', 'Rshdy', 'فنجان منعش، يجمع بين حمضية الفواكه وحلاوة الكراميل والتفاح.', 'Refreshing cup.\\nFlavor profile: caramel, apple; bright acidity; medium-full body.', NULL, '{"body": 4, "aroma": 5, "crema": 3, "flavor": 5, "acidity": 4.5, "bitterness": 2}', 'turkish', 't', NULL, NULL, NULL, NULL, NULL),
('TRB-032', 'سبورتنج', 'Sbwrtnj', 'فنجان رياضي وحيوي، يجمع بين حلاوة التوت الأسود وشوكولاتة الحليب والمكسرات.', 'Signature cup.\\nFlavor profile: chocolate, berry; bright acidity; medium-full body.', NULL, '{"body": 4, "aroma": 4, "crema": 4, "flavor": 5, "acidity": 4, "bitterness": 2}', 'turkish', 't', NULL, NULL, NULL, NULL, NULL),
('TRB-033', 'إدفو', 'إDfw', 'فنجان غني، يجمع بين التوابل الشرقية والكراميل وحلاوة الفواكه الداكنة.', 'Signature cup.\\nFlavor profile: caramel; bright acidity; full body.', NULL, '{"body": 5.5, "aroma": 5, "crema": 5, "flavor": 5, "acidity": 4, "bitterness": 2}', 'turkish', 't', NULL, NULL, NULL, NULL, NULL),
('TRB-035', 'سقارة', 'Sqara', 'فنجان تاريخي، يجمع بين المكسرات المحمصة والتوابل مع لمسة زهرية عطرية.', 'Signature cup.\\nFlavor profile: bright acidity; medium-full body.', NULL, '{"body": 4, "aroma": 5.5, "crema": 4, "flavor": 5, "acidity": 4, "bitterness": 2}', 'turkish', 't', NULL, NULL, NULL, NULL, NULL),
('TRB-037', 'الدقي', 'Aldqy', 'فنجان معقد، يجمع بين الشوكولاتة وحلاوة الفواكه الحمراء والتوابل الدافئة.', 'Signature cup.\\nFlavor profile: chocolate; bright acidity; medium-full body.', NULL, '{"body": 4, "aroma": 4, "crema": 4, "flavor": 4, "acidity": 4, "bitterness": 3}', 'turkish', 't', NULL, NULL, NULL, NULL, NULL),
('TRB-038', 'دهشور', 'Dhshwr', 'فنجان قوي، يجمع بين الشوكولاتة وحلاوة التوت مع قوام غني وممتلئ.', 'Bold cup.\\nFlavor profile: chocolate, berry; bright acidity; full body.', NULL, '{"body": 5, "aroma": 4, "crema": 5, "flavor": 4, "acidity": 4, "bitterness": 2.5}', 'turkish', 't', NULL, NULL, NULL, NULL, NULL),
('TRB-039', 'سان ستيفانو', 'San Styfanw', 'فنجان راقٍ، يجمع بين حمضية الليمون ورائحة الزهور ونكهة الشاي الأسود.', 'Signature cup.\\nFlavor profile: floral; bright acidity; medium body.', NULL, '{"body": 3, "aroma": 5, "crema": 4, "flavor": 4, "acidity": 4, "bitterness": 2}', 'turkish', 't', NULL, NULL, NULL, NULL, NULL),
('TRB-046', 'المنصورة', 'Almnswra', 'فنجان غني بالطبقات، يجمع بين حلاوة العسل والجوز مع حمضية خفيفة ومنعشة.', 'Refreshing cup.\\nFlavor profile: honey; bright acidity; medium-full body.', NULL, '{"body": 4, "aroma": 5.5, "crema": 4, "flavor": 5, "acidity": 4, "bitterness": 1}', 'turkish', 't', NULL, NULL, NULL, NULL, NULL),
('TRB-049', 'طنطا', 'Tnta', 'فنجان متوازن، يجمع بين حمضية التفاح الأخضر ونكهة المكسرات وعمق الكاكاو.', 'Signature cup.\\nFlavor profile: cocoa, apple; bright acidity; medium-full body.', NULL, '{"body": 4, "aroma": 3, "crema": 4, "flavor": 4, "acidity": 4, "bitterness": 2}', 'turkish', 't', NULL, NULL, NULL, NULL, NULL),
('TRB-050', 'العجمي', 'Alajmy', 'فنجان هادئ، يجمع بين نكهة الشاي الأسود وجوز الهند والأعشاب العطرية.', 'Signature cup.\\nFlavor profile: bright acidity; medium-full body.', NULL, '{"body": 4, "aroma": 4, "crema": 4, "flavor": 4, "acidity": 4, "bitterness": 2}', 'turkish', 't', NULL, NULL, NULL, NULL, NULL),
('TRB-051', 'كليوباترا', 'Klywbatra', 'فنجان ملكي، يجمع بين نعومة الشوكولاتة البيضاء ورائحة الياسمين ونكهة المكسرات.', 'Signature cup.\\nFlavor profile: chocolate, jasmine; bright acidity; medium-full body.', NULL, '{"body": 4.5, "aroma": 4, "crema": 4, "flavor": 5, "acidity": 3.5, "bitterness": 2}', 'turkish', 't', NULL, NULL, NULL, NULL, NULL),
('TRB-057', 'عابدين', 'Aabdyn', 'فخامة عابدين، فنجان يجمع بين حلاوة الفواكه المجففة ودفء الهيل وعمق الشوكولاتة الداكنة.', 'Comforting cup.\\nFlavor profile: chocolate, cardamom; balanced acidity; medium-full body.', NULL, '{"body": 4, "aroma": 5, "crema": 4, "flavor": 5, "acidity": 3, "bitterness": 2}', 'turkish', 't', NULL, NULL, NULL, NULL, NULL),
('TRB-062', 'كوم أمبو', 'Kwm أMbw', 'فنجان فرعوني، يجمع بين حلاوة المشمش المجفف والزبيب ودفء التوابل.', 'Comforting cup.\\nFlavor profile: bright acidity; medium-full body.', NULL, '{"body": 4, "aroma": 4, "crema": 4, "flavor": 5, "acidity": 4, "bitterness": 2}', 'turkish', 't', NULL, NULL, NULL, NULL, NULL),
('TRB-063', 'الغردقة', 'Alghrdqa', 'إجازة في الغردقة، فنجان استوائي يجمع بين حلاوة الأناناس والمانجو والفانيليا.', 'Signature cup.\\nFlavor profile: pineapple, vanilla; bright acidity; medium-full body.', NULL, '{"body": 4, "aroma": 4, "crema": 4, "flavor": 5, "acidity": 4, "bitterness": 1.5}', 'turkish', 't', NULL, NULL, NULL, NULL, NULL),
('TRB-064', 'أبيدوس', 'أBydws', 'فنجان عطري، يجمع بين رائحة زهور البرتقال وحلاوة العسل وعمق الكاكاو.', 'Signature cup.\\nFlavor profile: cocoa, honey, floral; bright acidity; medium-full body.', NULL, '{"body": 4, "aroma": 5, "crema": 4, "flavor": 5, "acidity": 4, "bitterness": 2}', 'turkish', 't', NULL, NULL, NULL, NULL, NULL),
('TRB-069', 'المهندسين', 'Almhndsyn', 'فنجان عصري ومتوازن، يجمع بين نكهة المكسرات والشوكولاتة مع حمضية لطيفة.', 'Signature cup.\\nFlavor profile: chocolate; balanced acidity; medium-full body.', NULL, '{"body": 4, "aroma": 4, "crema": 4, "flavor": 4, "acidity": 3, "bitterness": 2}', 'turkish', 't', NULL, NULL, NULL, NULL, NULL),
('TRB-070', 'بورسعيد', 'Bwrsayd', 'فنجان ناعم، يجمع بين حلاوة الكراميل والمكسرات مع قوام مريح.', 'Comforting cup.\\nFlavor profile: caramel; balanced acidity; medium-full body.', NULL, '{"body": 4, "aroma": 4, "crema": 4, "flavor": 5, "acidity": 3, "bitterness": 2}', 'turkish', 't', NULL, NULL, NULL, NULL, NULL),
('TRB-078', 'الواحات البحرية', 'Alwahat Albhrya', 'فنجان منعش، يجمع بين حمضية التفاح الأخضر المشرقة وحلاوة العسل.', 'Refreshing cup.\\nFlavor profile: honey, apple; high acidity; medium body.', NULL, '{"body": 3, "aroma": 4, "crema": 3, "flavor": 5, "acidity": 5, "bitterness": 2}', 'turkish', 't', NULL, NULL, NULL, NULL, NULL),
('TRB-079', 'السويس', 'Alswys', 'فنجان قوي، يجمع بين حلاوة الكرز وعمق الشوكولاتة الداكنة ودفء التوابل.', 'Comforting cup.\\nFlavor profile: chocolate; bright acidity; medium-full body.', NULL, '{"body": 4, "aroma": 4, "crema": 4, "flavor": 4, "acidity": 4, "bitterness": 2}', 'turkish', 't', NULL, NULL, NULL, NULL, NULL),
('TRB-080', 'دندرة', 'Dndra', 'فنجان رقيق، يجمع بين نعومة الشاي الأبيض وحلاوة التوت البري.', 'Signature cup.\\nFlavor profile: berry; high acidity; medium body.', NULL, '{"body": 3, "aroma": 5, "crema": 3, "flavor": 5, "acidity": 5, "bitterness": 2}', 'turkish', 't', NULL, NULL, NULL, NULL, NULL),
('TRB-087', 'المنصورية', 'Almnswrya', 'فنجان متوازن، يجمع بين حلاوة الكراميل وحمضية التفاح المنعشة.', 'Refreshing cup.\\nFlavor profile: caramel, apple; bright acidity; medium-full body.', NULL, '{"body": 4.5, "aroma": 4, "crema": 4.5, "flavor": 4, "acidity": 4, "bitterness": 2}', 'turkish', 't', NULL, NULL, NULL, NULL, NULL),
('TRB-088', 'النوبة', 'Alnwba', 'ألوان النوبة، فنجان يجمع بين رائحة الزهور وحلاوة العسل والخوخ.', 'Signature cup.\\nFlavor profile: honey, peach, floral; bright acidity; medium-full body.', NULL, '{"body": 4, "aroma": 5, "crema": 4, "flavor": 5, "acidity": 4, "bitterness": 1}', 'turkish', 't', NULL, NULL, NULL, NULL, NULL),
('TRB-091', 'العلمين', 'Alalmyn', 'فنجان رقيق، يجمع بين حلاوة الخوخ الأبيض ونكهة الشاي الناعمة.', 'Signature cup.\\nFlavor profile: peach; bright acidity; medium-full body.', NULL, '{"body": 4, "aroma": 4, "crema": 4.5, "flavor": 4, "acidity": 4, "bitterness": 1.5}', 'turkish', 't', NULL, NULL, NULL, NULL, NULL),
('TRB-094', 'الأهرامات', 'AlأHramat', 'عظمة الأهرامات، فنجان معقد يجمع بين حمضية الفواكه وحلاوة العسل والتوابل الفاخرة.', 'Luxurious cup.\\nFlavor profile: honey; high acidity; medium-full body.', NULL, '{"body": 4, "aroma": 5.5, "crema": 4, "flavor": 5, "acidity": 5, "bitterness": 1.5}', 'turkish', 't', NULL, NULL, NULL, NULL, NULL),
('TRB-096', 'الإسماعيلية', 'AlإSmaaylya', 'فنجان كريمي، يجمع بين حلاوة الكمثرى ونكهة الجوز مع قوام غني.', 'Signature cup.\\nFlavor profile: bright acidity; medium-full body.', NULL, '{"body": 4, "aroma": 4, "crema": 4, "flavor": 5, "acidity": 4, "bitterness": 2}', 'turkish', 't', NULL, NULL, NULL, NULL, NULL),
('TRB-099', 'وادي الملوك', 'Wady Almlwk', 'كنز وادي الملوك، فنجان يجمع بين حلاوة المشمش المجفف والفواكه الداكنة مع قوام حريري.', 'Signature cup.\\nFlavor profile: high acidity; medium body.', NULL, '{"body": 3, "aroma": 5, "crema": 4, "flavor": 5, "acidity": 5, "bitterness": 2}', 'turkish', 't', NULL, NULL, NULL, NULL, NULL),
('TRB-104', 'الفسطاط', 'Alfstat', 'فنجان كلاسيكي، يجمع بين المكسرات والكراميل وشوكولاتة الحليب.', 'Signature cup.\\nFlavor profile: caramel, chocolate; bright acidity; medium-full body.', NULL, '{"body": 4, "aroma": 5, "crema": 4, "flavor": 4, "acidity": 4, "bitterness": 2.5}', 'turkish', 't', NULL, NULL, NULL, NULL, NULL),
('TRB-113', 'حتشبسوت', 'Htshbswt', 'قوة حتشبسوت، فنجان يجمع بين رائحة الزهور وحمضية الفواكه وعمق الشوكولاتة.', 'Signature cup.\\nFlavor profile: chocolate, floral; high acidity; medium-full body.', NULL, '{"body": 4.5, "aroma": 5, "crema": 4, "flavor": 5, "acidity": 5, "bitterness": 2}', 'turkish', 't', NULL, NULL, NULL, NULL, NULL),
('TRB-114', 'رمسيس', 'Rmsys', 'فنجان ملكي، يجمع بين حلاوة التوت الأسود والشوكولاتة والمكسرات.', 'Signature cup.\\nFlavor profile: chocolate, berry; bright acidity; medium-full body.', NULL, '{"body": 4.5, "aroma": 4, "crema": 4, "flavor": 5, "acidity": 4, "bitterness": 2}', 'turkish', 't', NULL, NULL, NULL, NULL, NULL),
('TRB-115', 'توت عنخ آمون', 'Twt Ankh آMwn', 'كنز توت عنخ آمون، فنجان يجمع بين حمضية البرتقال وحلاوة السكر البني.', 'Signature cup.\\nFlavor profile: berry; high acidity; medium-full body.', NULL, '{"body": 4, "aroma": 5, "crema": 3, "flavor": 5, "acidity": 5, "bitterness": 2}', 'turkish', 't', NULL, NULL, NULL, NULL, NULL),
('TRB-118', 'إخناتون', 'إKhnatwn', 'فنجان فريد، يجمع بين التوابل والشوكولاتة وحلاوة الفواكه المجففة.', 'Signature cup.\\nFlavor profile: chocolate; bright acidity; medium-full body.', NULL, '{"body": 4, "aroma": 4, "crema": 4, "flavor": 5, "acidity": 4, "bitterness": 2.5}', 'turkish', 't', NULL, NULL, NULL, NULL, NULL),
('TRB-120', 'نفرتيتي', 'Nfrtyty', 'جمال نفرتيتي، فنجان متوازن يجمع بين حلاوة الكمثرى والعسل مع حمضية لطيفة.', 'Signature cup.\\nFlavor profile: honey; high acidity; medium-full body.', NULL, '{"body": 4, "aroma": 4, "crema": 4, "flavor": 4, "acidity": 5, "bitterness": 2.5}', 'turkish', 't', NULL, NULL, NULL, NULL, NULL),
('TRB-125', 'نفرتاري', 'Nfrtary', 'فنجان رقيق، يجمع بين حلاوة الخوخ الأبيض ورائحة الزهور مع حلاوة فاكهية.', 'Signature cup.\\nFlavor profile: peach, floral; high acidity; medium-full body.', NULL, '{"body": 4, "aroma": 5, "crema": 4, "flavor": 5, "acidity": 5, "bitterness": 2}', 'turkish', 't', NULL, NULL, NULL, NULL, NULL),
('TRB-126', 'الخارجة', 'Alkharja', 'فنجان يجمع بين حمضية التفاح الأخضر وحلاوة العسل مع لمسة تابلية خفيفة.', 'Signature cup.\\nFlavor profile: honey, apple; bright acidity; medium-full body.', NULL, '{"body": 4, "aroma": 5, "crema": 3, "flavor": 5, "acidity": 4, "bitterness": 2}', 'turkish', 't', NULL, NULL, NULL, NULL, NULL),
('TRB-127', 'محطة الرمل', 'Mhta Alrml', 'فنجان مشرق، يجمع بين حلاوة التوت الأحمر والكراميل والشوكولاتة.', 'Signature cup.\\nFlavor profile: caramel, chocolate, berry; bright acidity; medium-full body.', NULL, '{"body": 4, "aroma": 5, "crema": 4.5, "flavor": 5, "acidity": 3.5, "bitterness": 1}', 'turkish', 't', NULL, NULL, NULL, NULL, NULL),
('TRB-160', 'مارينا', 'Maryna', 'فنجان بسيط وأنيق، يجمع بين نكهة المكسرات والشوكولاتة مع لمسة زهرية خفيفة.', 'Signature cup.\\nFlavor profile: chocolate; bright acidity; medium body.', NULL, '{"body": 3, "aroma": 3, "crema": 3, "flavor": 4, "acidity": 4, "bitterness": 2}', 'turkish', 't', NULL, NULL, NULL, NULL, NULL),
('TRB-161', 'سيدي عبد الرحمن', 'Sydy Abd Alrhmn', 'فنجان دافئ، يجمع بين نعومة شوكولاتة الحليب ودفء التوابل وحلاوة الكراميل.', 'Comforting cup.\\nFlavor profile: caramel, chocolate; balanced acidity; medium-full body.', NULL, '{"body": 4, "aroma": 4, "crema": 4, "flavor": 4, "acidity": 3, "bitterness": 2}', 'turkish', 't', NULL, NULL, NULL, NULL, NULL),
('TRB-201', 'حدائق المنتزه', 'Montaza Gardens', 'نزهة في حدائق المنتزه، فنجان يجمع بين حلاوة التوت الأسود والعسل مع حمضية الليمون المنعشة.', 'Refreshing cup.\\nFlavor profile: honey, berry; bright acidity; full body.', NULL, '{"body": 5, "aroma": 5, "crema": 5, "flavor": 5, "acidity": 3.5, "bitterness": 1}', 'turkish', 't', NULL, NULL, NULL, NULL, NULL),
('TRB-202', 'واحة سيوة', 'Siwa Oasis', 'رحلة إلى سيوة، فنجان دافئ يجمع بين حلاوة الفواكه المجففة ودفء القرفة وعمق الكاكاو.', 'A journey in a cup.\\nFlavor profile: cocoa, cinnamon; bright acidity; full body.', NULL, '{"body": 5, "aroma": 5, "crema": 4, "flavor": 5, "acidity": 4, "bitterness": 1}', 'turkish', 't', NULL, NULL, NULL, NULL, NULL),
('TRB-203', 'المعز', 'Al-Muizz', 'فنجان كلاسيكي أصيل كشارع المعز، يجمع بين حلاوة الكراميل والجوز وشوكولاتة الحليب.', 'Signature cup.\\nFlavor profile: caramel, chocolate; balanced acidity; medium-full body.', NULL, '{"body": 4, "aroma": 5, "crema": 5, "flavor": 5, "acidity": 3, "bitterness": 1}', 'turkish', 't', NULL, NULL, NULL, NULL, NULL),
('TRB-204', 'سهل حشيش', 'Sahl Hasheesh', 'استرخاء على الشاطئ، فنجان ناعم يجمع بين حلاوة الشوكولاتة البيضاء والفانيليا وجوز الهند.', 'Signature cup.\\nFlavor profile: chocolate, vanilla; balanced acidity; full body.', NULL, '{"body": 5, "aroma": 5, "crema": 4, "flavor": 5, "acidity": 3, "bitterness": 1}', 'turkish', 't', NULL, NULL, NULL, NULL, NULL),
('TRB-205', 'القرنة', 'Al-Qurna', 'فنجان فاكهي وعطري، يجمع بين حلاوة المشمش ورائحة الزهور مع حلاوة عسل السدر الفاخرة.', 'Luxurious cup.\\nFlavor profile: honey, floral; high acidity; medium-full body.', NULL, '{"body": 4, "aroma": 5, "crema": 5, "flavor": 5, "acidity": 5, "bitterness": 1}', 'turkish', 't', NULL, NULL, NULL, NULL, NULL),
('TRB-207', 'الحسين', 'Al-Hussein', 'فنجان شعبي وأصيل كأجواء الحسين، يجمع بين نكهة المكسرات المحمصة وحلاوة التمر والشوكولاتة.', 'Signature cup.\\nFlavor profile: chocolate, date; balanced acidity; full body.', NULL, '{"body": 5, "aroma": 5, "crema": 5, "flavor": 5, "acidity": 3, "bitterness": 1}', 'turkish', 't', NULL, NULL, NULL, NULL, NULL),
('TRB-210', 'شالي', 'Shali', 'فنجان أنيق، يجمع بين حلاوة الخوخ ونكهة الشاي الأسود الراقية مع حلاوة العسل الصافي.', 'Signature cup.\\nFlavor profile: honey, peach; bright acidity; medium-full body.', NULL, '{"body": 4, "aroma": 5, "crema": 4, "flavor": 5, "acidity": 4, "bitterness": 1}', 'turkish', 't', NULL, NULL, NULL, NULL, NULL),
('TRB-211', 'دهب', 'Dahab', 'مغامرة في دهب، فنجان يجمع بين حلاوة الفواكه الاستوائية والكراميل مع قوام غني وممتلئ.', 'Signature cup.\\nFlavor profile: caramel; bright acidity; full body.', NULL, '{"body": 5, "aroma": 5, "crema": 5, "flavor": 5, "acidity": 4, "bitterness": 2}', 'turkish', 't', NULL, NULL, NULL, NULL, NULL),
('TRB-212', 'الفيوم', 'Fayoum', 'هدوء وجمال الفيوم، فنجان يجمع بين حلاوة الكمثرى والفانيليا مع لمسة دخانية خفيفة.', 'Signature cup.\\nFlavor profile: vanilla; bright acidity; full body.', NULL, '{"body": 5, "aroma": 5, "crema": 4, "flavor": 4, "acidity": 4, "bitterness": 1}', 'turkish', 't', NULL, NULL, NULL, NULL, NULL),
('TRB-213', 'الأقصر', 'Luxor', 'عظمة الأقصر في فنجان، يجمع بين دفء القرفة وحلاوة الكراميل وجوز الهند المحمص.', 'Comforting cup.\\nFlavor profile: caramel, cinnamon; bright acidity; medium-full body.', NULL, '{"body": 4, "aroma": 5, "crema": 5, "flavor": 5, "acidity": 4, "bitterness": 2}', 'turkish', 't', NULL, NULL, NULL, NULL, NULL),
('TRB-214', 'الساحل الشمالي', 'North Coast', 'انتعاش الساحل، فنجان يجمع بين حمضية الفواكه المنعشة وحلاوة العسل الأبيض ورائحة الزهور.', 'Refreshing cup.\\nFlavor profile: honey, floral; bright acidity; medium-full body.', NULL, '{"body": 4.5, "aroma": 5, "crema": 4, "flavor": 5, "acidity": 4, "bitterness": 1}', 'turkish', 't', NULL, NULL, NULL, NULL, NULL),
('TRB-215', 'فيلة', 'Philae', 'سحر معبد فيلة، فنجان فاكهي غني يجمع بين حلاوة المشمش المجفف والبرقوق.', 'Signature cup.\\nFlavor profile: high acidity; full body.', NULL, '{"body": 5, "aroma": 5, "crema": 5, "flavor": 5, "acidity": 5, "bitterness": 1}', 'turkish', 't', NULL, NULL, NULL, NULL, NULL),
('TRB-216', 'مصر القديمة', 'Old Cairo', 'رحلة إلى مصر القديمة، فنجان يجمع بين حلاوة التمر وعمق الكاكاو الخام والتوابل الشرقية الأصيلة.', 'A journey in a cup.\\nFlavor profile: cocoa, date; balanced acidity; full body.', NULL, '{"body": 5, "aroma": 5, "crema": 4, "flavor": 5, "acidity": 3, "bitterness": 1}', 'turkish', 't', NULL, NULL, NULL, NULL, NULL),
('TRB-217', 'هليوبوليس', 'Heliopolis', 'أناقة هليوبوليس، فنجان يجمع بين حلاوة التوت الأسود والفستق مع عمق الشوكولاتة.', 'Signature cup.\\nFlavor profile: chocolate, berry; bright acidity; full body.', NULL, '{"body": 5, "aroma": 5, "crema": 5, "flavor": 4, "acidity": 4, "bitterness": 2}', 'turkish', 't', NULL, NULL, NULL, NULL, NULL),
('TRB-218', 'جاردن سيتي', 'Garden City', 'هدوء جاردن سيتي، فنجان يجمع بين نعومة شوكولاتة الحليب وحلاوة العسل مع لمسة خشبية دافئة.', 'Signature cup.\\nFlavor profile: chocolate, honey; balanced acidity; full body.', NULL, '{"body": 5, "aroma": 5, "crema": 4, "flavor": 5, "acidity": 3, "bitterness": 1}', 'turkish', 't', NULL, NULL, NULL, NULL, NULL),
('TRB-219', 'قصر البارون', 'Baron Palace', 'فخامة قصر البارون، فنجان عطري يجمع بين رائحة الياسمين وحلاوة الكمثرى والعسل.', 'Signature cup.\\nFlavor profile: honey, jasmine; bright acidity; medium-full body.', NULL, '{"body": 4, "aroma": 5, "crema": 5, "flavor": 5, "acidity": 4, "bitterness": 1}', 'turkish', 't', NULL, NULL, NULL, NULL, NULL),
('TRB-220', 'القلعة', 'Alqlaa', 'قوة وصلابة القلعة، فنجان قوي يجمع بين نكهة الجوز المحمص والكراميل الداكن مع قوام كريمي.', 'Bold cup.\\nFlavor profile: caramel; balanced acidity; full body.', NULL, '{"body": 5, "aroma": 5, "crema": 5, "flavor": 5, "acidity": 3, "bitterness": 2}', 'turkish', 't', NULL, NULL, NULL, NULL, NULL),
('TRB-221', 'مرسى علم', 'Mrsa Alm', 'انتعاش مرسى علم، فنجان يجمع بين حمضية التفاح الأخضر وحلاوة العسل في تجربة منعشة.', 'Refreshing cup.\\nFlavor profile: honey, apple; high acidity; medium-full body.', NULL, '{"body": 4, "aroma": 5, "crema": 4, "flavor": 5, "acidity": 5, "bitterness": 1}', 'turkish', 't', NULL, NULL, NULL, NULL, NULL),
('TRB-223', 'جزيرة النباتات', 'Jzyra Alnbatat', 'حديقة عطرية، فنجان يجمع بين رائحة زهور البرتقال وحلاوة الكمثرى والعسل.', 'Signature cup.\\nFlavor profile: honey, floral; bright acidity; medium-full body.', NULL, '{"body": 4.5, "aroma": 5, "crema": 5, "flavor": 5, "acidity": 4.5, "bitterness": 1}', 'turkish', 't', NULL, NULL, NULL, NULL, NULL),
('TRB-224', 'الكرنك', 'Alkrnk', 'تاريخ الكرنك، فنجان يجمع بين حلاوة المشمش وعسل السدر الفاخر مع التوابل الدافئة.', 'Luxurious cup.\\nFlavor profile: honey; bright acidity; full body.', NULL, '{"body": 5, "aroma": 5, "crema": 4, "flavor": 4, "acidity": 4, "bitterness": 1}', 'turkish', 't', NULL, NULL, NULL, NULL, NULL),
('TRB-225', 'بورفؤاد', 'BwrfؤAd', 'فنجان كلاسيكي، يجمع بين الشوكولاتة الداكنة والمكسرات مع لمسة ترابية أصيلة.', 'Signature cup.\\nFlavor profile: chocolate; bright acidity; medium-full body.', NULL, '{"body": 4, "aroma": 5, "crema": 4, "flavor": 5, "acidity": 4, "bitterness": 2}', 'turkish', 't', NULL, NULL, NULL, NULL, NULL),
('TRB-222', 'أبو سمبل', 'أBw Smbl', 'رهبة أبو سمبل، فنجان غني يجمع بين حلاوة توت العليق ودفء جوزة الطيب والقرفة.', 'Comforting cup.\\nFlavor profile: berry, cinnamon; balanced acidity; full body.', NULL, '{"body": 5, "aroma": 5, "crema": 4, "flavor": 4, "acidity": 3, "bitterness": 2}', 'turkish', 't', '', '', NULL, NULL, NULL),
('TRB-226', 'شرم الشيخ', 'Shrm Alshykh', 'متعة شرم الشيخ، فنجان فاكهي يجمع بين حلاوة الأناناس والكراميل والفواكه الاستوائية.', 'Signature cup.\\nFlavor profile: caramel, pineapple; bright acidity; full body.', NULL, '{"body": 5, "aroma": 5.5, "crema": 5, "flavor": 5, "acidity": 4.5, "bitterness": 2}', 'turkish', 't', NULL, NULL, NULL, NULL, NULL),
('TRB-227', 'المعمورة', 'Almamwra', 'فنجان راقٍ، يجمع بين رائحة شاي الياسمين وحلاوة الخوخ مع حمضية الليمون المنعشة.', 'Refreshing cup.\\nFlavor profile: peach, jasmine; high acidity; medium-full body.', NULL, '{"body": 4, "aroma": 5, "crema": 4, "flavor": 5, "acidity": 5.5, "bitterness": 1}', 'turkish', 't', NULL, NULL, NULL, NULL, NULL),
('TRB-229', 'العين السخنة', 'Alayn Alskhna', 'استرخاء العين السخنة، فنجان يجمع بين حلاوة الكراميل وشوكولاتة الحليب مع قوام ناعم جداً.', 'Signature cup.\\nFlavor profile: caramel, chocolate; bright acidity; full body.', NULL, '{"body": 5.5, "aroma": 5, "crema": 4, "flavor": 4, "acidity": 4, "bitterness": 0.5}', 'turkish', 't', NULL, NULL, NULL, NULL, NULL),
('TRB-230', 'الدرب الأحمر', 'Aldrb AlأHmr', 'أصالة الدرب الأحمر، فنجان قوي وغني يجمع بين الكراميل الداكن والفواكه المجففة والمكسرات.', 'Bold cup.\\nFlavor profile: caramel; balanced acidity; full body.', NULL, '{"body": 5.5, "aroma": 5, "crema": 5.5, "flavor": 5, "acidity": 3, "bitterness": 1}', 'turkish', 't', NULL, NULL, NULL, NULL, NULL),
('TRB-231', 'مراسي', 'Mrasy', 'رفاهية مراسي، فنجان أنيق يجمع بين حلاوة الشوكولاتة البيضاء والفانيليا مع لمسة زهرية رقيقة.', 'Signature cup.\\nFlavor profile: chocolate, vanilla; balanced acidity; full body.', NULL, '{"body": 5, "aroma": 5, "crema": 5, "flavor": 4, "acidity": 3, "bitterness": 1}', 'turkish', 't', NULL, NULL, NULL, NULL, NULL),
('TRB-232X', 'وسط البلد', 'Wst Albld', 'حيوية وسط البلد، فنجان يجمع بين حلاوة التوت الأزرق (عنبية) والشوكولاتة الداكنة.', 'Signature cup.\\nFlavor profile: chocolate, berry; low acidity; full body.', NULL, '{"body": 5, "aroma": 5, "crema": 5, "flavor": 5, "acidity": 2.5, "bitterness": 2}', 'turkish', 't', NULL, NULL, NULL, NULL, NULL),
('TRB-233', 'رأس الحكمة', 'RأS Alhkma', 'صفاء رأس الحكمة، فنجان يجمع بين حمضية التفاح الأخضر وحلاوة العسل مع لمسة زهرية ناعمة.', 'Signature cup.\\nFlavor profile: honey, apple; balanced acidity; full body.', NULL, '{"body": 5, "aroma": 5, "crema": 4, "flavor": 5, "acidity": 3, "bitterness": 1}', 'turkish', 't', NULL, NULL, NULL, NULL, NULL),
('TRB-234', 'الأزهر', 'AlأZhr', 'روحانية الأزهر، فنجان يجمع بين حلاوة التمر وعمق الكاكاو ودفء القرفة.', 'Comforting cup.\\nFlavor profile: cocoa, cinnamon, date; bright acidity; full body.', NULL, '{"body": 5, "aroma": 5, "crema": 5, "flavor": 4, "acidity": 4, "bitterness": 1}', 'turkish', 't', NULL, NULL, NULL, NULL, NULL),
('TRB-235', 'قايتباي', 'Qaytbay', 'فنجان متوازن، يجمع بين حلاوة التوت الأسود والكراميل المملح والمكسرات.', 'Signature cup.\\nFlavor profile: caramel, berry; bright acidity; medium-full body.', NULL, '{"body": 4, "aroma": 5, "crema": 5, "flavor": 4, "acidity": 4, "bitterness": 1}', 'turkish', 't', NULL, NULL, NULL, NULL, NULL),
('TRK-001', 'خان الخليلي', 'Khan El Khalili', 'فنجان أصيل كأجواء خان الخليلي، يجمع بين الشوكولاتة الداكنة والمكسرات المحمصة وحلاوة التمر.', 'Signature cup.\\nFlavor profile: chocolate, date; balanced acidity; full body.', NULL, '{"body": 5, "aroma": 5, "crema": 5, "flavor": 5, "acidity": 3, "bitterness": 1.5}', 'turkish', 't', NULL, NULL, NULL, NULL, NULL),
('TRK-002', 'الزمالك', 'Zamalek', 'فنجان أنيق وراقي، يجمع بين حلاوة الكراميل ورائحة الزهور البيضاء مع لمسة فاكهية منعشة.', 'Refreshing cup.\\nFlavor profile: caramel, floral; bright acidity; full body.', NULL, '{"body": 5, "aroma": 5, "crema": 4, "flavor": 5, "acidity": 3.5, "bitterness": 1}', 'turkish', 't', NULL, NULL, NULL, NULL, NULL),
('TRK-003', 'الجونا', 'El Gouna', 'قهوة ناعمة ومريحة، تمنحك إحساسًا بالاسترخاء مع نكهة شوكولاتة الحليب والفانيليا ولمسة قرفة دافئة.', 'Comforting cup.\\nFlavor profile: chocolate, vanilla, cinnamon; bright acidity; medium-full body.', NULL, '{"body": 4, "aroma": 4, "crema": 3, "flavor": 5, "acidity": 4, "bitterness": 2}', 'turkish', 't', NULL, NULL, NULL, NULL, NULL),
('V01', 'توليفتي™ بالانس', 'Tawlefti™ Balance', 'كوب قهوة متوازن ومثالي لكل يوم، يجمع بين حلاوة المكسرات المحمصة وحمضية خفيفة ومنعشة.', 'Refreshing cup.\\nFlavor profile: balanced acidity; medium body.', NULL, '{"body": 3, "aroma": 3, "acidity": 3, "clarity": 3, "complexity": 3}', 'v60', 't', 'ماء 93°م، وقت 2:30 د', 'water 93°C; 2:30 min', NULL, NULL, NULL),
('V02', 'كينيا برايت', 'Kynya Bright', 'تجربة كينية مشرقة ونقية، تتميز بنكهة التوت الحلو وحمضية الليمون المنعشة في فنجان خفيف القوام.', 'Refreshing cup.\\nFlavor profile: berry; high acidity; light body.', NULL, '{"body": 2, "aroma": 4, "acidity": 5, "clarity": 5, "complexity": 5}', 'v60', 't', 'صب متقطع، ماء 92°م، 3 دقائق', 'Pulse pour; water 92°C; 3 min', NULL, NULL, NULL),
('V03', 'عطر يرجاشيف', 'Atr Yrjashyf', 'فنجان فاخر تفوح منه رائحة الزهور العطرية، مع حمضية ناعمة تشبه الشاي الفاخر ولمسة من حلاوة قصب السكر.', 'Luxurious cup.\\nFlavor profile: floral; high acidity; light body.', NULL, '{"body": 2, "aroma": 5, "acidity": 5, "clarity": 5, "complexity": 4}', 'v60', 't', 'صب دائري بطيء، ماء 90°م', 'Circular pour (slow); water 90°C', NULL, NULL, NULL),
('V04', 'كوستاريكا تارازو', 'Costa Rica Tarrazu', 'كوب غني ودافئ بنكهة الكراميل الحلو وجوز البقان المحمص، يمنحك إحساسًا بالراحة والدفء.', 'Comforting cup.\\nFlavor profile: caramel, pecan; bright acidity; medium-full body.', NULL, '{"body": 4, "aroma": 4, "acidity": 4, "clarity": 4, "complexity": 3}', 'v60', 't', 'صب مركز، ماء 94°م، 2:45 د', 'Center pour; water 94°C; 2:45 min', NULL, NULL, NULL),
('V05', 'موكا بالزعفران', 'Mocha Balzafran', 'رحلة إلى أسواق الشرق، حيث تمتزج نكهة الكاكاو الغنية مع حلاوة الخوخ المجفف ولمسة فاخرة من التوابل والزعفران.', 'Luxurious cup.\\nFlavor profile: cocoa, peach, saffron; low acidity; medium-full body.', NULL, '{"body": 4, "aroma": 5, "acidity": 2, "clarity": 2, "complexity": 5}', 'v60', 't', 'صب طبقات، ماء 88°م، تضاف رشة زعفران', 'Layered pour; water 88°C; add saffron', NULL, NULL, NULL),
('V06', 'هويلا سويت', 'Huila Sweet', 'حلاوة طبيعية ومنعشة في فنجانك، تذكرنا بالتفاح الأحمر الطازج والعسل الذهبي الصافي.', 'Refreshing cup.\\nFlavor profile: honey, apple; bright acidity; medium body.', NULL, '{"body": 3, "aroma": 4, "acidity": 4, "clarity": 4, "complexity": 3}', 'v60', 't', 'صب سريع، ماء 91°م، 2:15 د', 'fast; water 91°C; 2:15 min', NULL, NULL, NULL),
('V07', 'أنتيغوا شوكو', 'Antigua Choco', 'لعشاق الشوكولاتة، كوب غني بقوام كريمي ونكهة الشوكولاتة الداكنة الفاخرة مع حلاوة الكرز اللذيذ.', 'Luxurious cup.\\nFlavor profile: chocolate; balanced acidity; full body.', NULL, '{"body": 5, "aroma": 4, "acidity": 3, "clarity": 3, "complexity": 4}', 'v60', 't', 'صب حلزوني، ماء 93°م', 'Spiral pour; water 93°C', NULL, NULL, NULL),
('V08', 'سيرادو كلاسيك', 'Cerrado Classic', 'فنجان كلاسيكي أصيل، يجمع بين نكهة البندق المحمص والكراميل المملح في توازن مثالي.', 'Signature cup.\\nFlavor profile: caramel, hazelnut; low acidity; medium-full body.', NULL, '{"body": 4, "aroma": 3, "acidity": 2, "clarity": 3, "complexity": 2}', 'v60', 't', 'ماء 92°م، 2:30 د', 'water 92°C; 2:30 min', NULL, NULL, NULL),
('V09', 'تشانشامايو فروت', 'Tshanshamayw Frwt', 'مغامرة استوائية ممتعة، بنكهات الفواكه المنعشة التي تكتمل بحلاوة الشوكولاتة البيضاء الناعمة.', 'Refreshing cup.\\nFlavor profile: chocolate; bright acidity; medium body.', NULL, '{"body": 3, "aroma": 3, "acidity": 4, "clarity": 4, "complexity": 3}', 'v60', 't', 'صب مزدوج، ماء 90°م', 'Double pour; water 90°C', NULL, NULL, NULL),
('V10', 'مانديلينج المعدلة', 'Mandheling Almadla', 'تجربة جريئة وعميقة، تتميز بنكهة التوت الداكن الغنية مع لمسة ترابية أصيلة وقوام ممتلئ.', 'Signature cup.\\nFlavor profile: berry; low acidity; full body.', NULL, '{"body": 5, "aroma": 4, "acidity": 2, "clarity": 3, "complexity": 4}', 'v60', 't', 'ماء 94°م، صب كثيف', 'intense; water 94°C', NULL, NULL, NULL),
('V11', 'دا لات إنتنس', 'Da Lat إNtns', 'لمحبي القهوة القوية، كوب جريء بنكهة خشب الأرز والكراميل المحروق وقوام ثقيل يدوم.', 'Bold cup.\\nFlavor profile: caramel; very low acidity; full body.', NULL, '{"body": 5, "aroma": 3, "acidity": 1, "clarity": 1, "complexity": 2}', 'v60', 't', 'صب سريع، ماء 95°م', 'fast; water 95°C', NULL, NULL, NULL),
('V12', 'أوغندا سيك', 'أWghnda Syk', 'فنجان معقد وممتع، يجمع حلاوة الفواكه المجففة مع عمق الكاكاو ونهاية تشبه نكهة العنب الأحمر.', 'Signature cup.\\nFlavor profile: cocoa; balanced acidity; medium-full body.', NULL, '{"body": 4, "aroma": 4, "acidity": 3, "clarity": 3, "complexity": 4}', 'v60', 't', 'صب متدرج، ماء 93°م', 'Staged pour; water 93°C', NULL, NULL, NULL),
('V13', 'كينيا بلند', 'Kynya Blnd', 'مزيج قوي ومتطور، يجمع بين حمضية العنب الأسود الكيني ولمسة دافئة من التوابل الوردية.', 'Bold cup.\\nFlavor profile: high acidity; medium-full body.', NULL, '{"body": 4, "aroma": 4, "acidity": 5, "clarity": 4, "complexity": 5}', 'v60', 't', 'صب دائري مكثف، ماء 92°م', 'Circular pour (intense); water 92°C', NULL, NULL, NULL),
('V14', 'كونا هاواي', 'Kwna Hawaii', 'إحساس استوائي دافئ، يجمع بين حلاوة الفانيليا الكريمية ونكهة الأناناس المنعشة.', 'Refreshing cup.\\nFlavor profile: pineapple, vanilla; balanced acidity; medium-full body.', NULL, '{"body": 4, "aroma": 4, "acidity": 3, "clarity": 3, "complexity": 3}', 'v60', 't', 'وقت 3 دقائق، ماء 91°م', 'water 91°C; 3 min', NULL, NULL, NULL),
('V15', 'سيدامو العطرية', 'Sidamo Alatrya', 'عطر من الياسمين والليمون في فنجانك، مع نقاء ونعومة الشاي الأخضر الفاخر.', 'Luxurious cup.\\nFlavor profile: jasmine; high acidity; light body.', NULL, '{"body": 2, "aroma": 5, "acidity": 5, "clarity": 5, "complexity": 4}', 'v60', 't', 'صب بطيء، ماء 89°م', 'slow; water 89°C', NULL, NULL, NULL),
('V16', 'مونسونيد الهند', 'Mwnswnyd Alhnd', 'تجربة هندية فريدة، بنكهات التوابل الغنية ولمسة العنبر الدافئة التي تأخذك في رحلة إلى الشرق.', 'A journey in a cup.\\nFlavor profile: low acidity; medium-full body.', NULL, '{"body": 4, "aroma": 4, "acidity": 2, "clarity": 2, "complexity": 5}', 'v60', 't', 'صب سريع، ماء 94°م', 'fast; water 94°C', NULL, NULL, NULL),
('V17', 'بورسيرون البرازيل', 'Bwrsyrwn Albrazyl', 'فنجان كريمي ومريح، يجمع بين حلاوة شوكولاتة الحليب ونكهة جوز البقان الغنية.', 'Comforting cup.\\nFlavor profile: pecan, chocolate; balanced acidity; full body.', NULL, '{"body": 5, "aroma": 4, "acidity": 3, "clarity": 3, "complexity": 4}', 'v60', 't', 'صب حلزوني مكثف، ماء 93°م', 'Spiral pour (intense); water 93°C', NULL, NULL, NULL),
('V18', 'جيشا كولومبيا', 'Jysha Colombia', 'قمة الفخامة، فنجان نادر بنكهات البرتقال والبرغموت العطرية وحلاوة عسل السدر الصافي.', 'Signature cup.\\nFlavor profile: honey; high acidity; light body.', NULL, '{"body": 2, "aroma": 5, "acidity": 5, "clarity": 5, "complexity": 4}', 'v60', 't', 'صب دقيق، ماء 88°م', 'water 88°C', NULL, NULL, NULL),
('V19', 'ألتورا المكسيك', 'أLtwra Almksyk', 'كوب دافئ ومريح، يجمع حلاوة الفواكه المجففة مع لمسة عطرية من القرفة الدافئة.', 'Comforting cup.\\nFlavor profile: cinnamon; balanced acidity; medium-full body.', NULL, '{"body": 4, "aroma": 4, "acidity": 3, "clarity": 3, "complexity": 4}', 'v60', 't', 'صب طبقي، ماء 92°م', 'Layered pour; water 92°C', NULL, NULL, NULL),
('V20', 'روبوستا بريميوم+', 'Rwbwsta Brymywm+', 'قوة وتركيز في فنجان واحد، يجمع بين مرارة الكاكاو الداكن واللمسة الدخانية مع حمضية خفيفة في النهاية.', 'Signature cup.\\nFlavor profile: cocoa; balanced acidity; full body.', NULL, '{"body": 5, "aroma": 3, "acidity": 3, "clarity": 2, "complexity": 3}', 'v60', 't', 'صب سريع، ماء 96°م', 'fast; water 96°C', NULL, NULL, NULL),
('V21', 'بيرو أورجانيك', 'Byrw أWrjanyk', 'فنجان عضوي نقي، يتميز بحلاوة الكراميل الطبيعية ونكهة المكسرات مع حمضية ناعمة ومتوازنة.', 'Signature cup.\\nFlavor profile: caramel; bright acidity; medium body.', NULL, '{"body": 3, "aroma": 3, "acidity": 4, "clarity": 4, "complexity": 3}', 'v60', 't', 'صب مزدوج، ماء 91°م', 'Double pour; water 91°C', NULL, NULL, NULL),
('V22', 'V60 كولد برو بالعسل', 'V60 Cold Brew Balasl', 'مشروب بارد ومنعش، يجمع بين عمق الشوكولاتة وعطرية الزهور مع حلاوة العسل الطبيعي.', 'Refreshing cup.\\nFlavor profile: chocolate, honey, floral; balanced acidity; medium-full body.', NULL, '{"body": 4, "aroma": 5, "acidity": 3, "clarity": 4, "complexity": 5}', 'v60', 't', 'نقع 18 ساعة، يضاف العسل عند التقديم', 'Steep; 18 hrs; add honey at serve', NULL, NULL, NULL),
('CB20', 'أرابيان آيسد', 'أRabyan آYsd', 'ليالٍ عربية باردة، يجمع بين حلاوة التمر الفاخرة ولمسة من الزعفران والهيل.', 'Luxurious cup.\\nFlavor profile: saffron, cardamom, date; balanced acidity; medium-full body.', NULL, '{"body": 4, "aroma": 5, "acidity": 3, "clarity": 4, "softness": 3, "intensity": 3, "sweetness": 3, "complexity": 5, "acidity_clarity": 3}', 'cold-brew', 't', 'نقع 18 ساعة + هيل', 'Cold steep; 18 hrs; add cardamom.', NULL, NULL, NULL),
('TRB-001', 'ميدان التحرير', 'Mydan Althryr', 'فنجان متوازن وحيوي، يجمع بين الكراميل والمكسرات والشوكولاتة.', 'Signature cup.\\nFlavor profile: caramel, chocolate; bright acidity; medium-full body.', NULL, '{"body": 4, "aroma": 5, "crema": 4, "flavor": 5, "acidity": 4, "bitterness": 1.5}', 'turkish', 't', NULL, NULL, NULL, NULL, NULL),
('FP03', 'أصل سيدامو', 'Origin Sidamo', 'تجربة إثيوبية عطرية، كأنك في حقل من الزهور البرية مع حمضية الليمون المنعشة.', 'Refreshing cup.\\nFlavor profile: floral; high acidity; light body.', NULL, '{"body": 2, "aroma": 5, "acidity": 5, "clarity": 3, "complexity": 4}', 'french-press', 't', 'نقع 4 دقائق، ماء 90°م', 'Steep; 4 min; water 90°C.', NULL, NULL, NULL),
('CS-016', 'أطلس المتوسط', 'أTls Almtwst', 'لتركيز ووضوح ذهني، مشروب يجمع بين النكهات العشبية والفاكهية.', 'Signature cup.\\nFlavor profile: medium-full body.', NULL, '{"body": 4, "Color": 4, "aroma": 4, "color": 3, "flavor": 4, "bitterness": 3}', 'cold-infusion', 't', 'نقع 36 ساعة بنسبة 1:12', 'Cold soak 36 hrs; ratio 1:12.', NULL, NULL, NULL),
('CS-007', 'أفرو-آسيوي', 'أFrw-آSywy', 'للطاقة والتركيز، مشروب قوي بنكهة عشبية جريئة ولمسة ترابية.', 'Bold cup.\\nFlavor profile: medium-full body.', NULL, '{"body": 4, "Color": 3, "aroma": 3, "flavor": 4, "bitterness": 4}', 'cold-infusion', 't', 'نقع 18 ساعة + كاكاو خام', 'Cold soak 18 hrs; add raw cacao.', NULL, NULL, NULL),
('FUNC_TRKZ', 'تركيز', 'Focus', 'رائحة دافئة من التوابل، مع مذاق متوازن يجمع حلاوة الشوكولاتة والكراميل، ونهاية ترابية خفيفة من الجنسنج.', '', NULL, '{}', NULL, 't', 'تحويجة خاصة (لكل كيلو بن): ١٥ جرام قرفة، ١٠ جرام هيل، ٥ جرام جوزة الطيب، ٥ جرام مسحوق الجنسنج.', '', NULL, 'وظيفية', NULL),
('FUNC_SHGF', 'شغف', 'Passion', 'تجربة عطرية فاخرة، مع طعم معقد يجمع بين حلاوة التمر والزيبيب، ورائحة الورد والزعفران، معززة بنهاية دافئة وحيوية من الجنسنج.', '', NULL, '{}', NULL, 't', 'تحويجة خاصة (لكل كيلو بن): ٢٠ جرام هيل فاخر، رشة زعفران، ٥ جرام بتلات ورد، ١٠ جرام مسحوق الجنسنج.', '', NULL, 'وظيفية', NULL),
('ESP-48', 'آيس بلند', 'آYs Blnd', 'المزيج المثالي للقهوة الباردة، إسبريسو يقطع الحليب بنكهات الفانيليا وجوز الهند والكراميل.', 'Signature cup.\\nFlavor profile: caramel, vanilla; full body.', NULL, '{"body": 5, "crema": 3, "balance": 4, "intensity": 5, "aftertaste": 4}', 'espresso', 't', '', '', NULL, NULL, NULL),
('FUNC_PWR', 'باور', 'Power', 'طعم قوي ولاذع، مع مرارة واضحة وركلة كافيين قوية، معززة بالإحساس الدافئ من الزنجبيل والقوة الترابية من الجنسنج.', '', NULL, '{}', NULL, 't', 'تحويجة خاصة (لكل كيلو بن): ٢٠ جرام زنجبيل، ١٠ جرام قرنفل، ١٥ جرام مسحوق الجنسنج.', '', NULL, 'وظيفية', NULL),
('TRB-098', 'أبو الهول', 'أBw Alhwl', 'غموض أبو الهول، فنجان يجمع بين حمضية التفاح الأخضر المشرقة وحلاوة العسل.', 'Signature cup.\\nFlavor profile: honey, apple; high acidity; medium-full body.', NULL, '{"body": 4.5, "aroma": 4, "crema": 4, "flavor": 5, "acidity": 5, "bitterness": 2}', 'turkish', 't', '', '', NULL, NULL, NULL),
('ESP-10', 'التحميصة الذهبية', 'Althmysa Alihbya', 'إسبريسو متوازن وكلاسيكي، يجمع بين نكهة الكاجو والخبز المحمص مع حلاوة خفيفة وكريمة ذهبية.', 'Signature cup.\\nFlavor profile: medium-full body.', NULL, '{"body": 4, "crema": 3, "balance": 4, "intensity": 4.5, "aftertaste": 4}', 'espresso', 't', '', '', NULL, NULL, NULL),
('CB06', 'أنتيغوا آيس', 'Antigua آYs', 'مشروب بارد وغني، يجمع بين حلاوة الكرز الداكن وعمق الشوكولاتة الفاخرة.', 'Luxurious cup.\\nFlavor profile: chocolate; low acidity; full body.', NULL, '{"body": 5, "aroma": 4, "acidity": 2, "clarity": 3, "complexity": 4}', 'cold_brew', 't', 'نقع 16 ساعة', 'Cold steep; 16 hrs.', NULL, NULL, NULL),
('TRB-208', 'أسوان', 'Aswan', 'دفء أسوان في فنجان، يجمع بين حلاوة التين المجفف والتوابل الدافئة وعمق الكاكاو.', 'Comforting cup.\\nFlavor profile: cocoa; bright acidity; medium-full body.', NULL, '{"body": 4.5, "aroma": 5, "crema": 4, "flavor": 5, "acidity": 4, "bitterness": 1}', 'turkish', 't', '', '', NULL, NULL, NULL),
('ESP-16', 'أصل هرر', 'Origin Hrr', 'إسبريسو إثيوبي أصيل، يجمع بين حلاوة البرقوق ونكهات الأعشاب العطرية ورائحة زهور البرتقال.', 'Signature cup.\\nFlavor profile: floral; medium body.', NULL, '{"body": 3, "crema": 3, "balance": 5, "intensity": 3, "aftertaste": 4}', 'espresso', 't', '', '', NULL, NULL, NULL),
('CB10', 'أفريكان كولد', 'أFrykan Cold', 'احتفال أفريقي بارد، يجمع بين حمضية اليوسفي المنعشة ولمسة الزنجبيل الحارة.', 'Refreshing cup.\\nFlavor profile: bright acidity; medium body.', NULL, '{"body": 3, "aroma": 5, "acidity": 4, "clarity": 5, "softness": 3, "intensity": 3, "sweetness": 3, "complexity": 5, "acidity_clarity": 3}', 'cold-brew', 't', 'نقع 20 ساعة + قشر برتقال', 'Cold steep; 20 hrs; add orange peel.', NULL, NULL, NULL),
('FP20', 'أفريكان بلند', 'أFrykan Blnd', 'مزيج أفريقي معقد، يجمع بين حلاوة التين الداكنة ولمسة أنيقة من التوابل الحلوة.', 'Signature cup.\\nFlavor profile: high acidity; medium-full body.', NULL, '{"body": 4, "aroma": 5, "acidity": 5, "clarity": 5, "complexity": 5}', 'french-press', 't', 'نقع 4:30 د، تقليب مكثّف', 'Steep; 4:30 min; vigorous stir.', NULL, NULL, NULL),
('CS-001', 'أفريكان فروت', 'أFrykan Frwt', 'مشروب صحي غني بمضادات الأكسدة، بنكهة فاكهية طبيعية ولمسة عشبية منعشة.', 'Refreshing cup.\\nFlavor profile: medium body.', NULL, '{"body": 3, "Color": 5, "aroma": 5, "color": 3, "flavor": 5, "bitterness": 2}', 'cold-infusion', 't', 'نقع 24 ساعة في الثلاجة', 'Cold soak 24 hrs refrigerated.', NULL, NULL, NULL);


INSERT INTO public.carts (id, user_id, blend_code, blend_name_ar, roast, weight, additives, quantity, unit_price, created_at) VALUES
('c5680bcb-2cda-43e5-a1f6-680458406080', 'bfa2ad5a-146f-4865-a581-cae4da9bdc3a', 'TRB-160', 'مارينا', 'medium', '250', '[]', '1', '255', '2025-09-24 12:07:16.209562+00'),
('b6c2e103-3d03-4feb-a9b3-9226f1a197d4', 'd9fb0c68-5a11-4767-8ed7-093fbdb90df9', 'TRB-002', 'مصر الجديدة', 'medium', '250', '[]', '1', '310', '2025-08-12 21:28:36.096181+00'),
('3134b656-a8fc-421a-be85-6d34b37f1a42', 'd03b8eac-bc95-4b9b-be2e-3e42f1fe52c7', 'ESP-30', 'إكسير الشرق', 'medium', '250', '[]', '1', '365', '2025-08-12 23:21:01.590763+00'),
('9a2edb44-e9d4-42ae-bc4e-70d276f24d83', 'd9fb0c68-5a11-4767-8ed7-093fbdb90df9', 'TRB-161', 'سيدي عبد الرحمن', 'medium', '250', '[]', '1', '320', '2025-08-22 14:12:17.737897+00'),
('e5f372ae-b1fc-4da9-9bb9-9f984000650b', 'bfa2ad5a-146f-4865-a581-cae4da9bdc3a', 'FUNC_DWN', 'ديوان', 'medium', '250', '[]', '1', '440', '2025-09-09 20:32:25.562887+00'),
('14812eca-fc89-4e58-a25b-e1d7a6141661', 'bfa2ad5a-146f-4865-a581-cae4da9bdc3a', 'FUNC_HDO', 'هدوء', 'medium', '250', '[]', '1', '270', '2025-09-09 20:41:32.311157+00'),
('59b59f2c-90f2-40ee-bbbb-4f6ce28e0a2e', 'bfa2ad5a-146f-4865-a581-cae4da9bdc3a', 'CB10', 'أفريكان كولد', 'medium', '250', '[]', '1', '265', '2025-09-11 18:28:11.227134+00'),
('a44ae117-c6ae-42e3-8ffd-9e8cc55eebbb', 'bfa2ad5a-146f-4865-a581-cae4da9bdc3a', 'CB20', 'أرابيان آيسد', 'medium', '250', '[]', '1', '360', '2025-09-12 22:35:15.577189+00'),
('1640a239-8bbd-4d6a-85d7-05a624215de1', '7225a73f-be11-427c-a37d-55ab30527bd9', 'ESP-26', 'بهارات سايجون', 'medium', '250', '[]', '1', '305', '2025-08-27 21:50:28.559601+00');


INSERT INTO public.coffee_types (code, name_ar, name_en, is_active, price_green_kg, price_light_kg, price_medium_kg, price_dark_kg, stock_green_kg, stock_light_kg, stock_medium_kg, stock_dark_kg) VALUES
('brazilian', 'برازيلي سانتوس', 'Brazilian Santos', 't', '589', '590', '620', '640', '1', '1', '1', '1'),
('brazilian_robusta', 'برازيلي روبيستا', 'Brazilian Robusta', 't', '384', '384', '414', '434', '1', '1', '1', '1'),
('colombian', 'كولومبي', 'Colombian', 't', '747', '747', '777', '797', '1', '1', '1', '1'),
('costa_rican', 'كوستا ريكي', 'Costa Rican', 't', '830', '830', '860', '880', '1', '1', '1', '1'),
('ethiopian_harrar', 'حبشي هراري', 'Ethiopian Harrar', 't', '595', '595', '625', '645', '1', '1', '1', '1'),
('ethiopian_lekemti', 'حبشي لقمتي', 'Ethiopian Lekemti', 't', '420', '420', '450', '470', '1', '1', '1', '1'),
('guatemala', 'جواتيمالا', 'Guatemala', 't', '852', '852', '882', '902', '1', '1', '1', '1'),
('indian_arabica', 'هندي أربيكا', 'Indian Arabica', 't', '654', '654', '684', '704', '1', '1', '1', '1'),
('indian_mysore', 'هندي ميسور', 'Indian Mysore', 't', '830', '830', '860', '880', '1', '1', '1', '1'),
('indian_robusta', 'هندي روبيستا', 'Indian Robusta', 't', '445', '445', '475', '495', '1', '1', '1', '1'),
('indonesian', 'إندونيسي', 'Indonesian', 't', '403', '403', '433', '453', '1', '1', '1', '1'),
('kenya', 'كينيا', 'Kenya', 't', '830', '830', '860', '880', '1', '1', '1', '1'),
('peru', 'بيرو', 'Peru', 't', '804', '804', '834', '854', '1', '1', '1', '1'),
('ugandan', 'أوغندي', 'Ugandan', 't', '410', '410', '440', '460', '1', '1', '1', '1'),
('vietnamese', 'فيتنامي', 'Vietnamese', 't', '406', '406', '436', '456', '1', '1', '1', '1'),
('yemeni', 'يمني', 'Yemeni', 't', '1217', '1217', '1247', '1267', '1', '1', '1', '1');


INSERT INTO public.customer_loyalty (phone_number, points, updated_at) VALUES
('01096828332', '360', '2025-08-21 22:45:37.991175+00'),
('01144444758', '880', '2025-08-21 22:45:37.991175+00'),
('01222255888', '650', '2025-08-21 22:45:37.991175+00'),
('01222445588', '580', '2025-08-21 22:45:37.991175+00'),
('01144477782', '620', '2025-08-21 22:45:37.991175+00'),
('01099475854', '10405', '2025-09-09 10:02:58.312592+00'),
('01554615766', '890', '2025-08-21 22:45:37.991175+00'),
('01111121844', '8328', '2025-10-08 21:53:50.042746+00');


INSERT INTO public.discount_codes (id, code, type, value, expires_at, usage_limit, usage_count, is_active, created_at) VALUES
('1', 'TAW25', 'percentage', '25', '2025-07-30 04:51:00+00', NULL, '0', 't', '2025-07-19 04:52:12.120135+00'),
('2', 'EELS15', 'percentage', '15', NULL, NULL, '0', 't', '2025-07-23 08:01:26.033094+00'),
('3', 'ROWAN20', 'percentage', '20', NULL, NULL, '0', 't', '2025-08-18 18:57:39.202732+00');


INSERT INTO public.expense_categories (id, name_ar, name_en, description_ar, description_en, created_at) VALUES
('d13ebfc3-bc64-4967-8920-b8f800f658cb', 'مرتبات', 'Salaries', 'رواتب الموظفين الشهرية', NULL, '2025-07-22 10:13:54.722055+00'),
('91c978f8-6c38-4a99-81fe-62010fe4612a', 'إيجار', 'Rent', 'إيجار مساحة العمل أو المحل', NULL, '2025-07-22 10:13:54.722055+00'),
('29e2fd48-3c36-418c-932c-95d02eb3d1ce', 'فواتير', 'Utilities', 'فواتير كهرباء، مياه، غاز، إنترنت', NULL, '2025-07-22 10:13:54.722055+00'),
('d654ee06-0bdd-46fa-82da-88a15ef31e97', 'تسويق', 'Marketing', 'مصروفات الحملات الإعلانية والتسويق', NULL, '2025-07-22 10:13:54.722055+00'),
('9ef61410-01cd-4a7e-98a7-43570d75bbbf', 'صيانة', 'Maintenance', 'مصروفات صيانة المعدات والأجهزة', NULL, '2025-07-22 10:13:54.722055+00'),
('73485ffa-6837-4c02-af99-90ae5d308d6a', 'مشتريات مواد خام', 'Raw Material Purchases', 'تكلفة شراء البن والتحويجات', NULL, '2025-07-22 10:13:54.722055+00'),
('0acb3e66-5dec-4c35-a005-4efd15bac385', 'مصروفات أخرى', 'Other Expenses', 'أي مصروفات أخرى غير مصنفة', NULL, '2025-07-22 10:13:54.722055+00'),
('0f5e844e-f5ca-4826-8583-8688bc27cd0a', 'الاكياس', 'bages ', 'اكياس التعبئة ', '', '2025-07-29 00:21:49.294896+00');


INSERT INTO public.fixed_expenses (id, name, amount, category_id, frequency, is_active, created_at) VALUES
('782e621c-2073-44d6-b9cc-fae8210cccdb', 'h;dhs 250', '1000', '0f5e844e-f5ca-4826-8583-8688bc27cd0a', 'monthly', 't', '2025-08-13 22:12:13.240257+00');



INSERT INTO public.method_status (method_id, is_active, profit_margin) VALUES
('hot-infusion', 't', '1.5'),
('boiling', 't', '1.55'),
('filter', 't', '1.5'),
('turkish', 't', '1.4');


INSERT INTO public.notification_templates (status, is_active, title_template, body_template) VALUES
('pending', 'false', 'تم استلام طلبك بنجاح!', 'طلبك الجديد لتوليفة {blend_name} قيد المراجعة. رقم الطلب: #{order_id_short}'),
('processing', 'true', 'طلبك قيد التجهيز', 'بدأنا في تجهيز طلبك #{order_id_short} لتوليفة {blend_name}.'),
('shipped', 'true', 'طلبك في الطريق إليك', 'تم شحن طلبك #{order_id_short} وهو الآن في طريقه إليك.'),
('completed', 'true', 'تم توصيل طلبك!', 'نأمل أن تستمتع بتوليفتك {blend_name}. شكرًا لطلبك!'),
('cancelled', 'true', 'تم إلغاء طلبك', 'تم إلغاء طلبك #{order_id_short} بنجاح.');


INSERT INTO public.notifications (id, order_id, user_id, title, body, status, created_at) VALUES
('72aab9a0-5891-4309-b7f1-7df81f76720b', '3c7147f2-b74f-462b-bcb9-c45a42344f0e', NULL, 'طلبك قيد التجهيز', 'بدأنا في تجهيز طلبك #3c7147 لتوليفة أبو سمبل.', 'unread', '2025-08-30 20:51:45.167112+00'),
('675b751d-cf7f-44d4-9011-1b2bf3799300', '3c7147f2-b74f-462b-bcb9-c45a42344f0e', NULL, 'طلبك قيد التجهيز', 'بدأنا في تجهيز طلبك #3c7147 لتوليفة أبو سمبل.', 'unread', '2025-08-30 20:51:45.849047+00'),
('dc721e3d-9024-4761-b727-0421eb6f8dda', '457074cf-c9f1-4a38-a2f1-70cbabbf669e', NULL, 'طلبك قيد التجهيز', 'بدأنا في تجهيز طلبك #457074 لتوليفة ديوان.', 'unread', '2025-08-30 20:52:44.849698+00'),
('115380fa-9995-4559-9f3b-e47b6978603e', '73c695f5-c75a-4515-b3c1-dfc3e3b28ac7', NULL, 'تحديث حالة الطلب', 'تم تحديث حالة طلبك إلى pending', 'unread', '2025-08-30 20:52:53.370893+00'),
('c4b9732c-e1f3-4b44-a30a-c0b41ece57da', 'b9d75810-83ed-4f82-86b1-94e147b7450e', NULL, 'تحديث حالة الطلب', 'تم تحديث حالة طلبك إلى pending', 'unread', '2025-08-30 20:53:03.421211+00'),
('edc739ce-c1d8-4f45-878c-f9eb3fb191e9', '78d06953-e42b-4edb-b9f9-fa976ac16731', NULL, 'تحديث حالة الطلب', 'تم تحديث حالة طلبك إلى completed', 'unread', '2025-08-30 20:55:58.810012+00'),
('ffc6c123-7b06-4a16-9447-7baee469489b', 'b9d75810-83ed-4f82-86b1-94e147b7450e', NULL, 'تحديث حالة الطلب', 'تم تحديث حالة طلبك إلى processing', 'unread', '2025-08-30 20:57:08.757017+00'),
('b0f89469-e27d-4a74-9ab1-539c863fffa2', '73c695f5-c75a-4515-b3c1-dfc3e3b28ac7', NULL, 'تحديث حالة الطلب', 'تم تحديث حالة طلبك إلى processing', 'unread', '2025-08-30 20:57:30.230525+00'),
('889fd4e8-fc60-4bcc-ab8e-52c115c5ac32', '3b4f87e8-391e-4221-a16a-15192873b69d', NULL, 'تحديث حالة الطلب', 'تم تحديث حالة طلبك إلى processing', 'unread', '2025-08-30 21:02:14.053702+00'),
('68cb58a4-d911-458b-92a6-94f39619e604', '9b0ee053-df70-42da-9f79-1d90ab0740cd', NULL, 'تحديث حالة الطلب', 'تم تحديث حالة طلبك إلى processing', 'unread', '2025-08-30 21:03:52.762541+00'),
('2e1377d4-e7c5-4cc9-b3cf-0cb88ba4a773', '3c7147f2-b74f-462b-bcb9-c45a42344f0e', NULL, 'تحديث حالة الطلب', 'تم تحديث حالة طلبك إلى shipped', 'unread', '2025-08-30 21:04:02.845526+00'),
('5bbaab1b-4f38-4fc5-83b8-04f1c76afb04', 'b9d75810-83ed-4f82-86b1-94e147b7450e', NULL, 'تحديث حالة الطلب', 'تم تحديث حالة طلبك إلى pending', 'unread', '2025-08-30 21:04:18.460727+00'),
('cf942a36-5be8-4b80-8ed1-931265f6a766', 'b9d75810-83ed-4f82-86b1-94e147b7450e', NULL, 'تحديث حالة الطلب', 'تم تحديث حالة طلبك إلى pending', 'unread', '2025-08-30 21:04:18.737134+00'),
('6c93203f-128d-45f2-867b-0a82680a4749', 'b9d75810-83ed-4f82-86b1-94e147b7450e', NULL, 'تحديث حالة الطلب', 'تم تحديث حالة طلبك إلى pending', 'unread', '2025-08-30 21:04:18.990566+00'),
('6cec7541-869c-4278-8731-5bb877ffc19b', 'e7436335-2290-4140-9918-adbe655237b9', NULL, 'تحديث حالة الطلب', 'تم تحديث حالة طلبك إلى pending', 'unread', '2025-08-30 21:04:26.397365+00'),
('d2e89927-5d12-4794-ae54-35fb44cd8b16', '73c695f5-c75a-4515-b3c1-dfc3e3b28ac7', NULL, 'تحديث حالة الطلب', 'تم تحديث حالة طلبك إلى pending', 'unread', '2025-08-30 21:04:34.546171+00'),
('ae1d9bd1-e94e-49f8-ba3a-e6f56ee38822', '457074cf-c9f1-4a38-a2f1-70cbabbf669e', NULL, 'تحديث حالة الطلب', 'تم تحديث حالة طلبك إلى pending', 'unread', '2025-08-30 21:04:35.542681+00'),
('c7be92a8-be54-4f83-81ae-0eeb9a8902fc', 'b9d75810-83ed-4f82-86b1-94e147b7450e', NULL, 'تحديث حالة الطلب', 'تم تحديث حالة طلبك إلى processing', 'unread', '2025-08-30 21:05:58.855143+00'),
('2edeae42-faeb-49af-86f6-3efdca457c84', 'e7436335-2290-4140-9918-adbe655237b9', NULL, 'تحديث حالة الطلب', 'تم تحديث حالة طلبك إلى processing', 'unread', '2025-08-30 21:06:03.445055+00'),
('89443e39-50af-46e2-9e5b-f22d0337ce76', '9b0ee053-df70-42da-9f79-1d90ab0740cd', NULL, 'تحديث حالة الطلب', 'تم تحديث حالة طلبك إلى cancelled', 'unread', '2025-08-30 21:06:18.146785+00'),
('40924e1d-ca97-4726-a27b-4bf84f10a016', '73c695f5-c75a-4515-b3c1-dfc3e3b28ac7', 'bfa2ad5a-146f-4865-a581-cae4da9bdc3a', 'تحديث حالة الطلب', 'تم تحديث حالة طلبك إلى processing', 'unread', '2025-08-30 21:08:17.468385+00'),
('211a29c9-9702-4279-9e73-11c825f79c46', '457074cf-c9f1-4a38-a2f1-70cbabbf669e', 'bfa2ad5a-146f-4865-a581-cae4da9bdc3a', 'تحديث حالة الطلب', 'تم تحديث حالة طلبك إلى processing', 'unread', '2025-08-30 21:08:26.957827+00'),
('0fffae20-f5cb-4987-b4e2-994a7608733f', 'b9d75810-83ed-4f82-86b1-94e147b7450e', 'bfa2ad5a-146f-4865-a581-cae4da9bdc3a', 'تحديث حالة الطلب', 'تم تحديث حالة طلبك إلى pending', 'unread', '2025-08-30 21:17:10.495531+00'),
('60a62df2-b6a0-42b9-b96f-1eb05f6f98f4', 'b9d75810-83ed-4f82-86b1-94e147b7450e', 'bfa2ad5a-146f-4865-a581-cae4da9bdc3a', 'تحديث حالة الطلب', 'تم تحديث حالة طلبك إلى processing', 'unread', '2025-08-30 21:17:50.976001+00'),
('463dccf1-a1a0-4913-911b-8cc70cde511b', 'b9d75810-83ed-4f82-86b1-94e147b7450e', 'bfa2ad5a-146f-4865-a581-cae4da9bdc3a', 'تحديث حالة الطلب', 'تم تحديث حالة طلبك إلى shipped', 'unread', '2025-08-30 21:18:01.173898+00'),
('68eddfc7-036a-45c7-aa32-077a7fa423d8', 'e7436335-2290-4140-9918-adbe655237b9', 'bfa2ad5a-146f-4865-a581-cae4da9bdc3a', 'تحديث حالة الطلب', 'تم تحديث حالة طلبك إلى pending', 'unread', '2025-08-30 21:31:00.304526+00'),
('ff632fd7-a70b-47ff-b447-57de7f873fe7', '73c695f5-c75a-4515-b3c1-dfc3e3b28ac7', 'bfa2ad5a-146f-4865-a581-cae4da9bdc3a', 'تحديث حالة الطلب', 'تم تحديث حالة طلبك إلى pending', 'unread', '2025-08-30 21:31:20.537379+00'),
('3ccbe18b-85a8-4cd3-976e-5c064e724d8e', '457074cf-c9f1-4a38-a2f1-70cbabbf669e', 'bfa2ad5a-146f-4865-a581-cae4da9bdc3a', 'تحديث حالة الطلب', 'تم تحديث حالة طلبك إلى pending', 'unread', '2025-08-30 21:32:22.199731+00'),
('144f8b9f-823b-4d14-9682-9ce1226a8fb8', '3b4f87e8-391e-4221-a16a-15192873b69d', 'bfa2ad5a-146f-4865-a581-cae4da9bdc3a', 'تحديث حالة الطلب', 'تم تحديث حالة طلبك إلى pending', 'unread', '2025-08-30 21:32:39.018856+00'),
('9692a5a5-dfc3-4b75-8575-0c9407ee020a', 'e7436335-2290-4140-9918-adbe655237b9', 'bfa2ad5a-146f-4865-a581-cae4da9bdc3a', 'تحديث حالة الطلب', 'تم تحديث حالة طلبك إلى processing', 'unread', '2025-08-30 21:33:03.524211+00'),
('69995076-dc76-4ef0-95a7-ee19a3e35827', '73c695f5-c75a-4515-b3c1-dfc3e3b28ac7', 'bfa2ad5a-146f-4865-a581-cae4da9bdc3a', 'تحديث حالة الطلب', 'تم تحديث حالة طلبك إلى processing', 'unread', '2025-08-30 21:33:19.996513+00'),
('fcb6c7cb-c627-4cae-ab82-44eea0ff5a7e', '457074cf-c9f1-4a38-a2f1-70cbabbf669e', 'bfa2ad5a-146f-4865-a581-cae4da9bdc3a', 'طلبك قيد التجهيز', 'بدأنا في تجهيز طلبك #457074 لتوليفة ديوان.', 'unread', '2025-08-30 21:37:37.103467+00'),
('686853f1-e86e-4adb-ab7c-2d82d93431ee', 'e7436335-2290-4140-9918-adbe655237b9', 'bfa2ad5a-146f-4865-a581-cae4da9bdc3a', 'تحديث حالة الطلب', 'تم تحديث حالة طلبك إلى pending', 'unread', '2025-08-30 21:38:17.363531+00'),
('3552b175-051d-4fb4-9a66-b94f66ca4467', 'e7436335-2290-4140-9918-adbe655237b9', 'bfa2ad5a-146f-4865-a581-cae4da9bdc3a', 'طلبك قيد التجهيز', 'بدأنا في تجهيز طلبك #e74363 لتوليفة ديوان.', 'unread', '2025-08-30 21:40:31.127544+00'),
('6b605228-804e-4b09-9873-6fa93e173a9c', 'e7436335-2290-4140-9918-adbe655237b9', 'bfa2ad5a-146f-4865-a581-cae4da9bdc3a', 'تحديث حالة الطلب', 'تم تحديث حالة طلبك إلى pending', 'unread', '2025-08-30 21:40:38.335371+00'),
('7bfb8270-08c6-4ad1-a214-7b182f9a1994', '73c695f5-c75a-4515-b3c1-dfc3e3b28ac7', 'bfa2ad5a-146f-4865-a581-cae4da9bdc3a', 'تحديث حالة الطلب', 'تم تحديث حالة طلبك إلى pending', 'unread', '2025-08-30 21:40:48.083771+00'),
('89c37afb-554a-42c1-8cec-9f322cafd663', '73c695f5-c75a-4515-b3c1-dfc3e3b28ac7', 'bfa2ad5a-146f-4865-a581-cae4da9bdc3a', 'طلبك قيد التجهيز', 'بدأنا في تجهيز طلبك #73c695 لتوليفة الدقي.', 'unread', '2025-08-30 21:40:56.655267+00'),
('584c8b42-61a6-4197-8114-c796aa6aa18f', 'e7436335-2290-4140-9918-adbe655237b9', 'bfa2ad5a-146f-4865-a581-cae4da9bdc3a', 'طلبك قيد التجهيز', 'بدأنا في تجهيز طلبك #e74363 لتوليفة ديوان.', 'unread', '2025-08-30 21:44:21.742456+00'),
('ff1d0534-1e0c-444e-8e2d-9a2cf224d235', 'e7436335-2290-4140-9918-adbe655237b9', 'bfa2ad5a-146f-4865-a581-cae4da9bdc3a', 'تحديث حالة الطلب', 'تم تحديث حالة طلبك إلى pending', 'unread', '2025-08-30 21:44:28.099756+00'),
('4281fc0e-3da9-4284-a38c-3423943d931b', 'e7436335-2290-4140-9918-adbe655237b9', 'bfa2ad5a-146f-4865-a581-cae4da9bdc3a', 'طلبك قيد التجهيز', 'بدأنا في تجهيز طلبك #e74363 لتوليفة ديوان.', 'unread', '2025-08-30 21:44:50.919929+00'),
('25fe41bd-3e02-4306-870a-2c2862270c3b', 'e7436335-2290-4140-9918-adbe655237b9', 'bfa2ad5a-146f-4865-a581-cae4da9bdc3a', 'طلبك في الطريق إليك', 'تم شحن طلبك #e74363 وهو الآن في طريقه إليك.', 'unread', '2025-08-30 21:45:39.593153+00'),
('cc8de2e7-5c2c-436c-853c-ad97e62d15f3', '5aa38c4c-3db1-4047-8d46-8636baf3c9ec', NULL, 'تم توصيل طلبك!', 'نأمل أن تستمتع بتوليفتك بركان حمضي. شكرًا لطلبك!', 'unread', '2025-08-30 21:45:51.034473+00'),
('ebf354dc-05cd-4d00-860e-585e1a8f0d76', '73c695f5-c75a-4515-b3c1-dfc3e3b28ac7', 'bfa2ad5a-146f-4865-a581-cae4da9bdc3a', 'تحديث حالة الطلب', 'تم تحديث حالة طلبك إلى pending', 'unread', '2025-08-30 21:51:40.041738+00'),
('b23e4ecb-ebc8-406b-b097-f17685b998ed', '73c695f5-c75a-4515-b3c1-dfc3e3b28ac7', 'bfa2ad5a-146f-4865-a581-cae4da9bdc3a', 'طلبك قيد التجهيز', 'بدأنا في تجهيز طلبك #73c695 لتوليفة الدقي.', 'unread', '2025-08-30 21:51:51.924233+00'),
('feca7786-fc4c-4ee9-a387-e1f3e97ecbdf', '73c695f5-c75a-4515-b3c1-dfc3e3b28ac7', 'bfa2ad5a-146f-4865-a581-cae4da9bdc3a', 'تحديث حالة الطلب', 'تم تحديث حالة طلبك إلى pending', 'unread', '2025-08-30 21:52:26.518803+00'),
('75a765ab-78d4-4bbb-b10d-38c1e6217e1a', '73c695f5-c75a-4515-b3c1-dfc3e3b28ac7', 'bfa2ad5a-146f-4865-a581-cae4da9bdc3a', 'طلبك قيد التجهيز', 'بدأنا في تجهيز طلبك #73c695 لتوليفة الدقي.', 'unread', '2025-08-30 21:52:40.182846+00'),
('bf9d6c42-2c61-4c14-8c77-caf406f2c62f', '73c695f5-c75a-4515-b3c1-dfc3e3b28ac7', 'bfa2ad5a-146f-4865-a581-cae4da9bdc3a', 'تحديث حالة الطلب', 'تم تحديث حالة طلبك إلى pending', 'unread', '2025-08-30 21:53:33.893888+00'),
('8125b479-754e-4052-a44b-2115e58f460e', '3b4f87e8-391e-4221-a16a-15192873b69d', 'bfa2ad5a-146f-4865-a581-cae4da9bdc3a', 'طلبك قيد التجهيز', 'بدأنا في تجهيز طلبك #3b4f87 لتوليفة مصر الجديدة.', 'unread', '2025-08-30 21:53:41.243455+00'),
('34c4cc56-b61c-4e93-a4e9-ed569eec6aaf', 'bb87c3b9-df1a-4742-981c-df4e58743dd7', '4541e8fa-878f-4df5-88bd-63be40b85324', 'تم توصيل طلبك!', 'نأمل أن تستمتع بتوليفتك عابدين. شكرًا لطلبك!', 'unread', '2025-08-30 21:53:51.095811+00'),
('e638e55d-c428-4baa-b45b-b14589d82dd7', '73c695f5-c75a-4515-b3c1-dfc3e3b28ac7', 'bfa2ad5a-146f-4865-a581-cae4da9bdc3a', 'طلبك قيد التجهيز', 'بدأنا في تجهيز طلبك #73c695 لتوليفة الدقي.', 'unread', '2025-08-30 21:54:36.346962+00'),
('725d0272-6888-4515-bfbf-26c4873c9554', '73c695f5-c75a-4515-b3c1-dfc3e3b28ac7', 'bfa2ad5a-146f-4865-a581-cae4da9bdc3a', 'تحديث حالة الطلب', 'تم تحديث حالة طلبك إلى pending', 'unread', '2025-08-30 21:55:25.182933+00'),
('d0c2ac05-5631-4561-8c4f-853c5feb74c9', '73c695f5-c75a-4515-b3c1-dfc3e3b28ac7', 'bfa2ad5a-146f-4865-a581-cae4da9bdc3a', 'تحديث حالة الطلب', 'تم تحديث حالة طلبك إلى pending', 'unread', '2025-08-30 21:55:27.987773+00'),
('686ea840-1821-43f7-93d6-1ea54887254a', '73c695f5-c75a-4515-b3c1-dfc3e3b28ac7', 'bfa2ad5a-146f-4865-a581-cae4da9bdc3a', 'طلبك قيد التجهيز', 'بدأنا في تجهيز طلبك #73c695 لتوليفة الدقي.', 'unread', '2025-08-30 21:55:41.344787+00'),
('a675445f-89ee-4d53-84be-3361b06ee518', '73c695f5-c75a-4515-b3c1-dfc3e3b28ac7', 'bfa2ad5a-146f-4865-a581-cae4da9bdc3a', 'تحديث حالة الطلب', 'تم تحديث حالة طلبك إلى pending', 'unread', '2025-08-30 21:55:44.896887+00'),
('b12e953a-fe0d-4df1-b78c-d17ecca87d27', '457074cf-c9f1-4a38-a2f1-70cbabbf669e', 'bfa2ad5a-146f-4865-a581-cae4da9bdc3a', 'تحديث حالة الطلب', 'تم تحديث حالة طلبك إلى pending', 'unread', '2025-08-30 21:57:37.181458+00'),
('42a6a005-2db4-4193-b7fc-a6606b02d14f', '73c695f5-c75a-4515-b3c1-dfc3e3b28ac7', 'bfa2ad5a-146f-4865-a581-cae4da9bdc3a', 'طلبك قيد التجهيز', 'بدأنا في تجهيز طلبك #73c695 لتوليفة الدقي.', 'unread', '2025-08-30 21:57:46.900977+00'),
('93ad3900-9ceb-49e1-b7b8-c8cc7fb16365', '73c695f5-c75a-4515-b3c1-dfc3e3b28ac7', 'bfa2ad5a-146f-4865-a581-cae4da9bdc3a', 'تحديث حالة الطلب', 'تم تحديث حالة طلبك إلى TRUE', 'unread', '2025-08-30 22:00:53.774735+00'),
('7fd37c4d-91cc-44b0-aeb1-2f6449197010', '73c695f5-c75a-4515-b3c1-dfc3e3b28ac7', 'bfa2ad5a-146f-4865-a581-cae4da9bdc3a', 'طلبك قيد التجهيز', 'بدأنا في تجهيز طلبك #73c695 لتوليفة الدقي.', 'unread', '2025-08-30 22:05:54.620567+00'),
('10e2d6e3-d882-4c47-b132-e25b910bc8a1', '73c695f5-c75a-4515-b3c1-dfc3e3b28ac7', 'bfa2ad5a-146f-4865-a581-cae4da9bdc3a', 'طلبك في الطريق إليك', 'تم شحن طلبك #73c695 وهو الآن في طريقه إليك.', 'unread', '2025-08-30 22:06:02.340378+00'),
('16747b86-932d-445c-a3f4-ed9a67b8b039', '3b4f87e8-391e-4221-a16a-15192873b69d', 'bfa2ad5a-146f-4865-a581-cae4da9bdc3a', 'تحديث حالة الطلب', 'تم تحديث حالة طلبك إلى pending', 'unread', '2025-08-30 22:06:20.625025+00'),
('f3fadad1-78d6-463c-91b1-663360d654f3', '457074cf-c9f1-4a38-a2f1-70cbabbf669e', 'bfa2ad5a-146f-4865-a581-cae4da9bdc3a', 'طلبك قيد التجهيز', 'بدأنا في تجهيز طلبك #457074 لتوليفة ديوان.', 'unread', '2025-08-30 22:09:31.758112+00'),
('4d6da0cd-84f7-4fae-88e4-ffad7718a922', '457074cf-c9f1-4a38-a2f1-70cbabbf669e', 'bfa2ad5a-146f-4865-a581-cae4da9bdc3a', 'تحديث حالة الطلب', 'تم تحديث حالة طلبك إلى pending', 'unread', '2025-08-30 22:09:37.642111+00'),
('38ee8aef-544d-4636-a16e-84d13f6d29e6', '94a1d6b8-5f6d-4ba0-8854-0ba614d4f559', '4541e8fa-878f-4df5-88bd-63be40b85324', 'تم توصيل طلبك!', 'نأمل أن تستمتع بتوليفتك مارينا. شكرًا لطلبك!', 'unread', '2025-08-30 22:10:04.792794+00'),
('c4d621d0-7e5e-4570-a6ba-1249cc51766d', '457074cf-c9f1-4a38-a2f1-70cbabbf669e', 'bfa2ad5a-146f-4865-a581-cae4da9bdc3a', 'طلبك قيد التجهيز', 'بدأنا في تجهيز طلبك #457074 لتوليفة ديوان.', 'unread', '2025-08-30 22:13:57.930286+00'),
('bec9fabc-e63d-4de2-b9ef-58bcb208f454', '457074cf-c9f1-4a38-a2f1-70cbabbf669e', 'bfa2ad5a-146f-4865-a581-cae4da9bdc3a', 'طلبك في الطريق إليك', 'تم شحن طلبك #457074 وهو الآن في طريقه إليك.', 'unread', '2025-08-30 22:14:04.254872+00'),
('9e854b29-40b7-46a8-9088-ead25dbf8169', '3b4f87e8-391e-4221-a16a-15192873b69d', 'bfa2ad5a-146f-4865-a581-cae4da9bdc3a', 'طلبك قيد التجهيز', 'بدأنا في تجهيز طلبك #3b4f87 لتوليفة مصر الجديدة.', 'unread', '2025-08-30 22:14:15.335726+00'),
('2f379c51-0dec-4c22-bf42-8d78cf166fd1', '3b4f87e8-391e-4221-a16a-15192873b69d', 'bfa2ad5a-146f-4865-a581-cae4da9bdc3a', 'طلبك في الطريق إليك', 'تم شحن طلبك #3b4f87 وهو الآن في طريقه إليك.', 'unread', '2025-08-30 22:14:21.137011+00'),
('7353a917-9f16-4412-bd79-9ed2fdc17704', 'c07a100b-626b-4dbb-97c4-713fa6f462e9', 'bfa2ad5a-146f-4865-a581-cae4da9bdc3a', 'طلبك قيد التجهيز', 'بدأنا في تجهيز طلبك #c07a10 لتوليفة مصر الجديدة.', 'unread', '2025-08-30 22:18:22.471957+00'),
('14fd7bd4-5d2e-4cad-9890-8802505b682f', 'c07a100b-626b-4dbb-97c4-713fa6f462e9', 'bfa2ad5a-146f-4865-a581-cae4da9bdc3a', 'تحديث حالة الطلب', 'تم تحديث حالة طلبك إلى pending', 'unread', '2025-08-30 22:18:27.514399+00'),
('15665c53-8821-4dbf-8450-a31abfa11298', 'c07a100b-626b-4dbb-97c4-713fa6f462e9', 'bfa2ad5a-146f-4865-a581-cae4da9bdc3a', 'طلبك قيد التجهيز', 'بدأنا في تجهيز طلبك #c07a10 لتوليفة مصر الجديدة.', 'unread', '2025-08-30 22:18:30.914448+00'),
('493cc284-9d1e-4b64-a974-7ea7b9e97e94', 'c07a100b-626b-4dbb-97c4-713fa6f462e9', 'bfa2ad5a-146f-4865-a581-cae4da9bdc3a', 'طلبك في الطريق إليك', 'تم شحن طلبك #c07a10 وهو الآن في طريقه إليك.', 'unread', '2025-08-30 22:18:35.4045+00'),
('77e0b56f-7ff6-4a7d-af8a-e75f47031194', '73c695f5-c75a-4515-b3c1-dfc3e3b28ac7', 'bfa2ad5a-146f-4865-a581-cae4da9bdc3a', 'تم توصيل طلبك!', 'نأمل أن تستمتع بتوليفتك الدقي. شكرًا لطلبك!', 'unread', '2025-08-30 22:18:43.960131+00'),
('f7619d2e-dde6-4f4c-b031-44e9d66a503d', '19a7eab2-fb55-4fda-8628-7064f82a0e5f', 'bfa2ad5a-146f-4865-a581-cae4da9bdc3a', 'تم توصيل طلبك!', 'نأمل أن تستمتع بتوليفتك مصر الجديدة. شكرًا لطلبك!', 'unread', '2025-08-30 22:21:48.393443+00'),
('67cc670a-371b-4cb4-b5e1-c5fbdd57e0bf', 'e7436335-2290-4140-9918-adbe655237b9', 'bfa2ad5a-146f-4865-a581-cae4da9bdc3a', 'طلبك قيد التجهيز', 'بدأنا في تجهيز طلبك #e74363 لتوليفة ديوان.', 'unread', '2025-08-30 22:22:02.841218+00'),
('07bc4d30-a5f6-4ef1-b1fd-306c0322b7d8', 'e7436335-2290-4140-9918-adbe655237b9', 'bfa2ad5a-146f-4865-a581-cae4da9bdc3a', 'طلبك قيد التجهيز', 'بدأنا في تجهيز طلبك #e74363 لتوليفة ديوان.', 'unread', '2025-08-30 22:22:10.141878+00'),
('9f037edb-797f-4781-9fae-6679b31ea5f7', 'b9d75810-83ed-4f82-86b1-94e147b7450e', 'bfa2ad5a-146f-4865-a581-cae4da9bdc3a', 'طلبك قيد التجهيز', 'بدأنا في تجهيز طلبك #b9d758 لتوليفة مصر الجديدة.', 'unread', '2025-08-30 22:22:16.142222+00'),
('36577fc6-1714-4c99-8026-7eaf828608c4', '3b4f87e8-391e-4221-a16a-15192873b69d', 'bfa2ad5a-146f-4865-a581-cae4da9bdc3a', 'طلبك قيد التجهيز', 'بدأنا في تجهيز طلبك #3b4f87 لتوليفة مصر الجديدة.', 'unread', '2025-08-30 22:22:16.36844+00'),
('b4f26875-d559-4029-b626-7cd06f8c2338', 'b9d75810-83ed-4f82-86b1-94e147b7450e', 'bfa2ad5a-146f-4865-a581-cae4da9bdc3a', 'طلبك في الطريق إليك', 'تم شحن طلبك #b9d758 وهو الآن في طريقه إليك.', 'unread', '2025-08-30 22:24:03.093633+00'),
('b6e41dce-f761-4a2a-84aa-a9c479247a1a', '3b4f87e8-391e-4221-a16a-15192873b69d', 'bfa2ad5a-146f-4865-a581-cae4da9bdc3a', 'تحديث حالة الطلب', 'تم تحديث حالة طلبك إلى pending', 'unread', '2025-08-30 22:24:11.492668+00'),
('a394e8a9-f60b-406f-a736-77268713d084', 'e7436335-2290-4140-9918-adbe655237b9', 'bfa2ad5a-146f-4865-a581-cae4da9bdc3a', 'تحديث حالة الطلب', 'تم تحديث حالة طلبك إلى pending', 'unread', '2025-08-30 22:25:34.530367+00'),
('05094d73-a50e-4988-a7d5-c91dbf1a887e', 'e7436335-2290-4140-9918-adbe655237b9', 'bfa2ad5a-146f-4865-a581-cae4da9bdc3a', 'تحديث حالة الطلب', 'تم تحديث حالة طلبك إلى processing', 'unread', '2025-08-30 22:26:30.960893+00'),
('677535a7-0155-441d-9146-d6918571f47b', 'e7436335-2290-4140-9918-adbe655237b9', 'bfa2ad5a-146f-4865-a581-cae4da9bdc3a', 'تحديث حالة الطلب', 'تم تحديث حالة طلبك إلى pending', 'unread', '2025-08-30 22:27:46.63906+00'),
('6489cd48-0bc7-4b44-a153-286a66f63016', 'e7436335-2290-4140-9918-adbe655237b9', 'bfa2ad5a-146f-4865-a581-cae4da9bdc3a', 'تحديث حالة الطلب', 'تم تحديث حالة طلبك إلى processing', 'unread', '2025-08-30 22:27:49.01596+00'),
('76d42be2-bbde-40ec-b0ab-efe72ff07bdb', 'e7436335-2290-4140-9918-adbe655237b9', 'bfa2ad5a-146f-4865-a581-cae4da9bdc3a', 'تحديث حالة الطلب', 'تم تحديث حالة طلبك إلى shipped', 'unread', '2025-08-30 22:27:52.507949+00'),
('98550a86-719f-4f3f-96b6-925708810d0a', 'b6ad54cb-aae4-4830-8f72-817ce7202dbe', 'bfa2ad5a-146f-4865-a581-cae4da9bdc3a', 'تحديث حالة الطلب', 'تم تحديث حالة طلبك إلى completed', 'unread', '2025-08-30 22:27:57.073052+00'),
('ba92b626-36ac-481e-82f5-0608136cd671', '3b4f87e8-391e-4221-a16a-15192873b69d', 'bfa2ad5a-146f-4865-a581-cae4da9bdc3a', 'تحديث حالة الطلب', 'تم تحديث حالة طلبك إلى processing', 'unread', '2025-08-30 22:33:22.596826+00'),
('0fc496db-7752-4b77-a065-48211a2ad418', '3b4f87e8-391e-4221-a16a-15192873b69d', 'bfa2ad5a-146f-4865-a581-cae4da9bdc3a', 'تحديث حالة الطلب', 'تم تحديث حالة طلبك إلى pending', 'unread', '2025-08-30 22:33:30.609399+00'),
('43595ba1-da85-4a15-900b-42898a57e0c9', 'e7436335-2290-4140-9918-adbe655237b9', 'bfa2ad5a-146f-4865-a581-cae4da9bdc3a', 'تحديث حالة الطلب', 'تم تحديث حالة طلبك إلى processing', 'unread', '2025-08-30 22:33:36.047149+00'),
('aa51825a-b7be-459b-a98c-6b0774204dc2', '457074cf-c9f1-4a38-a2f1-70cbabbf669e', 'bfa2ad5a-146f-4865-a581-cae4da9bdc3a', 'تحديث حالة الطلب', 'تم تحديث حالة طلبك إلى processing', 'unread', '2025-08-30 22:33:41.349935+00'),
('80a990cf-5bdc-4dbc-8a99-396d8842d6a9', 'b9d75810-83ed-4f82-86b1-94e147b7450e', 'bfa2ad5a-146f-4865-a581-cae4da9bdc3a', 'تحديث حالة الطلب', 'تم تحديث حالة طلبك إلى processing', 'unread', '2025-08-30 22:33:42.925575+00'),
('7988e8a3-6991-4185-aafb-caf2dd2987b6', 'c07a100b-626b-4dbb-97c4-713fa6f462e9', 'bfa2ad5a-146f-4865-a581-cae4da9bdc3a', 'تحديث حالة الطلب', 'تم تحديث حالة طلبك إلى processing', 'unread', '2025-08-30 22:33:44.574814+00'),
('98af4ca5-f394-4723-a2a0-33e3ddda679a', 'b7f0c6d5-d644-47ff-b800-d41e53b07f99', 'bfa2ad5a-146f-4865-a581-cae4da9bdc3a', 'تحديث حالة الطلب', 'تم تحديث حالة طلبك إلى processing', 'unread', '2025-08-30 22:33:47.816072+00'),
('ac4e7f4d-ec7e-4bcc-97d8-35df2a534c2e', 'b9d75810-83ed-4f82-86b1-94e147b7450e', 'bfa2ad5a-146f-4865-a581-cae4da9bdc3a', 'تحديث حالة الطلب', 'تم تحديث حالة طلبك إلى pending', 'unread', '2025-08-30 22:33:51.566049+00'),
('b83865b9-368c-4d56-8dce-6026bcba25c2', 'e7436335-2290-4140-9918-adbe655237b9', 'bfa2ad5a-146f-4865-a581-cae4da9bdc3a', 'طلبك في الطريق إليك', 'تم شحن طلبك #e74363 وهو الآن في طريقه إليك.', 'unread', '2025-08-30 22:35:11.362844+00'),
('5ea9ae89-2f05-4820-8106-838e30fa043a', 'b9d75810-83ed-4f82-86b1-94e147b7450e', 'bfa2ad5a-146f-4865-a581-cae4da9bdc3a', 'طلبك قيد التجهيز', 'بدأنا في تجهيز طلبك #b9d758 لتوليفة مصر الجديدة.', 'unread', '2025-08-30 22:35:16.158103+00'),
('461b3173-a45c-4b51-96e4-18475ef17597', '3b4f87e8-391e-4221-a16a-15192873b69d', 'bfa2ad5a-146f-4865-a581-cae4da9bdc3a', 'طلبك قيد التجهيز', 'بدأنا في تجهيز طلبك #3b4f87 لتوليفة مصر الجديدة.', 'unread', '2025-08-30 22:35:19.38068+00'),
('8a91f994-18ed-4255-aac8-0e549e123482', 'b9d75810-83ed-4f82-86b1-94e147b7450e', 'bfa2ad5a-146f-4865-a581-cae4da9bdc3a', 'تحديث حالة الطلب', 'تم تحديث حالة طلبك إلى pending', 'unread', '2025-08-30 22:35:26.367112+00'),
('ab8520a3-9490-4464-9284-5aab7e365d29', 'b9d75810-83ed-4f82-86b1-94e147b7450e', 'bfa2ad5a-146f-4865-a581-cae4da9bdc3a', 'طلبك قيد التجهيز', 'بدأنا في تجهيز طلبك #b9d758 لتوليفة مصر الجديدة.', 'unread', '2025-08-31 19:09:04.706732+00'),
('8e2e3892-86c9-473a-a868-83ea8174db2e', 'b9d75810-83ed-4f82-86b1-94e147b7450e', 'bfa2ad5a-146f-4865-a581-cae4da9bdc3a', 'طلبك في الطريق إليك', 'تم شحن طلبك #b9d758 وهو الآن في طريقه إليك.', 'unread', '2025-08-31 19:09:37.666154+00'),
('c982fe21-a5dc-4c3c-99c5-3c5a32792284', 'b7f0c6d5-d644-47ff-b800-d41e53b07f99', 'bfa2ad5a-146f-4865-a581-cae4da9bdc3a', 'طلبك في الطريق إليك', 'تم شحن طلبك #b7f0c6 وهو الآن في طريقه إليك.', 'unread', '2025-08-31 19:10:14.024383+00'),
('05caf883-ce39-4e84-bd2e-3186e522af67', '457074cf-c9f1-4a38-a2f1-70cbabbf669e', 'bfa2ad5a-146f-4865-a581-cae4da9bdc3a', 'طلبك في الطريق إليك', 'تم شحن طلبك #457074 وهو الآن في طريقه إليك.', 'unread', '2025-08-31 19:28:42.077229+00'),
('7b773c96-ecfc-4f46-beb2-97f78b172b09', '3b4f87e8-391e-4221-a16a-15192873b69d', 'bfa2ad5a-146f-4865-a581-cae4da9bdc3a', 'تحديث حالة الطلب', 'تم تحديث حالة طلبك إلى pending', 'unread', '2025-08-31 19:33:56.407842+00'),
('ceb31b2a-9f0f-4b0a-9e17-5f96cdf1415d', '3b4f87e8-391e-4221-a16a-15192873b69d', 'bfa2ad5a-146f-4865-a581-cae4da9bdc3a', 'طلبك قيد التجهيز', 'بدأنا في تجهيز طلبك #3b4f87 لتوليفة مصر الجديدة.', 'unread', '2025-08-31 19:34:00.292558+00'),
('f7c2983a-199a-4318-80e7-789eb8dcd543', 'b9d75810-83ed-4f82-86b1-94e147b7450e', 'bfa2ad5a-146f-4865-a581-cae4da9bdc3a', 'تم توصيل طلبك!', 'نأمل أن تستمتع بتوليفتك مصر الجديدة. شكرًا لطلبك!', 'unread', '2025-08-31 19:36:04.082461+00'),
('cba30651-6013-4ca6-b18d-0d37088dc808', 'e7436335-2290-4140-9918-adbe655237b9', 'bfa2ad5a-146f-4865-a581-cae4da9bdc3a', 'تم توصيل طلبك!', 'نأمل أن تستمتع بتوليفتك ديوان. شكرًا لطلبك!', 'unread', '2025-08-31 19:36:16.367184+00'),
('d366d186-15f0-45c5-8637-fe2c47dc23e5', '3b4f87e8-391e-4221-a16a-15192873b69d', 'bfa2ad5a-146f-4865-a581-cae4da9bdc3a', 'طلبك في الطريق إليك', 'تم شحن طلبك #3b4f87 وهو الآن في طريقه إليك.', 'unread', '2025-08-31 19:36:22.892528+00'),
('76fdfd5c-1a28-4a77-982c-80a2ceb0d6e2', 'c07a100b-626b-4dbb-97c4-713fa6f462e9', 'bfa2ad5a-146f-4865-a581-cae4da9bdc3a', 'طلبك في الطريق إليك', 'تم شحن طلبك #c07a10 وهو الآن في طريقه إليك.', 'unread', '2025-08-31 19:36:26.450054+00'),
('866e7b63-b6ee-40fa-bf90-5e5b4fe36c5b', '3c7147f2-b74f-462b-bcb9-c45a42344f0e', 'bfa2ad5a-146f-4865-a581-cae4da9bdc3a', 'تم توصيل طلبك!', 'نأمل أن تستمتع بتوليفتك أبو سمبل. شكرًا لطلبك!', 'unread', '2025-08-31 19:36:33.826972+00'),
('83355f26-9d4e-45fe-8963-3ee3ac21c17a', '457074cf-c9f1-4a38-a2f1-70cbabbf669e', 'bfa2ad5a-146f-4865-a581-cae4da9bdc3a', 'تم توصيل طلبك!', 'نأمل أن تستمتع بتوليفتك ديوان. شكرًا لطلبك!', 'unread', '2025-08-31 19:36:47.293871+00'),
('c6df6142-fa75-4445-bdb2-a1769cb208eb', 'fc75db9d-9e49-47cc-8956-8826a2a606f1', 'bfa2ad5a-146f-4865-a581-cae4da9bdc3a', 'طلبك قيد التجهيز', 'بدأنا في تجهيز طلبك #fc75db لتوليفة ديوان.', 'unread', '2025-08-31 19:40:45.97496+00'),
('ff6bb3f9-f939-4bde-96ff-0fa6bd77b663', '13e22df5-db03-4aa6-9b58-909c300ad9d8', 'bfa2ad5a-146f-4865-a581-cae4da9bdc3a', 'طلبك قيد التجهيز', 'بدأنا في تجهيز طلبك #13e22d لتوليفة مصر الجديدة.', 'unread', '2025-08-31 19:43:33.567135+00'),
('4b17c299-b6e9-4e74-823e-db77be3927f5', 'fc75db9d-9e49-47cc-8956-8826a2a606f1', 'bfa2ad5a-146f-4865-a581-cae4da9bdc3a', 'طلبك في الطريق إليك', 'تم شحن طلبك #fc75db وهو الآن في طريقه إليك.', 'unread', '2025-08-31 19:43:36.945264+00'),
('f88b7218-2cf4-4e8c-a614-9d3e9fbdd816', '13e22df5-db03-4aa6-9b58-909c300ad9d8', 'bfa2ad5a-146f-4865-a581-cae4da9bdc3a', 'طلبك في الطريق إليك', 'تم شحن طلبك #13e22d وهو الآن في طريقه إليك.', 'unread', '2025-08-31 19:44:11.79+00'),
('a6690813-a4db-4820-902c-b3ffd77a2143', 'b7f0c6d5-d644-47ff-b800-d41e53b07f99', 'bfa2ad5a-146f-4865-a581-cae4da9bdc3a', 'طلبك قيد التجهيز', 'بدأنا في تجهيز طلبك #b7f0c6 لتوليفة ديوان.', 'unread', '2025-08-31 19:44:15.165729+00'),
('d446c7da-dc75-499d-9857-257518423954', 'b7f0c6d5-d644-47ff-b800-d41e53b07f99', 'bfa2ad5a-146f-4865-a581-cae4da9bdc3a', 'طلبك في الطريق إليك', 'تم شحن طلبك #b7f0c6 وهو الآن في طريقه إليك.', 'unread', '2025-08-31 19:44:56.491385+00'),
('9f0f353b-aa0a-40a8-9d6b-d6e2cdf0c45e', 'b7f0c6d5-d644-47ff-b800-d41e53b07f99', 'bfa2ad5a-146f-4865-a581-cae4da9bdc3a', 'طلبك قيد التجهيز', 'بدأنا في تجهيز طلبك #b7f0c6 لتوليفة ديوان.', 'unread', '2025-08-31 19:45:03.16209+00'),
('3d292f16-c029-498e-b076-bc8f4d32e582', 'b7f0c6d5-d644-47ff-b800-d41e53b07f99', 'bfa2ad5a-146f-4865-a581-cae4da9bdc3a', 'تحديث حالة الطلب', 'تم تحديث حالة طلبك إلى pending', 'unread', '2025-08-31 19:45:06.613061+00'),
('818812ad-5d4d-4f36-a1a1-4f143633494a', 'b7f0c6d5-d644-47ff-b800-d41e53b07f99', 'bfa2ad5a-146f-4865-a581-cae4da9bdc3a', 'طلبك قيد التجهيز', 'بدأنا في تجهيز طلبك #b7f0c6 لتوليفة ديوان.', 'unread', '2025-08-31 20:06:05.517031+00'),
('972d9c96-70b1-4307-b78a-e704bef9e7cd', 'b7f0c6d5-d644-47ff-b800-d41e53b07f99', 'bfa2ad5a-146f-4865-a581-cae4da9bdc3a', 'طلبك قيد التجهيز', 'بدأنا في تجهيز طلبك #b7f0c6 لتوليفة ديوان.', 'unread', '2025-08-31 20:06:11.184075+00'),
('bd5dbff0-164e-469d-a95c-a7e9beddb548', 'c07a100b-626b-4dbb-97c4-713fa6f462e9', 'bfa2ad5a-146f-4865-a581-cae4da9bdc3a', 'تم توصيل طلبك!', 'نأمل أن تستمتع بتوليفتك مصر الجديدة. شكرًا لطلبك!', 'unread', '2025-08-31 20:06:24.794297+00'),
('1f3e2467-d649-4353-babf-69b8f6b53348', 'ced04624-3851-452a-94d5-07ec5cac3cce', 'bfa2ad5a-146f-4865-a581-cae4da9bdc3a', 'طلبك قيد التجهيز', 'بدأنا في تجهيز طلبك #ced046 لتوليفة مصر الجديدة.', 'unread', '2025-08-31 20:07:07.975878+00'),
('0301bf7b-94a7-410f-bfff-ae4b916c7980', 'bf1a6874-4b4a-40b6-b3c0-4e5627c5d495', 'bfa2ad5a-146f-4865-a581-cae4da9bdc3a', 'طلبك قيد التجهيز', 'بدأنا في تجهيز طلبك #bf1a68 لتوليفة مارينا.', 'unread', '2025-08-31 20:07:43.53719+00'),
('0cb83c51-c5de-4203-89cd-ec97fab78911', '8570dda5-cf56-4e37-9bfc-d6d8310d05e1', 'bfa2ad5a-146f-4865-a581-cae4da9bdc3a', 'طلبك قيد التجهيز', 'بدأنا في تجهيز طلبك #8570dd لتوليفة الدقي.', 'unread', '2025-08-31 20:20:19.69937+00'),
('855f3202-fad3-4cbd-af9b-c96794a51f84', 'ced04624-3851-452a-94d5-07ec5cac3cce', 'bfa2ad5a-146f-4865-a581-cae4da9bdc3a', 'تحديث حالة الطلب', 'تم تحديث حالة طلبك إلى pending', 'unread', '2025-08-31 20:20:37.086841+00'),
('a28bd9a6-dfcb-4830-9def-4bb65943d294', 'ced04624-3851-452a-94d5-07ec5cac3cce', 'bfa2ad5a-146f-4865-a581-cae4da9bdc3a', 'طلبك قيد التجهيز', 'بدأنا في تجهيز طلبك #ced046 لتوليفة مصر الجديدة.', 'unread', '2025-08-31 20:24:41.396196+00'),
('426b4b67-edf2-4591-ad4c-5848ace4d253', 'ced04624-3851-452a-94d5-07ec5cac3cce', 'bfa2ad5a-146f-4865-a581-cae4da9bdc3a', 'تحديث حالة الطلب', 'تم تحديث حالة طلبك إلى pending', 'unread', '2025-08-31 20:44:10.852952+00'),
('caefe12c-5a6f-46e1-869e-31645dc5816d', 'bf1a6874-4b4a-40b6-b3c0-4e5627c5d495', 'bfa2ad5a-146f-4865-a581-cae4da9bdc3a', 'طلبك في الطريق إليك', 'تم شحن طلبك #bf1a68 وهو الآن في طريقه إليك.', 'unread', '2025-08-31 20:45:54.835554+00'),
('9c842212-77dd-4845-9f73-3a2660dfde59', '8570dda5-cf56-4e37-9bfc-d6d8310d05e1', 'bfa2ad5a-146f-4865-a581-cae4da9bdc3a', 'تحديث حالة الطلب', 'تم تحديث حالة طلبك إلى pending', 'unread', '2025-08-31 20:48:05.001025+00'),
('25b08069-5eac-4992-83c3-bc742b905279', 'ced04624-3851-452a-94d5-07ec5cac3cce', 'bfa2ad5a-146f-4865-a581-cae4da9bdc3a', 'طلبك قيد التجهيز', 'بدأنا في تجهيز طلبك #ced046 لتوليفة مصر الجديدة.', 'unread', '2025-08-31 20:48:13.716451+00'),
('b5eee076-1ca1-4488-8e6f-f406eb6f2b50', 'b7f0c6d5-d644-47ff-b800-d41e53b07f99', 'bfa2ad5a-146f-4865-a581-cae4da9bdc3a', 'تم توصيل طلبك!', 'نأمل أن تستمتع بتوليفتك ديوان. شكرًا لطلبك!', 'unread', '2025-08-31 20:48:20.949463+00'),
('cefd2b59-2b9d-4e71-9b72-86e665b1e6d4', '8570dda5-cf56-4e37-9bfc-d6d8310d05e1', 'bfa2ad5a-146f-4865-a581-cae4da9bdc3a', 'طلبك قيد التجهيز', 'بدأنا في تجهيز طلبك #8570dd لتوليفة الدقي.', 'unread', '2025-08-31 20:51:09.663355+00'),
('c2b71009-a799-4fa5-a1c3-5cae8052c428', 'ced04624-3851-452a-94d5-07ec5cac3cce', 'bfa2ad5a-146f-4865-a581-cae4da9bdc3a', 'تحديث حالة الطلب', 'تم تحديث حالة طلبك إلى pending', 'unread', '2025-08-31 20:51:14.404194+00'),
('69ad4873-992f-4418-945f-bccbdd844162', '8570dda5-cf56-4e37-9bfc-d6d8310d05e1', 'bfa2ad5a-146f-4865-a581-cae4da9bdc3a', 'تحديث حالة الطلب', 'تم تحديث حالة طلبك إلى pending', 'unread', '2025-08-31 20:51:17.335284+00'),
('c0595712-0a56-485d-bb07-7a9abb3c24e4', '3b4f87e8-391e-4221-a16a-15192873b69d', 'bfa2ad5a-146f-4865-a581-cae4da9bdc3a', 'طلبك قيد التجهيز', 'بدأنا في تجهيز طلبك #3b4f87 لتوليفة مصر الجديدة.', 'unread', '2025-08-31 20:51:20.886176+00'),
('b5a5a285-eb59-4e67-ab57-b748c3c1e371', 'fc75db9d-9e49-47cc-8956-8826a2a606f1', 'bfa2ad5a-146f-4865-a581-cae4da9bdc3a', 'تم توصيل طلبك!', 'نأمل أن تستمتع بتوليفتك ديوان. شكرًا لطلبك!', 'unread', '2025-08-31 20:51:34.542303+00'),
('820b5322-d542-4f7d-9244-6029ea6d1c9b', 'ced04624-3851-452a-94d5-07ec5cac3cce', 'bfa2ad5a-146f-4865-a581-cae4da9bdc3a', 'طلبك قيد التجهيز', 'بدأنا في تجهيز طلبك #ced046 لتوليفة مصر الجديدة.', 'unread', '2025-08-31 20:55:27.096667+00'),
('56aef53e-d93d-4ebf-91b1-2e60006e3e2b', '3b4f87e8-391e-4221-a16a-15192873b69d', 'bfa2ad5a-146f-4865-a581-cae4da9bdc3a', 'طلبك في الطريق إليك', 'تم شحن طلبك #3b4f87 وهو الآن في طريقه إليك.', 'unread', '2025-08-31 20:55:36.012499+00'),
('7f79e00e-5708-4975-b6a7-cf7654ec7049', '3b4f87e8-391e-4221-a16a-15192873b69d', 'bfa2ad5a-146f-4865-a581-cae4da9bdc3a', 'طلبك قيد التجهيز', 'بدأنا في تجهيز طلبك #3b4f87 لتوليفة مصر الجديدة.', 'unread', '2025-08-31 20:55:38.487886+00'),
('8e9d0f46-1b2a-4af4-bf23-f58797a90e41', '3b4f87e8-391e-4221-a16a-15192873b69d', 'bfa2ad5a-146f-4865-a581-cae4da9bdc3a', 'تحديث حالة الطلب', 'تم تحديث حالة طلبك إلى pending', 'unread', '2025-08-31 20:56:48.21356+00'),
('0abe93a4-3daf-4588-ac0b-0928b1fc40c6', '3b4f87e8-391e-4221-a16a-15192873b69d', 'bfa2ad5a-146f-4865-a581-cae4da9bdc3a', 'طلبك قيد التجهيز', 'بدأنا في تجهيز طلبك #3b4f87 لتوليفة مصر الجديدة.', 'unread', '2025-08-31 20:58:04.17846+00'),
('97eccd8f-dcc5-4eae-9033-7fe29999498d', '8570dda5-cf56-4e37-9bfc-d6d8310d05e1', 'bfa2ad5a-146f-4865-a581-cae4da9bdc3a', 'طلبك قيد التجهيز', 'بدأنا في تجهيز طلبك #8570dd لتوليفة الدقي.', 'unread', '2025-08-31 21:03:52.011751+00'),
('0e2771ea-14d3-44a2-b0d3-3665e6227b64', '3b4f87e8-391e-4221-a16a-15192873b69d', 'bfa2ad5a-146f-4865-a581-cae4da9bdc3a', 'تحديث حالة الطلب', 'تم تحديث حالة طلبك إلى pending', 'unread', '2025-08-31 21:04:25.716121+00'),
('90df487e-bf44-4d39-a997-525fb999ec0b', '3b4f87e8-391e-4221-a16a-15192873b69d', 'bfa2ad5a-146f-4865-a581-cae4da9bdc3a', 'طلبك قيد التجهيز', 'بدأنا في تجهيز طلبك #3b4f87 لتوليفة مصر الجديدة.', 'unread', '2025-08-31 21:05:14.754515+00'),
('186ca434-b71c-4b57-9865-92c0fbb6a9bc', '3b4f87e8-391e-4221-a16a-15192873b69d', 'bfa2ad5a-146f-4865-a581-cae4da9bdc3a', 'تحديث حالة الطلب', 'تم تحديث حالة طلبك إلى pending', 'unread', '2025-08-31 21:05:20.131932+00'),
('95f0ac4c-a76d-4598-9e7f-3ce6eba77427', '3b4f87e8-391e-4221-a16a-15192873b69d', 'bfa2ad5a-146f-4865-a581-cae4da9bdc3a', 'طلبك قيد التجهيز', 'بدأنا في تجهيز طلبك #3b4f87 لتوليفة مصر الجديدة.', 'unread', '2025-08-31 21:17:43.566113+00'),
('0ef01d6e-1bfc-4888-857b-45aa0a069d79', '3b4f87e8-391e-4221-a16a-15192873b69d', 'bfa2ad5a-146f-4865-a581-cae4da9bdc3a', 'طلبك في الطريق إليك', 'تم شحن طلبك #3b4f87 وهو الآن في طريقه إليك.', 'unread', '2025-08-31 21:47:49.371608+00'),
('7a99cac4-b92d-410e-9f03-3999e20d79c7', '3b4f87e8-391e-4221-a16a-15192873b69d', 'bfa2ad5a-146f-4865-a581-cae4da9bdc3a', 'طلبك في الطريق إليك', 'تم شحن طلبك #3b4f87 وهو الآن في طريقه إليك.', 'unread', '2025-08-31 21:47:49.931378+00'),
('2616b631-edf4-44e1-89d0-df37ca539199', '239a7d18-4180-48ba-b700-c2eec289864d', 'bfa2ad5a-146f-4865-a581-cae4da9bdc3a', 'طلبك قيد التجهيز', 'بدأنا في تجهيز طلبك #239a7d لتوليفة مصر الجديدة.', 'unread', '2025-08-31 21:56:24.167607+00'),
('ef5f9b28-ba27-4d74-b4ce-d8c9acd69bc4', '239a7d18-4180-48ba-b700-c2eec289864d', 'bfa2ad5a-146f-4865-a581-cae4da9bdc3a', 'طلبك قيد التجهيز', 'بدأنا في تجهيز طلبك #239a7d لتوليفة مصر الجديدة.', 'unread', '2025-08-31 21:56:25.114339+00'),
('1e43ac63-ffe0-4c86-b14e-9bdab832fe3f', '3487094f-acd1-4945-9782-3bd64d5dc797', 'bfa2ad5a-146f-4865-a581-cae4da9bdc3a', 'طلبك قيد التجهيز', 'بدأنا في تجهيز طلبك #348709 لتوليفة الدقي.', 'unread', '2025-08-31 21:57:33.654111+00'),
('0ef5694c-da38-4014-917b-cde4a5e351ed', '3b4f87e8-391e-4221-a16a-15192873b69d', 'bfa2ad5a-146f-4865-a581-cae4da9bdc3a', 'طلبك قيد التجهيز', 'بدأنا في تجهيز طلبك #3b4f87 لتوليفة مصر الجديدة.', 'unread', '2025-08-31 21:58:05.294154+00'),
('f25b57ff-c5db-4153-a8f3-d8c88c6c40fd', '3b4f87e8-391e-4221-a16a-15192873b69d', 'bfa2ad5a-146f-4865-a581-cae4da9bdc3a', 'تحديث حالة الطلب', 'تم تحديث حالة طلبك إلى pending', 'unread', '2025-08-31 21:59:28.060221+00'),
('bf7a6cc4-ffb9-43de-a6d5-4f2f28291152', '3b4f87e8-391e-4221-a16a-15192873b69d', 'bfa2ad5a-146f-4865-a581-cae4da9bdc3a', 'طلبك قيد التجهيز', 'بدأنا في تجهيز طلبك #3b4f87 لتوليفة مصر الجديدة.', 'unread', '2025-08-31 21:59:33.638327+00'),
('3ca6c93c-c2df-4900-a220-8516b79c99ca', '3b4f87e8-391e-4221-a16a-15192873b69d', 'bfa2ad5a-146f-4865-a581-cae4da9bdc3a', 'تحديث حالة الطلب', 'تم تحديث حالة طلبك إلى pending', 'unread', '2025-08-31 22:03:21.330076+00'),
('564c9fc9-15ca-4a35-9f68-db6448bd4d32', '3b4f87e8-391e-4221-a16a-15192873b69d', 'bfa2ad5a-146f-4865-a581-cae4da9bdc3a', 'طلبك قيد التجهيز', 'بدأنا في تجهيز طلبك #3b4f87 لتوليفة مصر الجديدة.', 'unread', '2025-08-31 22:04:19.429296+00'),
('c547efe5-cf08-4164-88f1-3c2fc9dd46ab', '3b4f87e8-391e-4221-a16a-15192873b69d', 'bfa2ad5a-146f-4865-a581-cae4da9bdc3a', 'تحديث حالة الطلب', 'تم تحديث حالة طلبك إلى pending', 'unread', '2025-08-31 22:08:54.01504+00'),
('0fc5f548-2b62-45ae-8288-302e2f22e25d', '3b4f87e8-391e-4221-a16a-15192873b69d', 'bfa2ad5a-146f-4865-a581-cae4da9bdc3a', 'طلبك قيد التجهيز', 'بدأنا في تجهيز طلبك #3b4f87 لتوليفة مصر الجديدة.', 'unread', '2025-08-31 22:09:21.758779+00'),
('82af2507-052f-4b4a-b267-dd6be2ed0c24', '5f9fbf6b-be89-432d-a812-668d7daf74f1', 'bfa2ad5a-146f-4865-a581-cae4da9bdc3a', 'طلبك قيد التجهيز', 'بدأنا في تجهيز طلبك #5f9fbf لتوليفة مصر الجديدة.', 'unread', '2025-09-01 21:49:01.898978+00'),
('327459ac-65f0-4cc2-9a3f-9a52db253451', '5d1e749e-2467-4bfa-bb92-1be8a3440cf0', 'bfa2ad5a-146f-4865-a581-cae4da9bdc3a', 'طلبك قيد التجهيز', 'بدأنا في تجهيز طلبك #5d1e74 لتوليفة الدقي.', 'unread', '2025-09-01 22:26:21.174359+00'),
('446d8256-cc1d-4ba2-b4fa-74415b0660af', '5bd046ef-b8fb-4c89-aeee-596ee286982a', 'bfa2ad5a-146f-4865-a581-cae4da9bdc3a', 'طلبك قيد التجهيز', 'بدأنا في تجهيز طلبك #5bd046 لتوليفة مصر الجديدة.', 'unread', '2025-09-01 22:26:24.104686+00'),
('19033762-0321-4aae-bef1-aac743cbf8e1', 'b46b5ae2-89fd-4d87-b7f5-cbdb08ce6a98', 'bfa2ad5a-146f-4865-a581-cae4da9bdc3a', 'طلبك قيد التجهيز', 'بدأنا في تجهيز طلبك #b46b5a لتوليفة الدقي.', 'unread', '2025-09-01 22:27:21.708368+00'),
('880371a4-1339-4d6f-be48-6faf81340f54', 'a1db5883-f9ae-447e-9497-2551860f231b', 'bfa2ad5a-146f-4865-a581-cae4da9bdc3a', 'طلبك قيد التجهيز', 'بدأنا في تجهيز طلبك #a1db58 لتوليفة مارينا.', 'unread', '2025-09-01 22:31:35.933648+00'),
('b30c8997-91e8-4990-bde4-9d6c807babc3', '0eb131fe-d50a-4d5f-aa1a-a06d02c9eebb', '4541e8fa-878f-4df5-88bd-63be40b85324', 'طلبك قيد التجهيز', 'بدأنا في تجهيز طلبك #0eb131 لتوليفة أصل هرر (كولد برو).', 'unread', '2025-09-01 22:31:43.66894+00'),
('017a6bb0-20ec-4822-b204-19dea382cccb', '6058c294-22de-4bbe-9701-a178f028bfd8', '4541e8fa-878f-4df5-88bd-63be40b85324', 'طلبك قيد التجهيز', 'بدأنا في تجهيز طلبك #6058c2 لتوليفة مارينا.', 'unread', '2025-09-01 22:31:49.172758+00'),
('18fcb743-bbf2-4eda-ad03-7413941732fa', '0c8bdd8d-021f-4d7c-a146-2c2307b561fb', 'bfa2ad5a-146f-4865-a581-cae4da9bdc3a', 'طلبك قيد التجهيز', 'بدأنا في تجهيز طلبك #0c8bdd لتوليفة بركان.', 'unread', '2025-09-01 22:31:51.838149+00'),
('a66ba952-122b-4072-b37f-c599d5232038', 'dd4fc7b6-1883-4e9c-916c-fed05f22fb0d', '4541e8fa-878f-4df5-88bd-63be40b85324', 'طلبك قيد التجهيز', 'بدأنا في تجهيز طلبك #dd4fc7 لتوليفة مارينا.', 'unread', '2025-09-01 22:41:20.264036+00'),
('02bb024e-12dc-413d-addc-0100bbdc0a59', '9a53be81-6bce-401d-b3ec-836ffd9faf5a', '4541e8fa-878f-4df5-88bd-63be40b85324', 'طلبك قيد التجهيز', 'بدأنا في تجهيز طلبك #9a53be لتوليفة مارينا.', 'unread', '2025-09-01 22:41:23.65122+00'),
('0783730b-6ad3-4d15-b34e-57493739d6e5', 'ce107b9e-ca51-4d29-9101-f69a818caa26', '4541e8fa-878f-4df5-88bd-63be40b85324', 'طلبك قيد التجهيز', 'بدأنا في تجهيز طلبك #ce107b لتوليفة مصر الجديدة.', 'unread', '2025-09-01 22:41:28.344634+00'),
('2199b88b-ab94-424e-a7cd-88619603152e', '45e49620-9c3d-4640-93ce-de5a1cb70ac0', '4541e8fa-878f-4df5-88bd-63be40b85324', 'طلبك قيد التجهيز', 'بدأنا في تجهيز طلبك #45e496 لتوليفة مصر الجديدة.', 'unread', '2025-09-02 17:30:31.755279+00'),
('e82fed4f-c76d-431b-b95b-e08bdf40b2aa', '45e49620-9c3d-4640-93ce-de5a1cb70ac0', '4541e8fa-878f-4df5-88bd-63be40b85324', 'طلبك قيد التجهيز', 'بدأنا في تجهيز طلبك #45e496 لتوليفة مصر الجديدة.', 'unread', '2025-09-02 17:30:33.628857+00'),
('14f35649-fc28-4d86-b460-96c1b92c2c42', '45e49620-9c3d-4640-93ce-de5a1cb70ac0', '4541e8fa-878f-4df5-88bd-63be40b85324', 'طلبك قيد التجهيز', 'بدأنا في تجهيز طلبك #45e496 لتوليفة مصر الجديدة.', 'unread', '2025-09-02 17:30:34.991462+00'),
('4e9bfc68-f85f-4b90-9c8b-7f00260f2c40', '45e49620-9c3d-4640-93ce-de5a1cb70ac0', '4541e8fa-878f-4df5-88bd-63be40b85324', 'طلبك قيد التجهيز', 'بدأنا في تجهيز طلبك #45e496 لتوليفة مصر الجديدة.', 'unread', '2025-09-02 17:30:36.171678+00'),
('bf76d767-af64-452f-95c7-b39ebc694ffb', '45e49620-9c3d-4640-93ce-de5a1cb70ac0', '4541e8fa-878f-4df5-88bd-63be40b85324', 'طلبك قيد التجهيز', 'بدأنا في تجهيز طلبك #45e496 لتوليفة مصر الجديدة.', 'unread', '2025-09-02 17:30:37.257304+00'),
('0ba39690-6dc6-4bf3-b5c4-8357beae04fe', '45e49620-9c3d-4640-93ce-de5a1cb70ac0', '4541e8fa-878f-4df5-88bd-63be40b85324', 'طلبك قيد التجهيز', 'بدأنا في تجهيز طلبك #45e496 لتوليفة مصر الجديدة.', 'unread', '2025-09-02 17:30:37.985597+00'),
('63727719-7c3c-4f41-b24c-8d15bace68e6', '45e49620-9c3d-4640-93ce-de5a1cb70ac0', '4541e8fa-878f-4df5-88bd-63be40b85324', 'طلبك قيد التجهيز', 'بدأنا في تجهيز طلبك #45e496 لتوليفة مصر الجديدة.', 'unread', '2025-09-02 17:30:38.459174+00'),
('294834c3-e77d-489d-93d6-76e1286aafe2', '45e49620-9c3d-4640-93ce-de5a1cb70ac0', '4541e8fa-878f-4df5-88bd-63be40b85324', 'طلبك قيد التجهيز', 'بدأنا في تجهيز طلبك #45e496 لتوليفة مصر الجديدة.', 'unread', '2025-09-02 17:30:38.975342+00'),
('aafeee5d-f5fd-49de-83cf-5909036c0eec', '45e49620-9c3d-4640-93ce-de5a1cb70ac0', '4541e8fa-878f-4df5-88bd-63be40b85324', 'طلبك قيد التجهيز', 'بدأنا في تجهيز طلبك #45e496 لتوليفة مصر الجديدة.', 'unread', '2025-09-02 17:30:39.160915+00'),
('fd32f23b-ade8-496b-8b24-81a65268f05a', '45e49620-9c3d-4640-93ce-de5a1cb70ac0', '4541e8fa-878f-4df5-88bd-63be40b85324', 'طلبك قيد التجهيز', 'بدأنا في تجهيز طلبك #45e496 لتوليفة مصر الجديدة.', 'unread', '2025-09-02 17:30:39.21229+00'),
('f613be0a-a0dd-42f2-b335-830a490ca04b', '45e49620-9c3d-4640-93ce-de5a1cb70ac0', '4541e8fa-878f-4df5-88bd-63be40b85324', 'طلبك قيد التجهيز', 'بدأنا في تجهيز طلبك #45e496 لتوليفة مصر الجديدة.', 'unread', '2025-09-02 17:30:39.588678+00'),
('b4c8e074-7796-4c48-8dad-2be950b6fa16', '78161b2b-9447-46f0-97ae-f3f104664ebe', '4541e8fa-878f-4df5-88bd-63be40b85324', 'طلبك قيد التجهيز', 'بدأنا في تجهيز طلبك #78161b لتوليفة مارينا.', 'unread', '2025-09-03 20:32:38.599458+00'),
('e00decbc-03b3-47ef-b789-569e1a3ee8cf', '04e0d200-626e-4afd-8e8e-9e56d0d101fa', '4541e8fa-878f-4df5-88bd-63be40b85324', 'طلبك قيد التجهيز', 'بدأنا في تجهيز طلبك #04e0d2 لتوليفة مارينا.', 'unread', '2025-09-03 20:32:43.440167+00'),
('64334046-ccc3-45f6-800b-3eddcf4d5ba2', '04e0d200-626e-4afd-8e8e-9e56d0d101fa', '4541e8fa-878f-4df5-88bd-63be40b85324', 'طلبك قيد التجهيز', 'بدأنا في تجهيز طلبك #04e0d2 لتوليفة مارينا.', 'unread', '2025-09-03 20:33:33.936729+00'),
('753835d8-6eb6-4e01-a86c-5a9a694c4551', '06ca96ac-39f8-4c51-bb7e-79438430d1eb', '4541e8fa-878f-4df5-88bd-63be40b85324', 'طلبك قيد التجهيز', 'بدأنا في تجهيز طلبك #06ca96 لتوليفة الدقي.', 'unread', '2025-09-03 20:40:57.111171+00'),
('433e7774-a565-4c14-a203-e8d72a52eb24', '06ca96ac-39f8-4c51-bb7e-79438430d1eb', '4541e8fa-878f-4df5-88bd-63be40b85324', 'طلبك قيد التجهيز', 'بدأنا في تجهيز طلبك #06ca96 لتوليفة الدقي.', 'unread', '2025-09-03 20:40:59.679698+00'),
('15d1c12f-c1ae-4dcc-9ea0-bdda945959f9', '3b4f87e8-391e-4221-a16a-15192873b69d', 'bfa2ad5a-146f-4865-a581-cae4da9bdc3a', 'طلبك في الطريق إليك', 'تم شحن طلبك #3b4f87 وهو الآن في طريقه إليك.', 'unread', '2025-09-03 20:41:14.780175+00'),
('35d4b74d-b986-4f43-8373-2d467c0749a0', 'ced04624-3851-452a-94d5-07ec5cac3cce', 'bfa2ad5a-146f-4865-a581-cae4da9bdc3a', 'طلبك في الطريق إليك', 'تم شحن طلبك #ced046 وهو الآن في طريقه إليك.', 'unread', '2025-09-03 20:41:16.977308+00'),
('d3e65294-82b6-4699-9750-6834a1b6ba7a', 'e6b12368-9108-4939-83c3-d9720ce2c952', '4541e8fa-878f-4df5-88bd-63be40b85324', 'طلبك قيد التجهيز', 'بدأنا في تجهيز طلبك #e6b123 لتوليفة مانديلينج المعدلة.', 'unread', '2025-09-09 13:36:21.878575+00'),
('6c2e3db9-fc07-415f-b5dd-1cd20a619bb1', '0efa7007-3317-4f44-a9de-96b2d9df2645', '4541e8fa-878f-4df5-88bd-63be40b85324', 'طلبك قيد التجهيز', 'بدأنا في تجهيز طلبك #0efa70 لتوليفة مصر الجديدة.', 'unread', '2025-09-09 13:36:25.105172+00'),
('c2f96152-7d73-4341-9993-ab93505c9216', 'c8acd730-3d10-4e28-97d2-c932fec8e458', '4541e8fa-878f-4df5-88bd-63be40b85324', 'طلبك قيد التجهيز', 'بدأنا في تجهيز طلبك #c8acd7 لتوليفة مصر الجديدة.', 'unread', '2025-09-09 13:36:31.062702+00'),
('86f7118f-8c3a-4625-a8ba-319aabd0884f', 'baa0eb73-e2a0-4bc4-9d46-94d1f07d811f', 'bfa2ad5a-146f-4865-a581-cae4da9bdc3a', 'طلبك قيد التجهيز', 'بدأنا في تجهيز طلبك #baa0eb لتوليفة مصر الجديدة.', 'unread', '2025-09-09 13:36:32.636065+00'),
('c56897bf-45dc-4ac8-b794-8168625f7f20', 'cdcc85c0-9d84-4e50-a391-0d83361382d9', '4541e8fa-878f-4df5-88bd-63be40b85324', 'طلبك قيد التجهيز', 'بدأنا في تجهيز طلبك #cdcc85 لتوليفة مارينا.', 'unread', '2025-09-09 13:36:33.613309+00'),
('4c109346-3a4a-4899-a0c7-0dcdbdade2a4', 'f7a9f0a5-8e2b-492b-a4cf-1df19cecced5', 'bfa2ad5a-146f-4865-a581-cae4da9bdc3a', 'طلبك قيد التجهيز', 'بدأنا في تجهيز طلبك #f7a9f0 لتوليفة مارينا.', 'unread', '2025-09-09 13:36:35.407206+00'),
('6a6a87c3-104d-46c2-88b5-756ef2bceba5', 'e3f18f31-3e3e-4547-872d-2c760ff533f5', 'bfa2ad5a-146f-4865-a581-cae4da9bdc3a', 'طلبك قيد التجهيز', 'بدأنا في تجهيز طلبك #e3f18f لتوليفة الدقي.', 'unread', '2025-09-12 15:34:45.648118+00'),
('2663d191-ae4c-4792-abcb-41390b0420e5', '70a7212c-9a6c-459e-82de-3334444c2e7d', 'bfa2ad5a-146f-4865-a581-cae4da9bdc3a', 'طلبك قيد التجهيز', 'بدأنا في تجهيز طلبك #70a721 لتوليفة مصر الجديدة.', 'unread', '2025-09-12 15:34:47.969917+00'),
('3fec0c55-112f-413f-bc9d-9d667d97b738', '7b6b3017-d941-4e9c-8e9e-590427b993d6', 'bfa2ad5a-146f-4865-a581-cae4da9bdc3a', 'طلبك قيد التجهيز', 'بدأنا في تجهيز طلبك #7b6b30 لتوليفة الدقي.', 'unread', '2025-09-29 17:34:41.762246+00'),
('8522605f-21b6-49a4-aaac-67665b5cd07d', '8570dda5-cf56-4e37-9bfc-d6d8310d05e1', 'bfa2ad5a-146f-4865-a581-cae4da9bdc3a', 'طلبك في الطريق إليك', 'تم شحن طلبك #8570dd وهو الآن في طريقه إليك.', 'unread', '2025-09-29 17:34:59.752071+00'),
('36ce3a02-119d-4e2d-91b8-1ac2a8708a12', '5d1e749e-2467-4bfa-bb92-1be8a3440cf0', 'bfa2ad5a-146f-4865-a581-cae4da9bdc3a', 'طلبك في الطريق إليك', 'تم شحن طلبك #5d1e74 وهو الآن في طريقه إليك.', 'unread', '2025-09-29 17:35:14.074077+00'),
('b6a7ca4d-8f72-4394-a769-c71f521b2804', '5d1e749e-2467-4bfa-bb92-1be8a3440cf0', 'bfa2ad5a-146f-4865-a581-cae4da9bdc3a', 'تم توصيل طلبك!', 'نأمل أن تستمتع بتوليفتك الدقي. شكرًا لطلبك!', 'unread', '2025-09-29 17:36:13.431907+00'),
('793064c2-f9bb-4af5-afe5-924c6a375001', '2664573e-6952-4b5a-84c1-ee8152b52c06', 'bfa2ad5a-146f-4865-a581-cae4da9bdc3a', 'طلبك قيد التجهيز', 'بدأنا في تجهيز طلبك #266457 لتوليفة مارينا.', 'unread', '2025-10-01 20:19:22.208859+00'),
('d6a4ebde-be6f-4903-b22e-bf06d2634854', '4141f618-efd8-4238-a496-41a7e9685edf', '4541e8fa-878f-4df5-88bd-63be40b85324', 'طلبك قيد التجهيز', 'بدأنا في تجهيز طلبك #4141f6 لتوليفة شبرا.', 'unread', '2025-10-01 20:19:30.752165+00');

INSERT INTO public.notifications (id, order_id, user_id, title, body, status, created_at) VALUES
('c2e83bf0-ea31-43a9-98ab-09764a76ab1a', '3487094f-acd1-4945-9782-3bd64d5dc797', 'bfa2ad5a-146f-4865-a581-cae4da9bdc3a', 'طلبك في الطريق إليك', 'تم شحن طلبك #348709 وهو الآن في طريقه إليك.', 'unread', '2025-10-01 20:19:44.528064+00'),
('58bd9f85-e5a1-4d0c-bb93-15c660391f59', '3487094f-acd1-4945-9782-3bd64d5dc797', 'bfa2ad5a-146f-4865-a581-cae4da9bdc3a', 'طلبك في الطريق إليك', 'تم شحن طلبك #348709 وهو الآن في طريقه إليك.', 'unread', '2025-10-01 20:19:44.593247+00'),
('3330ba1f-1313-442c-b1c5-6277ac1b1f00', '5bd046ef-b8fb-4c89-aeee-596ee286982a', 'bfa2ad5a-146f-4865-a581-cae4da9bdc3a', 'تحديث حالة الطلب', 'تم تحديث حالة طلبك إلى pending', 'unread', '2025-10-01 20:19:51.529073+00'),
('5ec44947-b360-4c49-a648-6f1a9e0ce211', '5bd046ef-b8fb-4c89-aeee-596ee286982a', 'bfa2ad5a-146f-4865-a581-cae4da9bdc3a', 'طلبك قيد التجهيز', 'بدأنا في تجهيز طلبك #5bd046 لتوليفة مصر الجديدة.', 'unread', '2025-10-01 20:19:57.085083+00');


INSERT INTO public.orders (id, created_at, customer_name, customer_phone, customer_address, blend_name, blend_code, roast_level, weight_grams, additives, total_price, status, order_cost, profit, discount_code, discount_amount, points_earned, points_redeemed, user_id, cancel_reason, delivery_slot, subscription_id) VALUES
('11a112cf-6f22-40f6-b98f-6c9ce9bde6af', '2025-07-23 02:15:45.243284+00', 'Ahmad Raouf', '01111121844', 'اتممناا تننمم', 'نبض أفريقيا', 'ESP-04', 'medium', '250', '{}', '250', 'completed', '176.2500000000000000000000000000000000000000', '73.7500000000000000000000000000000000000000', NULL, '0', '250', '0', 'e043c058-01b3-425f-afed-bb9be88ee905', NULL, NULL, NULL),
('421ebba8-6789-45ed-aff0-1763ea5204eb', '2025-07-22 11:15:57.993286+00', 'Ahmad Raouf', '01111121844', 'اتثتثن هثه هيهينم', 'بهارات الهند', 'B-019', 'medium', '250', '{}', '315', 'cancelled', '221.8000000000000000000000000000000000000000', '93.2000000000000000000000000000000000000000', NULL, '0', '315', '0', 'e043c058-01b3-425f-afed-bb9be88ee905', NULL, NULL, NULL),
('49f728e8-6f11-45bb-a2c5-2711c6f5673c', '2025-07-25 05:16:34.052356+00', 'AHMED RAOOF', '01096828332', '55خاهkfldsf;sd;flsd', 'أطلس المتوسط', 'CS-016', 'medium', '250', '{}', '180', 'cancelled', '195.2500000000000000000000000000000000000000', '-15.2500000000000000000000000000000000000000', NULL, '0', '180', '0', '8a75845d-0adb-43c3-bd56-197126430c2d', 'gh', NULL, NULL),
('52fa9ea1-c863-4670-bdaa-3f999d7ebdfd', '2025-07-23 04:00:30.864832+00', 'Ahmad Raouf', '01111121844', '1145ابيبل يبل قل ', 'كينيا بلند', 'V13', 'medium', '250', '{ورد,"ورق لورا"}', '335', 'completed', '206.12500000000000000000000000000000000000000', '128.87500000000000000000000000000000000000000', NULL, '0', '335', '0', 'e043c058-01b3-425f-afed-bb9be88ee905', NULL, NULL, NULL),
('698f6d9e-abe0-4b37-836e-f54f87909e9d', '2025-08-06 13:01:38.157569+00', 'raouffff', '01222255888', 'hghj jhjh jugj', 'العجوزة', 'TRB-029', 'medium', '250', '{}', '325', 'cancelled', '225.2000000000000000000000000000000000000000', '99.8000000000000000000000000000000000000000', NULL, '0', '325', '0', NULL, 'jjggh', NULL, NULL),
('736228e1-ce95-4e38-9f58-990ed92c2371', '2025-08-10 21:34:41.321513+00', 'raouf', '01111121844', 'dasd sadsa ', 'التوفير الذهبي', 'B-003', 'medium', '250', '{}', '165.75', 'cancelled', '125.4500000000000000000000000000000000000000', '40.3000000000000000000000000000000000000000', 'EELS15', '29.25', '165', '0', '4541e8fa-878f-4df5-88bd-63be40b85324', 'vtq lk hguldg ', NULL, NULL),
('776077fc-7c15-4ce2-822b-ad0c83bf9a78', '2025-07-18 04:23:01.569344+00', 'younis', '01111121111', 'semoha kassel ', 'سيدي عبد الرحمن', 'TRB-161', 'medium', '250', '{}', '290', 'completed', '220.7000000000000000000000000000000000000000', '69.3000000000000000000000000000000000000000', NULL, NULL, NULL, NULL, NULL, NULL, NULL, NULL),
('7ce441f3-80fd-4310-8780-e91edd4898b3', '2025-08-06 23:06:32.096937+00', 'omar', '01222445588', 'jkj hghg ljljl', 'قايتباي', 'TRB-235', 'light', '250', '{}', '290', 'completed', '200.1000000000000000000000000000000000000000', '89.9000000000000000000000000000000000000000', NULL, '0', '290', '0', NULL, NULL, '12:00 - 14:00', NULL),
('93c41c14-cddc-42eb-bd8e-11893867c3bf', '2025-07-09 22:34:30.349881+00', 'otaify', '01554615766', ',jhgiuryyeuu', 'إندونيسيا مانديلينج برس', 'FP-10', 'medium', '250', '{}', '320', 'cancelled', '20', '300', NULL, NULL, NULL, NULL, NULL, NULL, NULL, NULL),
('9cccc553-acce-4241-8562-23e241a07aa7', '2025-07-23 03:16:35.804741+00', 'Ahmad Raouf', '01111121844', '14 اللت نننن', 'نعناع الكيوي', 'ESP-31', 'medium', '250', '{}', '183', 'cancelled', '235.0000000000000000000000000000000000000000', '-52.0000000000000000000000000000000000000000', 'LOYALTY', '147', '183', '1470', 'e043c058-01b3-425f-afed-bb9be88ee905', 'gh', NULL, NULL),
('a0d3d2db-3648-46d1-8ad0-7e4ee3372139', '2025-07-07 23:04:39.831172+00', 'amr', '01111112115', '15khuoo iiio kk', 'توليفة المكسرات والكراميل', 'TRB-001', 'medium', '250', '{}', '265', 'cancelled', '194.8625000000000000000000000000000000000000', '70.1375000000000000000000000000000000000000', NULL, NULL, NULL, NULL, NULL, 'gh', NULL, NULL),
('b0b47668-0f2e-403d-b66c-e4b4e63dbec1', '2025-07-23 03:12:49.127334+00', 'Ahmad Raouf', '01111121844', 'اتنان تلتلا ن', 'شبرا', 'TRB-007', 'medium', '250', '{}', '280', 'cancelled', '200.0000000000000000000000000000000000000000', '80.0000000000000000000000000000000000000000', NULL, '0', '280', '0', 'e043c058-01b3-425f-afed-bb9be88ee905', 'ghg', NULL, NULL),
('bbc9f55a-c2d1-46fd-a50c-0c74de08e028', '2025-08-13 21:44:17.670113+00', 'Ahmad Raouf', '01111121844', 'hhg kjhkh ', 'كليوباترا', 'TRB-051', 'medium', '250', '{قرنفل,"جوزة الطيب",ورد,جينسنج}', '275', 'completed', '190.60000000000000000000000000000000000000000', '84.40000000000000000000000000000000000000000', NULL, '0', '275', '0', 'e043c058-01b3-425f-afed-bb9be88ee905', NULL, NULL, NULL),
('befab60b-9831-457b-8684-1bd1e52daa90', '2025-08-17 14:25:02.677383+00', 'raouf', '01111121844', 'fyycv5re5erv7t7v  ugu ugu', 'أفريكان بلند', 'FP20', 'medium', '250', '{مستكة,ورد,جينسنج}', '400', 'completed', '218.17500000000000000000000000000000000000000', '181.82500000000000000000000000000000000000000', NULL, '0', '400', '0', '4541e8fa-878f-4df5-88bd-63be40b85324', NULL, NULL, NULL),
('0262c93f-aec2-4050-869b-646a18026c08', '2025-07-30 00:16:04.741165+00', 'Ahmad Raouf', '01111121844', '122 005gsasc', 'أرابيان آيسد', 'CB20', 'medium', '250', '{}', '410', 'completed', '249.8500000000000000000000000000000000000000', '160.1500000000000000000000000000000000000000', NULL, '0', '410', '0', 'e043c058-01b3-425f-afed-bb9be88ee905', NULL, '14:00 - 16:00', NULL),
('0e6c817b-2d88-453a-9160-6ecc4457074f', '2025-07-27 20:04:08.247746+00', 'Ahmad Raouf', '01111121844', 'اتات نثقنقن يب', 'أوغندا باور', 'ESP-27', 'dark', '250', '{مستكة,"جوزة الطيب"}', '180', 'completed', '157.70000000000000000000000000000000000000000', '22.30000000000000000000000000000000000000000', NULL, '0', '180', '0', 'e043c058-01b3-425f-afed-bb9be88ee905', NULL, NULL, NULL),
('c0e829f7-3e2b-4faa-9ea5-0ca84504b4e4', '2025-07-09 23:56:53.753981+00', 'ffhgfhgh', '01222222222', 'iuiu uhuhyu uhuh', 'توليفة الشوكولاتة والتوابل', 'TRB-002', 'medium', '250', '{}', '290', 'cancelled', '214.7500000000000000000000000000000000000000', '75.2500000000000000000000000000000000000000', NULL, NULL, NULL, NULL, NULL, NULL, NULL, NULL),
('d53631d2-c983-4e16-b781-0599d6c44daf', '2025-07-30 00:14:06.587106+00', 'Ahmad Raouf', '01111121844', 'dgfdg fgdfg', 'دندرة', 'TRB-080', 'medium', '250', '{}', '325', 'completed', '201.0000000000000000000000000000000000000000', '124.0000000000000000000000000000000000000000', NULL, '0', '325', '0', 'e043c058-01b3-425f-afed-bb9be88ee905', NULL, '12:00 - 14:00', NULL),
('e617d62f-bc73-435a-94d4-4e29af80cc62', '2025-07-23 02:41:20.756407+00', 'Ahmad Raouf', '01111121844', 'سشسيبشسي سيبسب', 'كينيا AA+', 'ESP-17', 'dark', '500', '{مستكة}', '445', 'cancelled', '281.2500000000000000000000000000000000000000', '163.7500000000000000000000000000000000000000', NULL, '0', '445', '0', 'e043c058-01b3-425f-afed-bb9be88ee905', 'hkh', NULL, NULL),
('f1c1dda7-0beb-44ff-a39b-e1d4c518697f', '2025-07-28 02:39:53.297605+00', 'AHMED RAOOF', '01554615766', '55خاه ىققثلا  قلبيل', 'عابدين', 'TRB-057', 'medium', '250', '{}', '445', 'cancelled', '269.0500000000000000000000000000000000000000', '175.9500000000000000000000000000000000000000', NULL, '0', '445', '0', '8a75845d-0adb-43c3-bd56-197126430c2d', 'gh', '12:00 - 14:00', NULL),
('f329e474-6e38-4ca6-9a73-0d3c66c059a8', '2025-07-23 02:44:44.414559+00', 'Ahmad Raouf', '01111121844', '23شي يبير لاللا', 'التوفير الذهبي', 'B-003', 'medium', '250', '{}', '180', 'cancelled', '125.4500000000000000000000000000000000000000', '54.5500000000000000000000000000000000000000', NULL, '0', '180', '0', 'e043c058-01b3-425f-afed-bb9be88ee905', 'gh', NULL, NULL),
('f637c6db-7ac8-4952-bd83-98a36bbcf973', '2025-07-07 22:52:05.9086+00', 'ah', '01096828332', '55خاهkfldsf;sd;flsd', 'توليفة الشوكولاتة والتوابل', 'TRB-002', 'medium', '250', '{}', '290', 'completed', '214.7500000000000000000000000000000000000000', '75.2500000000000000000000000000000000000000', NULL, NULL, NULL, NULL, NULL, NULL, NULL, NULL),
('b9d75810-83ed-4f82-86b1-94e147b7450e', '2025-08-26 22:36:06.84945+00', 'Ziad Mohamed Mohamed ', '01099475854', 'Miami Alexandria', 'مصر الجديدة', 'TRB-002', 'medium', '250', '{}', '310', 'completed', '214.7500000000000000000000000000000000000000', '95.2500000000000000000000000000000000000000', NULL, '0', '310', '0', 'bfa2ad5a-146f-4865-a581-cae4da9bdc3a', NULL, '12:00 - 14:00', NULL),
('e7436335-2290-4140-9918-adbe655237b9', '2025-08-26 22:36:07.165204+00', 'Ziad Mohamed Mohamed ', '01099475854', 'Miami Alexandria', 'ديوان', 'FUNC_DWN', 'medium', '250', '{}', '440', 'completed', '308.2500000000000000000000000000000000000000', '131.7500000000000000000000000000000000000000', NULL, '0', '440', '0', 'bfa2ad5a-146f-4865-a581-cae4da9bdc3a', NULL, '12:00 - 14:00', NULL),
('b6ad54cb-aae4-4830-8f72-817ce7202dbe', '2025-08-22 19:17:58.88032+00', 'ziad Mohamed', '01099475854', 'Miami\\nSidy Beshr', 'مصر الجديدة', 'TRB-002', 'medium', '250', '{}', '310', 'completed', '214.7500000000000000000000000000000000000000', '95.2500000000000000000000000000000000000000', NULL, '0', '310', '0', NULL, NULL, NULL, NULL),
('4b1e0b00-70cb-43a9-b221-5f8578e0f926', '2025-08-18 19:28:13.84078+00', 'raouf', '01111121844', 'gtgrbhyth brhr', 'واحة سيوة', 'TRB-202', 'medium', '250', '{}', '380', 'cancelled', '331.7500000000000000000000000000000000000000', '48.2500000000000000000000000000000000000000', 'ROWAN20', '95', '380', '0', '4541e8fa-878f-4df5-88bd-63be40b85324', 'lk.m//, m.,m', NULL, NULL),
('94a1d6b8-5f6d-4ba0-8854-0ba614d4f559', '2025-08-21 20:54:18.679071+00', 'raouf', '01111121844', 'Alexandria ,miami ,Test', 'مارينا', 'TRB-160', 'medium', '250', '{}', '197.4985835694051', 'completed', '175.1250000000000000000000000000000000000000', '22.3735835694051000000000000000000000000000', 'LOYALTY', '57.5014164305949', '197', '575', '4541e8fa-878f-4df5-88bd-63be40b85324', NULL, NULL, NULL),
('8346b450-e969-4db4-b774-8d0948559af7', '2025-08-12 17:00:18.889751+00', 'شسش يس', '01144477782', 'تتي يتتيتبت نين', 'مصر الجديدة', 'TRB-002', 'medium', '250', '{}', '310', 'completed', '214.7500000000000000000000000000000000000000', '95.2500000000000000000000000000000000000000', NULL, '0', '310', '0', NULL, NULL, NULL, NULL),
('980e1ee6-607e-4cf0-8695-c56a44627857', '2025-08-13 21:44:17.67238+00', 'Ahmad Raouf', '01111121844', 'hhg kjhkh ', 'المهندسين', 'TRB-069', 'medium', '250', '{مستكة}', '310', 'completed', '198.36250000000000000000000000000000000000000', '111.63750000000000000000000000000000000000000', NULL, '0', '310', '0', 'e043c058-01b3-425f-afed-bb9be88ee905', NULL, NULL, NULL),
('bb87c3b9-df1a-4742-981c-df4e58743dd7', '2025-08-21 20:54:18.769619+00', 'raouf', '01111121844', 'Alexandria ,miami ,Test', 'عابدين', 'TRB-057', 'light', '1000', '{"جوزة الطيب",حبهان}', '1169.5014164305949', 'completed', '987.8000000000000000000000000000000000000000', '181.7014164305949000000000000000000000000000', 'LOYALTY', '340.4985835694051', '1169', '3405', '4541e8fa-878f-4df5-88bd-63be40b85324', NULL, NULL, NULL),
('19a7eab2-fb55-4fda-8628-7064f82a0e5f', '2025-08-26 22:36:06.839144+00', 'Ziad Mohamed Mohamed ', '01099475854', 'Miami Alexandria', 'مصر الجديدة', 'TRB-002', 'medium', '250', '{}', '310', 'completed', '214.7500000000000000000000000000000000000000', '95.2500000000000000000000000000000000000000', NULL, '0', '310', '0', 'bfa2ad5a-146f-4865-a581-cae4da9bdc3a', NULL, '12:00 - 14:00', NULL),
('78d06953-e42b-4edb-b9f9-fa976ac16731', '2025-08-17 14:25:02.682042+00', 'raouf', '01111121844', 'fyycv5re5erv7t7v  ugu ugu', 'أفريكان بلند', 'FP20', 'medium', '250', '{مستكة,ورد,جينسنج}', '400', 'completed', '218.17500000000000000000000000000000000000000', '181.82500000000000000000000000000000000000000', NULL, '0', '400', '0', '4541e8fa-878f-4df5-88bd-63be40b85324', NULL, NULL, NULL),
('5aa38c4c-3db1-4047-8d46-8636baf3c9ec', '2025-08-18 17:27:52.503259+00', 'raouf', '01111121844', 'ggj iii tfyf ', 'بركان حمضي', 'ESP-13', 'medium', '250', '{}', '320', 'completed', '223.2500000000000000000000000000000000000000', '96.7500000000000000000000000000000000000000', NULL, '0', '320', '0', '4541e8fa-878f-4df5-88bd-63be40b85324', NULL, NULL, NULL),
('3c7147f2-b74f-462b-bcb9-c45a42344f0e', '2025-08-27 21:42:40.788043+00', 'Ahmad Raouf', '01111121844', 'Shah she’s hsjsh', 'أبو سمبل', 'TRB-222', 'medium', '250', '{}', '260', 'completed', '177.8375000000000000000000000000000000000000', '82.1625000000000000000000000000000000000000', NULL, '0', '260', '0', NULL, NULL, NULL, NULL),
('457074cf-c9f1-4a38-a2f1-70cbabbf669e', '2025-08-27 21:44:10.748628+00', 'Ziad Mohamed Mohamed ', '01099475854', 'Miami Alexandria', 'ديوان', 'FUNC_DWN', 'medium', '250', '{}', '440', 'completed', '308.2500000000000000000000000000000000000000', '131.7500000000000000000000000000000000000000', NULL, '0', '440', '0', 'bfa2ad5a-146f-4865-a581-cae4da9bdc3a', NULL, NULL, NULL),
('bf1a6874-4b4a-40b6-b3c0-4e5627c5d495', '2025-08-31 20:05:23.074324+00', 'Ziad Mohamed Mohamed ', '01099475854', 'Miami Alexandria', 'مارينا', 'TRB-160', 'medium', '250', '{}', '255', 'shipped', '175.1250000000000000000000000000000000000000', '79.8750000000000000000000000000000000000000', NULL, '0', '255', '0', 'bfa2ad5a-146f-4865-a581-cae4da9bdc3a', NULL, NULL, NULL),
('66195578-8097-4e2e-8836-d2a5965dc5f3', '2025-08-12 14:10:46.941922+00', 'younis ', '01144444758', '2996 sdsf fkdf ', 'ديوان', 'FUNC_DWN', 'medium', '250', '{}', '440', 'completed', '308.2500000000000000000000000000000000000000', '131.7500000000000000000000000000000000000000', NULL, '0', '440', '0', '118c2ef1-3cb8-4e8f-941a-a78528d08b58', NULL, NULL, NULL),
('bdd69d06-85e9-405c-a596-d1d2887a43bc', '2025-08-12 19:02:12.656798+00', 'raouf', '01111121844', 'hh hguguy jugug', 'العلمين', 'TRB-091', 'light', '250', '{مستكة,"جوزة الطيب"}', '300', 'completed', '178.97500000000000000000000000000000000000000', '121.02500000000000000000000000000000000000000', NULL, '0', '300', '0', '4541e8fa-878f-4df5-88bd-63be40b85324', NULL, NULL, NULL),
('5f9fbf6b-be89-432d-a812-668d7daf74f1', '2025-08-31 22:10:10.728005+00', 'Ziad Mohamed Mohamed ', '01099475854', 'Miami Alexandria', 'مصر الجديدة', 'TRB-002', 'medium', '250', '{}', '310', 'processing', '214.7500000000000000000000000000000000000000', '95.2500000000000000000000000000000000000000', NULL, '0', '310', '0', 'bfa2ad5a-146f-4865-a581-cae4da9bdc3a', NULL, '14:00 - 16:00', NULL),
('13e22df5-db03-4aa6-9b58-909c300ad9d8', '2025-08-31 19:40:29.199896+00', 'Ziad Mohamed Mohamed ', '01099475854', 'Miami Alexandria', 'مصر الجديدة', 'TRB-002', 'medium', '250', '{}', '310', 'shipped', '214.7500000000000000000000000000000000000000', '95.2500000000000000000000000000000000000000', NULL, '0', '310', '0', 'bfa2ad5a-146f-4865-a581-cae4da9bdc3a', NULL, NULL, NULL),
('73c695f5-c75a-4515-b3c1-dfc3e3b28ac7', '2025-08-26 22:36:07.195056+00', 'Ziad Mohamed Mohamed ', '01099475854', 'Miami Alexandria', 'الدقي', 'TRB-037', 'medium', '250', '{}', '355', 'completed', '248.2500000000000000000000000000000000000000', '106.7500000000000000000000000000000000000000', NULL, '0', '355', '0', 'bfa2ad5a-146f-4865-a581-cae4da9bdc3a', NULL, '12:00 - 14:00', NULL),
('b7f0c6d5-d644-47ff-b800-d41e53b07f99', '2025-08-29 21:52:39.679635+00', 'Ziad Mohamed Mohamed ', '01099475854', 'Miami Alexandria', 'ديوان', 'FUNC_DWN', 'medium', '250', '{}', '440', 'completed', '308.2500000000000000000000000000000000000000', '131.7500000000000000000000000000000000000000', NULL, '0', '440', '0', 'bfa2ad5a-146f-4865-a581-cae4da9bdc3a', NULL, NULL, NULL),
('239a7d18-4180-48ba-b700-c2eec289864d', '2025-08-31 21:53:12.328714+00', 'Ziad Mohamed Mohamed ', '01099475854', 'Miami Alexandria', 'مصر الجديدة', 'TRB-002', 'medium', '250', '{}', '310', 'processing', '214.7500000000000000000000000000000000000000', '95.2500000000000000000000000000000000000000', NULL, '0', '310', '0', 'bfa2ad5a-146f-4865-a581-cae4da9bdc3a', NULL, NULL, NULL),
('9b0ee053-df70-42da-9f79-1d90ab0740cd', '2025-08-30 20:56:49.483862+00', 'Ziad Mohamed Mohamed ', '01099475854', 'Miami Alexandria', 'الدقي', 'TRB-037', 'medium', '250', '{}', '355', 'cancelled', '248.2500000000000000000000000000000000000000', '106.7500000000000000000000000000000000000000', NULL, '0', '355', '0', 'bfa2ad5a-146f-4865-a581-cae4da9bdc3a', 'asdasdasd', NULL, NULL),
('3487094f-acd1-4945-9782-3bd64d5dc797', '2025-08-31 21:53:12.339883+00', 'Ziad Mohamed Mohamed ', '01099475854', 'Miami Alexandria', 'الدقي', 'TRB-037', 'medium', '250', '{}', '355', 'shipped', '248.2500000000000000000000000000000000000000', '106.7500000000000000000000000000000000000000', NULL, '0', '355', '0', 'bfa2ad5a-146f-4865-a581-cae4da9bdc3a', NULL, NULL, NULL),
('fc75db9d-9e49-47cc-8956-8826a2a606f1', '2025-08-31 19:40:28.872836+00', 'Ziad Mohamed Mohamed ', '01099475854', 'Miami Alexandria', 'ديوان', 'FUNC_DWN', 'medium', '250', '{}', '440', 'completed', '308.2500000000000000000000000000000000000000', '131.7500000000000000000000000000000000000000', NULL, '0', '440', '0', 'bfa2ad5a-146f-4865-a581-cae4da9bdc3a', NULL, NULL, NULL),
('e6b12368-9108-4939-83c3-d9720ce2c952', '2025-09-02 15:48:59.912091+00', 'raouf', '01111121844', 'Test Miami', 'مانديلينج المعدلة', 'V10', 'light', '250', '{مستكة,جينسنج,قرفة}', '385', 'processing', '207.05000000000000000000000000000000000000000', '177.95000000000000000000000000000000000000000', NULL, '0', '385', '0', '4541e8fa-878f-4df5-88bd-63be40b85324', NULL, NULL, NULL),
('5d1e749e-2467-4bfa-bb92-1be8a3440cf0', '2025-08-31 22:10:10.733215+00', 'Ziad Mohamed Mohamed ', '01099475854', 'Miami Alexandria', 'الدقي', 'TRB-037', 'medium', '250', '{}', '355', 'completed', '248.2500000000000000000000000000000000000000', '106.7500000000000000000000000000000000000000', NULL, '0', '355', '0', 'bfa2ad5a-146f-4865-a581-cae4da9bdc3a', NULL, '14:00 - 16:00', NULL),
('c07a100b-626b-4dbb-97c4-713fa6f462e9', '2025-08-30 22:15:37.684078+00', 'Ziad Mohamed Mohamed ', '01099475854', 'Miami Alexandria', 'مصر الجديدة', 'TRB-002', 'medium', '250', '{}', '310', 'completed', '214.7500000000000000000000000000000000000000', '95.2500000000000000000000000000000000000000', NULL, '0', '310', '0', 'bfa2ad5a-146f-4865-a581-cae4da9bdc3a', NULL, '14:00 - 16:00', NULL),
('5bd046ef-b8fb-4c89-aeee-596ee286982a', '2025-09-01 20:39:00.356028+00', 'Ziad Mohamed Mohamed ', '01099475854', 'Miami Alexandria', 'مصر الجديدة', 'TRB-002', 'medium', '250', '{}', '310', 'processing', '214.7500000000000000000000000000000000000000', '95.2500000000000000000000000000000000000000', NULL, '0', '310', '0', 'bfa2ad5a-146f-4865-a581-cae4da9bdc3a', NULL, NULL, NULL),
('b46b5ae2-89fd-4d87-b7f5-cbdb08ce6a98', '2025-09-01 20:39:00.361467+00', 'Ziad Mohamed Mohamed ', '01099475854', 'Miami Alexandria', 'الدقي', 'TRB-037', 'medium', '250', '{}', '355', 'processing', '248.2500000000000000000000000000000000000000', '106.7500000000000000000000000000000000000000', NULL, '0', '355', '0', 'bfa2ad5a-146f-4865-a581-cae4da9bdc3a', NULL, NULL, NULL),
('a1db5883-f9ae-447e-9497-2551860f231b', '2025-09-01 20:39:33.611704+00', 'Ziad Mohamed Mohamed ', '01099475854', 'Miami Alexandria', 'مارينا', 'TRB-160', 'medium', '250', '{}', '255', 'processing', '175.1250000000000000000000000000000000000000', '79.8750000000000000000000000000000000000000', NULL, '0', '255', '0', 'bfa2ad5a-146f-4865-a581-cae4da9bdc3a', NULL, NULL, NULL),
('0eb131fe-d50a-4d5f-aa1a-a06d02c9eebb', '2025-09-01 21:38:45.169565+00', 'raouf', '01111121844', 'Test Miami', 'أصل هرر (كولد برو)', 'CS-021', 'medium', '250', '{}', '245', 'processing', '176.2500000000000000000000000000000000000000', '68.7500000000000000000000000000000000000000', NULL, '0', '245', '0', '4541e8fa-878f-4df5-88bd-63be40b85324', NULL, NULL, NULL),
('ced04624-3851-452a-94d5-07ec5cac3cce', '2025-08-31 19:45:46.588408+00', 'Ziad Mohamed Mohamed ', '01099475854', 'Miami Alexandria', 'مصر الجديدة', 'TRB-002', 'medium', '250', '{}', '310', 'shipped', '214.7500000000000000000000000000000000000000', '95.2500000000000000000000000000000000000000', NULL, '0', '310', '0', 'bfa2ad5a-146f-4865-a581-cae4da9bdc3a', NULL, NULL, NULL),
('6058c294-22de-4bbe-9701-a178f028bfd8', '2025-09-01 21:38:45.174682+00', 'raouf', '01111121844', 'Test Miami', 'مارينا', 'TRB-160', 'medium', '250', '{}', '255', 'processing', '175.1250000000000000000000000000000000000000', '79.8750000000000000000000000000000000000000', NULL, '0', '255', '0', '4541e8fa-878f-4df5-88bd-63be40b85324', NULL, NULL, NULL),
('0c8bdd8d-021f-4d7c-a146-2c2307b561fb', '2025-09-01 22:10:12.39632+00', 'Ziad Mohamed Mohamed ', '01099475854', 'Miami Alexandria', 'بركان', 'FUNC_BRKN', 'medium', '250', '{}', '190', 'processing', '127.3500000000000000000000000000000000000000', '62.6500000000000000000000000000000000000000', NULL, '0', '190', '0', 'bfa2ad5a-146f-4865-a581-cae4da9bdc3a', NULL, '14:00 - 16:00', NULL),
('dd4fc7b6-1883-4e9c-916c-fed05f22fb0d', '2025-09-01 22:26:11.697644+00', 'raouf', '01111121844', 'Test Miami', 'مارينا', 'TRB-160', 'medium', '250', '{}', '255', 'processing', '175.1250000000000000000000000000000000000000', '79.8750000000000000000000000000000000000000', NULL, '0', '255', '0', '4541e8fa-878f-4df5-88bd-63be40b85324', NULL, '16:00 - 18:00', NULL),
('9a53be81-6bce-401d-b3ec-836ffd9faf5a', '2025-09-01 22:39:59.032435+00', 'raouf', '01111121844', 'Test Miami', 'مارينا', 'TRB-160', 'medium', '250', '{}', '255', 'processing', '175.1250000000000000000000000000000000000000', '79.8750000000000000000000000000000000000000', NULL, '0', '255', '0', '4541e8fa-878f-4df5-88bd-63be40b85324', NULL, '16:00 - 18:00', NULL),
('ce107b9e-ca51-4d29-9101-f69a818caa26', '2025-09-01 22:41:10.494144+00', 'raouf', '01111121844', 'Test Miami', 'مصر الجديدة', 'TRB-002', 'medium', '250', '{}', '310', 'processing', '214.7500000000000000000000000000000000000000', '95.2500000000000000000000000000000000000000', NULL, '0', '310', '0', '4541e8fa-878f-4df5-88bd-63be40b85324', NULL, '16:00 - 18:00', NULL),
('45e49620-9c3d-4640-93ce-de5a1cb70ac0', '2025-09-01 22:39:59.037478+00', 'raouf', '01111121844', 'Test Miami', 'مصر الجديدة', 'TRB-002', 'medium', '250', '{}', '310', 'processing', '214.7500000000000000000000000000000000000000', '95.2500000000000000000000000000000000000000', NULL, '0', '310', '0', '4541e8fa-878f-4df5-88bd-63be40b85324', NULL, '16:00 - 18:00', NULL),
('78161b2b-9447-46f0-97ae-f3f104664ebe', '2025-09-01 22:32:13.874136+00', 'raouf', '01111121844', 'Test Miami', 'مارينا', 'TRB-160', 'medium', '250', '{}', '255', 'processing', '175.1250000000000000000000000000000000000000', '79.8750000000000000000000000000000000000000', NULL, '0', '255', '0', '4541e8fa-878f-4df5-88bd-63be40b85324', NULL, '18:00 - 20:00', NULL),
('04e0d200-626e-4afd-8e8e-9e56d0d101fa', '2025-09-01 22:41:10.495525+00', 'raouf', '01111121844', 'Test Miami', 'مارينا', 'TRB-160', 'medium', '250', '{}', '255', 'processing', '175.1250000000000000000000000000000000000000', '79.8750000000000000000000000000000000000000', NULL, '0', '255', '0', '4541e8fa-878f-4df5-88bd-63be40b85324', NULL, '16:00 - 18:00', NULL),
('3b4f87e8-391e-4221-a16a-15192873b69d', '2025-08-30 20:56:49.463752+00', 'Ziad Mohamed Mohamed ', '01099475854', 'Miami Alexandria', 'مصر الجديدة', 'TRB-002', 'medium', '250', '{}', '310', 'shipped', '214.7500000000000000000000000000000000000000', '95.2500000000000000000000000000000000000000', NULL, '0', '310', '0', 'bfa2ad5a-146f-4865-a581-cae4da9bdc3a', NULL, NULL, NULL),
('0efa7007-3317-4f44-a9de-96b2d9df2645', '2025-09-02 15:48:59.93495+00', 'raouf', '01111121844', 'Test Miami', 'مصر الجديدة', 'TRB-002', 'medium', '250', '{}', '310', 'processing', '214.7500000000000000000000000000000000000000', '95.2500000000000000000000000000000000000000', NULL, '0', '310', '0', '4541e8fa-878f-4df5-88bd-63be40b85324', NULL, NULL, NULL),
('c8acd730-3d10-4e28-97d2-c932fec8e458', '2025-09-03 20:36:49.727995+00', 'raouf', '01111121844', 'Test Miami', 'مصر الجديدة', 'TRB-002', 'medium', '250', '{}', '310', 'processing', '214.7500000000000000000000000000000000000000', '95.2500000000000000000000000000000000000000', NULL, '0', '310', '0', '4541e8fa-878f-4df5-88bd-63be40b85324', NULL, NULL, NULL),
('cdcc85c0-9d84-4e50-a391-0d83361382d9', '2025-09-03 20:36:49.733667+00', 'raouf', '01111121844', 'Test Miami', 'مارينا', 'TRB-160', 'medium', '250', '{}', '255', 'processing', '175.1250000000000000000000000000000000000000', '79.8750000000000000000000000000000000000000', NULL, '0', '255', '0', '4541e8fa-878f-4df5-88bd-63be40b85324', NULL, NULL, NULL),
('8570dda5-cf56-4e37-9bfc-d6d8310d05e1', '2025-08-31 20:05:23.129458+00', 'Ziad Mohamed Mohamed ', '01099475854', 'Miami Alexandria', 'الدقي', 'TRB-037', 'medium', '250', '{}', '355', 'shipped', '248.2500000000000000000000000000000000000000', '106.7500000000000000000000000000000000000000', NULL, '0', '355', '0', 'bfa2ad5a-146f-4865-a581-cae4da9bdc3a', NULL, NULL, NULL),
('06ca96ac-39f8-4c51-bb7e-79438430d1eb', '2025-09-01 22:41:10.501146+00', 'raouf', '01111121844', 'Test Miami', 'الدقي', 'TRB-037', 'medium', '250', '{}', '355', 'processing', '248.2500000000000000000000000000000000000000', '106.7500000000000000000000000000000000000000', NULL, '0', '355', '0', '4541e8fa-878f-4df5-88bd-63be40b85324', NULL, '16:00 - 18:00', NULL),
('baa0eb73-e2a0-4bc4-9d46-94d1f07d811f', '2025-09-09 09:59:16.795691+00', 'Ziad Mohamed Mohamed ', '01099475854', 'Miami Alexandria', 'مصر الجديدة', 'TRB-002', 'medium', '250', '{}', '310', 'processing', '214.7500000000000000000000000000000000000000', '95.2500000000000000000000000000000000000000', NULL, '0', '310', '0', 'bfa2ad5a-146f-4865-a581-cae4da9bdc3a', NULL, NULL, NULL),
('f7a9f0a5-8e2b-492b-a4cf-1df19cecced5', '2025-09-09 10:02:58.307674+00', 'Ziad Mohamed Mohamed ', '01099475854', 'Miami Alexandria', 'مارينا', 'TRB-160', 'medium', '250', '{}', '255', 'processing', '175.1250000000000000000000000000000000000000', '79.8750000000000000000000000000000000000000', NULL, '0', '255', '0', 'bfa2ad5a-146f-4865-a581-cae4da9bdc3a', NULL, NULL, NULL),
('e3f18f31-3e3e-4547-872d-2c760ff533f5', '2025-09-09 09:59:16.796676+00', 'Ziad Mohamed Mohamed ', '01099475854', 'Miami Alexandria', 'الدقي', 'TRB-037', 'medium', '250', '{}', '355', 'processing', '248.2500000000000000000000000000000000000000', '106.7500000000000000000000000000000000000000', NULL, '0', '355', '0', 'bfa2ad5a-146f-4865-a581-cae4da9bdc3a', NULL, NULL, NULL),
('70a7212c-9a6c-459e-82de-3334444c2e7d', '2025-09-09 10:02:58.30159+00', 'Ziad Mohamed Mohamed ', '01099475854', 'Miami Alexandria', 'مصر الجديدة', 'TRB-002', 'medium', '750', '{}', '930', 'processing', '604.2500000000000000000000000000000000000000', '325.7500000000000000000000000000000000000000', NULL, '0', '930', '0', 'bfa2ad5a-146f-4865-a581-cae4da9bdc3a', NULL, NULL, NULL),
('7b6b3017-d941-4e9c-8e9e-590427b993d6', '2025-09-09 10:02:58.308358+00', 'Ziad Mohamed Mohamed ', '01099475854', 'Miami Alexandria', 'الدقي', 'TRB-037', 'medium', '250', '{}', '355', 'processing', '248.2500000000000000000000000000000000000000', '106.7500000000000000000000000000000000000000', NULL, '0', '355', '0', 'bfa2ad5a-146f-4865-a581-cae4da9bdc3a', NULL, NULL, NULL),
('2664573e-6952-4b5a-84c1-ee8152b52c06', '2025-09-09 10:02:58.312592+00', 'Ziad Mohamed Mohamed ', '01099475854', 'Miami Alexandria', 'مارينا', 'TRB-160', 'medium', '500', '{}', '510', 'processing', '330.2500000000000000000000000000000000000000', '179.7500000000000000000000000000000000000000', NULL, '0', '510', '0', 'bfa2ad5a-146f-4865-a581-cae4da9bdc3a', NULL, NULL, NULL),
('4141f618-efd8-4238-a496-41a7e9685edf', '2025-09-17 22:07:33.412647+00', 'raouf', '01111121844', 'Test Miami', 'شبرا', 'TRB-007', 'light', '250', '{قرنفل,مستكة,"جوزة الطيب"}', '330', 'processing', '192.70000000000000000000000000000000000000000', '137.30000000000000000000000000000000000000000', NULL, '0', '330', '0', '4541e8fa-878f-4df5-88bd-63be40b85324', NULL, '18:00 - 20:00', NULL),
('cd62d44c-84b4-4c05-8115-6e132f10289b', '2025-10-01 20:21:17.237697+00', 'raouf', '01111121844', 'Test Miami', 'الفسطاط', 'TRB-104', 'medium', '250', '{مستكة,ورد,جينسنج,حبهان}', '455', 'pending', '249.21250000000000000000000000000000000000000', '205.78750000000000000000000000000000000000000', NULL, '0', '455', '0', '4541e8fa-878f-4df5-88bd-63be40b85324', NULL, NULL, NULL),
('a85db3ab-fb2f-42a2-a959-a4aacd59c7ee', '2025-10-08 21:53:49.945377+00', 'raouf', '01111121844', 'Test Miami', 'الجونا', 'TRK-003', 'light', '250', '{مستكة,ورد}', '370', 'pending', '231.35000000000000000000000000000000000000000', '138.65000000000000000000000000000000000000000', NULL, '0', '370', '0', '4541e8fa-878f-4df5-88bd-63be40b85324', NULL, NULL, NULL),
('4d61c137-d503-4dae-8821-203fede607cf', '2025-10-08 21:53:50.042746+00', 'raouf', '01111121844', 'Test Miami', 'بركان حمضي', 'ESP-13', 'dark', '250', '{قرنفل,جينسنج,حبهان}', '420', 'pending', '229.25000000000000000000000000000000000000000', '190.75000000000000000000000000000000000000000', NULL, '0', '420', '0', '4541e8fa-878f-4df5-88bd-63be40b85324', NULL, NULL, NULL);


INSERT INTO public.profiles (id, role, full_name, phone_number, address, admin_notes) VALUES
('819d83a2-4d05-419a-9fdc-997c97e82b39', 'roaster', 'wael abdo', '01000071523', NULL, NULL),
('8a75845d-0adb-43c3-bd56-197126430c2d', 'user', 'AHMED RAOOF', NULL, NULL, NULL),
('e043c058-01b3-425f-afed-bb9be88ee905', 'admin', 'Ahmad Raouf', '01111121844', NULL, NULL),
('53513baa-9567-4d54-812a-b708f2378f9f', 'user', NULL, NULL, NULL, NULL),
('97e606fc-0bcc-431a-ab36-eeb485069423', 'user', NULL, NULL, NULL, NULL),
('d9feb454-3896-4eef-92c9-fe41dc0d8899', 'user', NULL, NULL, NULL, NULL),
('118c2ef1-3cb8-4e8f-941a-a78528d08b58', 'user', NULL, NULL, NULL, NULL),
('d9fb0c68-5a11-4767-8ed7-093fbdb90df9', 'user', NULL, NULL, NULL, NULL),
('d03b8eac-bc95-4b9b-be2e-3e42f1fe52c7', 'user', NULL, NULL, NULL, NULL),
('45c7d290-6b3d-4be3-a569-755d5b7da7ee', 'user', NULL, NULL, NULL, NULL),
('4541e8fa-878f-4df5-88bd-63be40b85324', 'admin', 'raouf', '01111121844', 'Test Miami', NULL),
('7225a73f-be11-427c-a37d-55ab30527bd9', 'user', NULL, NULL, NULL, NULL),
('b4aa5ebc-a4d0-426b-bd12-6e596b554d3a', 'user', 'Otaify Mohamed', NULL, NULL, NULL),
('883fd7b9-b499-4373-a75b-7829e32b81c2', 'user', 'mohammed ahmed', NULL, NULL, NULL),
('28ee6ecf-f88a-4e9a-a3c3-10fbcfcf2c14', 'user', 'M.otaify.M Otaify', NULL, NULL, NULL),
('bfa2ad5a-146f-4865-a581-cae4da9bdc3a', 'roaster', 'Ziad Mohamed Mohamed ', '01099475854', 'Miami Alexandria', NULL),
('32ff1a87-3d94-4f4c-8d6d-4a1cd4d871d2', 'roaster', 'Ziad Mohamed', '01099475854', 'Egypt Sedy gaber ', NULL),
('083a20a3-b505-442f-b708-dfdef59ee23c', 'roaster', 'ziad Mohamed', '01099475854', 'Miami', NULL);




INSERT INTO public.reviews (id, user_id, blend_code, rating, comment, created_at) VALUES
('bc75ccac-538d-4792-93ba-cd5976c0430e', '4541e8fa-878f-4df5-88bd-63be40b85324', 'FP20', '4', 'لطيفة ', '2025-08-18 17:28:39.507196+00'),
('faf6a113-5793-464c-a625-2d6c946c98e6', 'bfa2ad5a-146f-4865-a581-cae4da9bdc3a', 'FUNC_DWN', '5', 'Very Good', '2025-08-29 11:19:34.538963+00'),
('1403a228-920a-4afe-bf84-ea470173df6f', '4541e8fa-878f-4df5-88bd-63be40b85324', 'TRB-160', '4', 'jhjbhy', '2025-09-03 20:53:30.864573+00');


INSERT INTO public.roastery_payouts (id, order_id, payout_amount, payout_date, recorded_by, created_at) VALUES
('d1d91bcd-b6e9-4e14-b399-18a29a992931', '66195578-8097-4e2e-8836-d2a5965dc5f3', '1000', '2025-08-29 22:38:24.795485+00', '4541e8fa-878f-4df5-88bd-63be40b85324', '2025-08-29 22:38:24.795485+00'),
('1b3d3874-377f-4206-94d6-5c446fdd37a7', '8346b450-e969-4db4-b774-8d0948559af7', '2000', '2025-08-30 18:53:37.522728+00', '4541e8fa-878f-4df5-88bd-63be40b85324', '2025-08-30 18:53:37.522728+00'),
('79632528-0c5c-4540-a649-a16ed1f1a189', '980e1ee6-607e-4cf0-8695-c56a44627857', '3000', '2025-08-30 18:53:43.810966+00', '4541e8fa-878f-4df5-88bd-63be40b85324', '2025-08-30 18:53:43.810966+00'),
('8206c082-6b2f-4823-9e75-8b9a29a78138', 'bdd69d06-85e9-405c-a596-d1d2887a43bc', '500', '2025-08-30 18:53:50.508954+00', '4541e8fa-878f-4df5-88bd-63be40b85324', '2025-08-30 18:53:50.508954+00'),
('269b50ed-f009-461f-9668-9e4824f10be1', '78d06953-e42b-4edb-b9f9-fa976ac16731', '500', '2025-08-30 20:55:41.677727+00', '4541e8fa-878f-4df5-88bd-63be40b85324', '2025-08-30 20:55:41.677727+00'),
('df99eec4-8311-4d21-aad9-51ce8ca6fb7e', '5aa38c4c-3db1-4047-8d46-8636baf3c9ec', '500', '2025-08-30 21:45:50.041998+00', '4541e8fa-878f-4df5-88bd-63be40b85324', '2025-08-30 21:45:50.041998+00'),
('2ea2a5f1-ea6a-4031-a2b6-1d04619d2831', 'bb87c3b9-df1a-4742-981c-df4e58743dd7', '500', '2025-08-30 21:53:49.987105+00', '4541e8fa-878f-4df5-88bd-63be40b85324', '2025-08-30 21:53:49.987105+00'),
('2d5ccf77-daa3-4d37-8074-00e1c710ce07', '94a1d6b8-5f6d-4ba0-8854-0ba614d4f559', '500', '2025-08-30 22:10:03.903527+00', '4541e8fa-878f-4df5-88bd-63be40b85324', '2025-08-30 22:10:03.903527+00'),
('c51e9bf9-0a77-49b9-95a1-460b31671ea5', '73c695f5-c75a-4515-b3c1-dfc3e3b28ac7', '200', '2025-08-30 22:18:42.955812+00', 'bfa2ad5a-146f-4865-a581-cae4da9bdc3a', '2025-08-30 22:18:42.955812+00'),
('b4b58291-5bd1-4634-b885-86f16be38a0b', '19a7eab2-fb55-4fda-8628-7064f82a0e5f', '200', '2025-08-30 22:21:44.552618+00', 'bfa2ad5a-146f-4865-a581-cae4da9bdc3a', '2025-08-30 22:21:44.552618+00'),
('b67092ee-9655-4b81-970c-0f9721955682', 'b6ad54cb-aae4-4830-8f72-817ce7202dbe', '500', '2025-08-30 22:27:56.073923+00', 'bfa2ad5a-146f-4865-a581-cae4da9bdc3a', '2025-08-30 22:27:56.073923+00'),
('a9394062-1e2f-49eb-a26b-b0341947e5e1', 'b9d75810-83ed-4f82-86b1-94e147b7450e', '200', '2025-08-31 19:36:02.018948+00', 'bfa2ad5a-146f-4865-a581-cae4da9bdc3a', '2025-08-31 19:36:02.018948+00'),
('08fce321-451c-4b7e-99cd-eacfbed49874', 'e7436335-2290-4140-9918-adbe655237b9', '200', '2025-08-31 19:36:15.280524+00', 'bfa2ad5a-146f-4865-a581-cae4da9bdc3a', '2025-08-31 19:36:15.280524+00'),
('014fe694-73ab-451a-a33a-7756e3f151cd', '3c7147f2-b74f-462b-bcb9-c45a42344f0e', '200', '2025-08-31 19:36:32.639025+00', 'bfa2ad5a-146f-4865-a581-cae4da9bdc3a', '2025-08-31 19:36:32.639025+00'),
('e973a0ec-0c47-46b6-83ea-5e1254e07fc1', '457074cf-c9f1-4a38-a2f1-70cbabbf669e', '200', '2025-08-31 19:36:45.960685+00', 'bfa2ad5a-146f-4865-a581-cae4da9bdc3a', '2025-08-31 19:36:45.960685+00'),
('ca81db62-d574-4f33-a6ac-163d49666005', 'c07a100b-626b-4dbb-97c4-713fa6f462e9', '2000', '2025-08-31 20:06:23.16254+00', 'bfa2ad5a-146f-4865-a581-cae4da9bdc3a', '2025-08-31 20:06:23.16254+00'),
('1b511765-de39-4dcd-8648-8aad3a9fb432', 'b7f0c6d5-d644-47ff-b800-d41e53b07f99', '200', '2025-08-31 20:48:19.916212+00', '4541e8fa-878f-4df5-88bd-63be40b85324', '2025-08-31 20:48:19.916212+00'),
('f6ca22e6-0152-4720-a086-435a66644743', 'fc75db9d-9e49-47cc-8956-8826a2a606f1', '2000', '2025-08-31 20:51:33.673123+00', '4541e8fa-878f-4df5-88bd-63be40b85324', '2025-08-31 20:51:33.673123+00'),
('7b0b0776-9074-4e95-98e4-372ba41edbc6', '5d1e749e-2467-4bfa-bb92-1be8a3440cf0', '230', '2025-09-29 17:36:11.479838+00', '4541e8fa-878f-4df5-88bd-63be40b85324', '2025-09-29 17:36:11.479838+00');



INSERT INTO public.salaries (id, employee_name, salary_amount, is_active, created_at) VALUES
('f9edaf9c-102f-429c-b87f-563a98824051', 'ابو بكر', '2500', 't', '2025-08-12 01:48:21.759537+00');


INSERT INTO public.salary_payments (id, salary_id, payment_date, amount_paid, notes, created_at) VALUES
('f3f32539-1d21-4f83-82d5-6edfb222a2a8', 'f9edaf9c-102f-429c-b87f-563a98824051', '2025-08-12', '2500', 'دفعة راتب ابو بكر لشهر 08/2025', '2025-08-12 01:48:43.364703+00');


INSERT INTO public.site_content (key, value, updated_at) VALUES
('about_us', '{"title_ar": "من نحن؟", "title_en": "About Us", "content_ar": "في تَولِيفتِي™، نحن نؤمن بأن القهوة أكثر من مجرد مشروب؛ إنها تجربة. مهمتنا هي تمكين كل محب للقهوة من اكتشاف وصنع توليفتهم المثالية التي تناسب ذوقهم الفريد.", "content_en": "At Tawlefti™, we believe that coffee is more than just a drink; it''s an experience. Our mission is to empower every coffee lover to discover and create their perfect blend that suits their unique taste."}', '2025-08-12 16:54:24.918062+00'),
('contact_us', '{"title_ar": "اتصل بنا", "title_en": "Contact Us", "content_ar": "للاستفسارات أو الدعم، يرجى التواصل معنا عبر البريد الإلكتروني: support@tawlefti.com او الواتساب  01119996549", "content_en": "For inquiries or support, please contact us via email: support@tawlefti.com  or WhatsApp: +2 01119996549 "}', '2025-08-12 16:54:24.918062+00'),
('faq', '{"items": [{"a_ar": "ببساطة، اختر طريقة التحضير المفضلة لديك، ثم اضبط مؤشرات النكهة لتصفية التوليفات التي تناسب ذوقك. يمكنك بعد ذلك تخصيص طلبك وإضافته إلى السلة.", "a_en": "Simply choose your favorite preparation method, then adjust the flavor sliders to filter blends that suit your taste. You can then customize your order and add it to the cart.", "q_ar": "كيف يعمل التطبيق؟", "q_en": "How does the app work?"}, {"a_ar": "تعتمد مدة التوصيل على موقعك. بشكل عام، يتم توصيل الطلبات داخل الاسكندرية  خلال 2-3 ساعة.", "a_en": "Delivery time depends on your location. Generally, orders within Alexandria are delivered within 2-3 hours.", "q_ar": "ما هي مدة توصيل الطلبات؟", "q_en": "How long does delivery take?"}], "title_ar": "الأسئلة الشائعة", "title_en": "Frequently Asked Questions"}', '2025-08-12 16:54:24.918062+00');


INSERT INTO public.store_settings (key, value, description, updated_at) VALUES
('operating_hours', '{"open": "09:00", "close": "01:00"}', 'Store opening and closing times (24h format)', '2025-07-28 02:32:56.153282+00'),
('delivery_slots', '{"slots": ["12:00 - 14:00", "14:00 - 16:00", "16:00 - 18:00", "18:00 - 20:00", "9:00 - 12:00"]}', 'Available delivery slots for next-day delivery', '2025-07-28 02:32:56.153282+00'),
('loyalty_rules', '{"earn_rate": 1, "redeem_rate": 30}', NULL, '2025-07-29 13:36:01.056963+00'),
('fixed_costs', '[{"label": "التعبئة والتغليف", "value": 5}, {"label": "الطحن", "value": 5}, {"label": "الأكياس والمواد الأخرى", "value": 5}, {"label": "التوصيل", "value": 20}]', NULL, '2025-07-31 10:06:27.058318+00');


INSERT INTO public.subscription_plans (id, name_ar, name_en, duration_months, discount_percentage, is_active, created_at) VALUES
('c1f27236-b5f1-4d68-ad83-b80c4f17588e', 'شهري', 'Monthly', '1', '5.00', 't', '2025-08-18 17:57:17.425385+00'),
('99073ae2-0eca-4cba-9b49-28a69f5dff92', 'ربع سنوي ', 'quarter -Annually', '3', '10.00', 't', '2025-08-30 02:41:02.330617+00'),
('b6ca0ed1-f537-41dd-9361-d050d52fcbf8', 'نصف سنوي', 'Semi-Annually', '6', '15.00', 't', '2025-08-18 17:57:17.425385+00'),
('e82affaf-af1e-4d31-9d14-0ba778bf3058', 'سنوي', 'Annually', '12', '20.00', 't', '2025-08-18 17:57:17.425385+00'),
('11105d6a-bca3-479d-8d0b-2d18c3d2433a', 'ربع سنوي', 'Quarterly', '3', '10.00', 't', '2025-08-30 03:03:57.06009+00');




INSERT INTO public.transactions (id, date, type, category_id, amount, description, related_order_id, related_purchase_id, created_at) VALUES
('66c8b857-bf8d-400d-9878-2b48bf34f80e', '2025-08-12', 'expense', 'd13ebfc3-bc64-4967-8920-b8f800f658cb', '2500', 'راتب الموظف: ابو بكر', NULL, NULL, '2025-08-12 01:48:43.364703+00'),
('66ae537a-2131-45e1-ad39-28484a3543fc', '2025-08-16', 'expense', '0f5e844e-f5ca-4826-8583-8688bc27cd0a', '34234', 'dasdasd', NULL, NULL, '2025-08-16 00:11:18.164736+00'),
('da9a96d8-adb5-4939-b727-4d5bfe0127f0', '2025-07-23', 'income', NULL, '335', 'إيراد من طلب العميل: Ahmad Raouf', NULL, NULL, '2025-07-23 04:00:30.864832+00'),
('7e1bd696-5a3d-4523-adea-6c9b294f6cfe', '2025-08-12', 'income', NULL, '300', 'إيراد من طلب العميل: raouf', NULL, NULL, '2025-08-12 19:02:12.656798+00'),
('a6b7698d-1857-496e-85b4-6f3719b7731b', '2025-07-27', 'income', NULL, '180', 'إيراد من طلب العميل: Ahmad Raouf', NULL, NULL, '2025-07-27 20:04:08.247746+00'),
('6ec495c8-d702-4b08-91b5-695d8c0102ea', '2025-07-23', 'income', NULL, '445', 'إيراد من طلب العميل: Ahmad Raouf', NULL, NULL, '2025-07-23 02:41:20.756407+00'),
('3e4b2ae0-d940-4a02-946f-598dd081d1e2', '2025-07-23', 'income', NULL, '180', 'إيراد من طلب العميل: Ahmad Raouf', NULL, NULL, '2025-07-23 02:44:44.414559+00'),
('3e3be816-d4f4-49f5-bb9d-327a63eb09b3', '2025-07-30', 'income', NULL, '410', 'إيراد من طلب العميل: Ahmad Raouf', NULL, NULL, '2025-07-30 00:16:04.741165+00'),
('542535a7-03ad-4bf6-9afd-3603a731ec27', '2025-07-23', 'income', NULL, '280', 'إيراد من طلب العميل: Ahmad Raouf', NULL, NULL, '2025-07-23 03:12:49.127334+00'),
('fcc0fa15-e378-4f31-8c5f-5105b0df091b', '2025-07-25', 'income', NULL, '180', 'إيراد من طلب العميل: AHMED RAOOF', NULL, NULL, '2025-07-25 05:16:34.052356+00'),
('8a049925-8e31-4893-a5b3-e1a0a969768e', '2025-07-23', 'income', NULL, '250', 'إيراد من طلب العميل: Ahmad Raouf', NULL, NULL, '2025-07-23 02:15:45.243284+00'),
('326385d0-8f7a-41bf-8cff-dbae5faf3cef', '2025-07-22', 'income', NULL, '315', 'إيراد من طلب العميل: Ahmad Raouf', NULL, NULL, '2025-07-22 11:15:57.993286+00'),
('b010cb23-90bb-49d5-86c1-49208d5b0230', '2025-07-23', 'income', NULL, '183', 'إيراد من طلب العميل: Ahmad Raouf', NULL, NULL, '2025-07-23 03:16:35.804741+00'),
('d3ddd8ab-41ee-4d86-8564-1937e609e53f', '2025-07-28', 'income', NULL, '445', 'إيراد من طلب العميل: AHMED RAOOF', NULL, NULL, '2025-07-28 02:39:53.297605+00'),
('27ac7bff-d083-46f4-adba-05188480f2a2', '2025-08-13', 'income', NULL, '310', 'إيراد من طلب العميل: Ahmad Raouf', NULL, NULL, '2025-08-13 21:44:17.67238+00'),
('21c7c26b-d7af-40f8-a19d-7cd16b909af0', '2025-08-21', 'income', NULL, '197.4985835694051', 'إيراد من طلب العميل: raouf', NULL, NULL, '2025-08-21 20:54:18.679071+00'),
('a54f94c6-ae16-4779-8200-1c4ef63ffa51', '2025-08-06', 'income', NULL, '325', 'إيراد من طلب العميل: raouffff', NULL, NULL, '2025-08-06 13:01:38.157569+00'),
('cbca23ca-d4f1-4786-90ea-5cba9944c387', '2025-07-30', 'income', NULL, '325', 'إيراد من طلب العميل: Ahmad Raouf', NULL, NULL, '2025-07-30 00:14:06.587106+00'),
('65d8ae91-db05-4ed2-ab9a-33a83b6fb772', '2025-08-10', 'income', NULL, '165.75', 'إيراد من طلب العميل: raouf', NULL, NULL, '2025-08-10 21:34:41.321513+00'),
('396fc087-4ae4-448f-b241-d73936727690', '2025-08-21', 'income', NULL, '1169.5014164305949', 'إيراد من طلب العميل: raouf', NULL, NULL, '2025-08-21 20:54:18.769619+00'),
('f9317a7d-29f6-4639-8615-79da3801a792', '2025-08-13', 'income', NULL, '275', 'إيراد من طلب العميل: Ahmad Raouf', NULL, NULL, '2025-08-13 21:44:17.670113+00'),
('341f0463-f9f0-478d-abb6-b9c89f04e618', '2025-08-17', 'income', NULL, '400', 'إيراد من طلب العميل: raouf', NULL, NULL, '2025-08-17 14:25:02.677383+00'),
('402f99a6-6aba-4de8-b85b-18a21a7781eb', '2025-08-06', 'income', NULL, '290', 'إيراد من طلب العميل: omar', NULL, NULL, '2025-08-06 23:06:32.096937+00'),
('4d578b82-5dcc-4fc9-97a7-bff40de47c37', '2025-08-12', 'income', NULL, '440', 'إيراد من طلب العميل: younis ', NULL, NULL, '2025-08-12 14:10:46.941922+00'),
('6eb75656-7904-4c20-ab1f-4fb791cd0697', '2025-08-12', 'income', NULL, '310', 'إيراد من طلب العميل: شسش يس', NULL, NULL, '2025-08-12 17:00:18.889751+00'),
('8895216e-77d4-485b-ad47-121f6ad8f825', '2025-08-17', 'income', NULL, '400', 'إيراد من طلب العميل: raouf', NULL, NULL, '2025-08-17 14:25:02.682042+00'),
('10484752-38a3-4d06-b506-7dd461affa4a', '2025-08-18', 'income', NULL, '320', 'إيراد من طلب العميل: raouf', NULL, NULL, '2025-08-18 17:27:52.503259+00'),
('74bedc71-41b6-4cfc-bbdd-4249e8030021', '2025-08-18', 'income', NULL, '380', 'إيراد من طلب العميل: raouf', NULL, NULL, '2025-08-18 19:28:13.84078+00'),
('92b5919a-41a2-449d-b13e-3b4bb392a496', '2025-07-30', 'income', NULL, '410', 'إيراد من طلب العميل: Ahmad Raouf', '0262c93f-aec2-4050-869b-646a18026c08', NULL, '2025-08-21 22:45:37.991175+00'),
('fb6ee032-700c-41e9-b4e6-009ab2bd9294', '2025-07-27', 'income', NULL, '180', 'إيراد من طلب العميل: Ahmad Raouf', '0e6c817b-2d88-453a-9160-6ecc4457074f', NULL, '2025-08-21 22:45:37.991175+00'),
('2f98e1d6-0676-4b6b-a7d0-4a8fe9413ee5', '2025-07-23', 'income', NULL, '250', 'إيراد من طلب العميل: Ahmad Raouf', '11a112cf-6f22-40f6-b98f-6c9ce9bde6af', NULL, '2025-08-21 22:45:37.991175+00'),
('1607fb54-d1e6-4a68-a4a8-b5abbdf40430', '2025-07-22', 'income', NULL, '315', 'إيراد من طلب العميل: Ahmad Raouf', '421ebba8-6789-45ed-aff0-1763ea5204eb', NULL, '2025-08-21 22:45:37.991175+00'),
('f96da349-5dda-423c-a6fe-31fe2d3c6a4d', '2025-07-25', 'income', NULL, '180', 'إيراد من طلب العميل: AHMED RAOOF', '49f728e8-6f11-45bb-a2c5-2711c6f5673c', NULL, '2025-08-21 22:45:37.991175+00'),
('b8081571-c21f-47af-917f-9ebaf0dec243', '2025-08-18', 'income', NULL, '380', 'إيراد من طلب العميل: raouf', '4b1e0b00-70cb-43a9-b221-5f8578e0f926', NULL, '2025-08-21 22:45:37.991175+00'),
('a244c5d6-021e-49fa-b605-3b7126230eba', '2025-07-23', 'income', NULL, '335', 'إيراد من طلب العميل: Ahmad Raouf', '52fa9ea1-c863-4670-bdaa-3f999d7ebdfd', NULL, '2025-08-21 22:45:37.991175+00'),
('03a22d99-4318-455a-b992-ffc06e23343b', '2025-08-18', 'income', NULL, '320', 'إيراد من طلب العميل: raouf', '5aa38c4c-3db1-4047-8d46-8636baf3c9ec', NULL, '2025-08-21 22:45:37.991175+00'),
('7cb6d0a7-d591-49d6-a765-3c5358ecce2d', '2025-08-12', 'income', NULL, '440', 'إيراد من طلب العميل: younis ', '66195578-8097-4e2e-8836-d2a5965dc5f3', NULL, '2025-08-21 22:45:37.991175+00'),
('43e1f8fc-2f70-44ee-b497-88bc14255e2e', '2025-08-06', 'income', NULL, '325', 'إيراد من طلب العميل: raouffff', '698f6d9e-abe0-4b37-836e-f54f87909e9d', NULL, '2025-08-21 22:45:37.991175+00'),
('1926f6de-152f-4cf4-95cb-82221e1e6082', '2025-08-10', 'income', NULL, '165.75', 'إيراد من طلب العميل: raouf', '736228e1-ce95-4e38-9f58-990ed92c2371', NULL, '2025-08-21 22:45:37.991175+00'),
('17539e03-d0a5-4b31-b125-70e16853a9ce', '2025-07-18', 'income', NULL, '290', 'إيراد من طلب العميل: younis', '776077fc-7c15-4ce2-822b-ad0c83bf9a78', NULL, '2025-08-21 22:45:37.991175+00'),
('ab00d9e9-166d-4bc4-852a-a5c07eb1d117', '2025-08-17', 'income', NULL, '400', 'إيراد من طلب العميل: raouf', '78d06953-e42b-4edb-b9f9-fa976ac16731', NULL, '2025-08-21 22:45:37.991175+00'),
('d2c4fa92-0903-420c-8e76-35b851ca7c48', '2025-08-06', 'income', NULL, '290', 'إيراد من طلب العميل: omar', '7ce441f3-80fd-4310-8780-e91edd4898b3', NULL, '2025-08-21 22:45:37.991175+00'),
('cfbe6adf-f9d9-442a-a72f-3c84ed65edc0', '2025-08-12', 'income', NULL, '310', 'إيراد من طلب العميل: شسش يس', '8346b450-e969-4db4-b774-8d0948559af7', NULL, '2025-08-21 22:45:37.991175+00'),
('793c98ef-7740-4965-b1c6-f3eea6508f45', '2025-07-09', 'income', NULL, '320', 'إيراد من طلب العميل: otaify', '93c41c14-cddc-42eb-bd8e-11893867c3bf', NULL, '2025-08-21 22:45:37.991175+00'),
('50efecce-e606-4025-aa4a-f57c409a775b', '2025-08-21', 'income', NULL, '197.4985835694051', 'إيراد من طلب العميل: raouf', '94a1d6b8-5f6d-4ba0-8854-0ba614d4f559', NULL, '2025-08-21 22:45:37.991175+00'),
('446e8992-8b71-42f0-8bdb-c7c8d520da19', '2025-08-13', 'income', NULL, '310', 'إيراد من طلب العميل: Ahmad Raouf', '980e1ee6-607e-4cf0-8695-c56a44627857', NULL, '2025-08-21 22:45:37.991175+00'),
('d82b2892-5b1c-46a6-a557-438fa9fb4a77', '2025-07-23', 'income', NULL, '183', 'إيراد من طلب العميل: Ahmad Raouf', '9cccc553-acce-4241-8562-23e241a07aa7', NULL, '2025-08-21 22:45:37.991175+00'),
('67f82fcd-20b7-4ee0-a3e6-2212e3758e16', '2025-07-07', 'income', NULL, '265', 'إيراد من طلب العميل: amr', 'a0d3d2db-3648-46d1-8ad0-7e4ee3372139', NULL, '2025-08-21 22:45:37.991175+00'),
('08f10d05-fb1a-47ed-9a3a-ad6b80b22a6f', '2025-07-23', 'income', NULL, '280', 'إيراد من طلب العميل: Ahmad Raouf', 'b0b47668-0f2e-403d-b66c-e4b4e63dbec1', NULL, '2025-08-21 22:45:37.991175+00'),
('c0ca481c-b0b6-4762-8f42-f0949e3e4ea2', '2025-08-21', 'income', NULL, '1169.5014164305949', 'إيراد من طلب العميل: raouf', 'bb87c3b9-df1a-4742-981c-df4e58743dd7', NULL, '2025-08-21 22:45:37.991175+00'),
('edc86e49-fed3-4b69-a9f0-5fc5faf7630a', '2025-08-13', 'income', NULL, '275', 'إيراد من طلب العميل: Ahmad Raouf', 'bbc9f55a-c2d1-46fd-a50c-0c74de08e028', NULL, '2025-08-21 22:45:37.991175+00'),
('62079847-fed8-4b6c-8fe5-67dfe3bbd80c', '2025-08-12', 'income', NULL, '300', 'إيراد من طلب العميل: raouf', 'bdd69d06-85e9-405c-a596-d1d2887a43bc', NULL, '2025-08-21 22:45:37.991175+00'),
('571ab4e1-64a2-48a0-b456-8a0149239dec', '2025-08-17', 'income', NULL, '400', 'إيراد من طلب العميل: raouf', 'befab60b-9831-457b-8684-1bd1e52daa90', NULL, '2025-08-21 22:45:37.991175+00'),
('13f56f8b-68f6-484b-9409-35bd107b49c4', '2025-07-09', 'income', NULL, '290', 'إيراد من طلب العميل: ffhgfhgh', 'c0e829f7-3e2b-4faa-9ea5-0ca84504b4e4', NULL, '2025-08-21 22:45:37.991175+00'),
('e06d05b8-d30f-404c-8e92-db7c86f727e3', '2025-07-30', 'income', NULL, '325', 'إيراد من طلب العميل: Ahmad Raouf', 'd53631d2-c983-4e16-b781-0599d6c44daf', NULL, '2025-08-21 22:45:37.991175+00'),
('ac2d9c59-5f12-473b-a638-68458ff1f24e', '2025-07-23', 'income', NULL, '445', 'إيراد من طلب العميل: Ahmad Raouf', 'e617d62f-bc73-435a-94d4-4e29af80cc62', NULL, '2025-08-21 22:45:37.991175+00'),
('b188c4d0-6d1b-492a-ad90-0f2949acee9f', '2025-07-28', 'income', NULL, '445', 'إيراد من طلب العميل: AHMED RAOOF', 'f1c1dda7-0beb-44ff-a39b-e1d4c518697f', NULL, '2025-08-21 22:45:37.991175+00'),
('9a8e462f-e7b5-4337-9da2-cfca3d2ce272', '2025-07-23', 'income', NULL, '180', 'إيراد من طلب العميل: Ahmad Raouf', 'f329e474-6e38-4ca6-9a73-0d3c66c059a8', NULL, '2025-08-21 22:45:37.991175+00'),
('2e2abb8d-d686-425b-8fbe-76f22646d4d7', '2025-07-07', 'income', NULL, '290', 'إيراد من طلب العميل: ah', 'f637c6db-7ac8-4952-bd83-98a36bbcf973', NULL, '2025-08-21 22:45:37.991175+00'),
('40e629e3-b6c6-4598-8929-b3add5806da3', '2025-08-22', 'income', NULL, '310', 'إيراد من طلب العميل: ziad Mohamed', 'b6ad54cb-aae4-4830-8f72-817ce7202dbe', NULL, '2025-08-22 19:17:58.88032+00'),
('218cb763-4ed0-4e6d-8196-4b2135be413d', '2025-08-26', 'income', NULL, '310', 'إيراد من طلب العميل: Ziad Mohamed Mohamed ', '19a7eab2-fb55-4fda-8628-7064f82a0e5f', NULL, '2025-08-26 22:36:06.839144+00'),
('292d715a-c683-4cc0-8ede-bfa358748638', '2025-08-26', 'income', NULL, '310', 'إيراد من طلب العميل: Ziad Mohamed Mohamed ', 'b9d75810-83ed-4f82-86b1-94e147b7450e', NULL, '2025-08-26 22:36:06.84945+00'),
('e9ae9b60-eb72-400f-bf9a-6d27b28a03ab', '2025-08-26', 'income', NULL, '440', 'إيراد من طلب العميل: Ziad Mohamed Mohamed ', 'e7436335-2290-4140-9918-adbe655237b9', NULL, '2025-08-26 22:36:07.165204+00'),
('f0fc359d-1883-4549-8001-08028b4b66d7', '2025-08-26', 'income', NULL, '355', 'إيراد من طلب العميل: Ziad Mohamed Mohamed ', '73c695f5-c75a-4515-b3c1-dfc3e3b28ac7', NULL, '2025-08-26 22:36:07.195056+00'),
('c4989f09-e779-49e5-9593-ab58d1ba6e40', '2025-08-27', 'income', NULL, '260', 'إيراد من طلب العميل: Ahmad Raouf', '3c7147f2-b74f-462b-bcb9-c45a42344f0e', NULL, '2025-08-27 21:42:40.788043+00'),
('c4fbd8b7-d8f9-4ea1-b061-8de192ad3bab', '2025-08-27', 'income', NULL, '440', 'إيراد من طلب العميل: Ziad Mohamed Mohamed ', '457074cf-c9f1-4a38-a2f1-70cbabbf669e', NULL, '2025-08-27 21:44:10.748628+00'),
('8235f313-b95b-4c7c-80c0-0ad95b8dc2da', '2025-08-29', 'income', NULL, '440', 'إيراد من طلب العميل: Ziad Mohamed Mohamed ', 'b7f0c6d5-d644-47ff-b800-d41e53b07f99', NULL, '2025-08-29 21:52:39.679635+00'),
('54eeb319-5a05-4392-8a83-5da197b29a9b', '2025-08-30', 'income', NULL, '310', 'إيراد من طلب العميل: Ziad Mohamed Mohamed ', '3b4f87e8-391e-4221-a16a-15192873b69d', NULL, '2025-08-30 20:56:49.463752+00'),
('11d2ae76-6515-411c-9808-96cd17448570', '2025-08-30', 'income', NULL, '355', 'إيراد من طلب العميل: Ziad Mohamed Mohamed ', '9b0ee053-df70-42da-9f79-1d90ab0740cd', NULL, '2025-08-30 20:56:49.483862+00'),
('0ce88d49-c41b-48e0-a918-f2f37d081f9a', '2025-08-30', 'income', NULL, '310', 'إيراد من طلب العميل: Ziad Mohamed Mohamed ', 'c07a100b-626b-4dbb-97c4-713fa6f462e9', NULL, '2025-08-30 22:15:37.684078+00'),
('3d2aecb0-929e-4745-96e8-20f873f89897', '2025-08-31', 'income', NULL, '440', 'إيراد من طلب العميل: Ziad Mohamed Mohamed ', 'fc75db9d-9e49-47cc-8956-8826a2a606f1', NULL, '2025-08-31 19:40:28.872836+00'),
('ef003230-58fc-42be-bcd3-e8b4f9b24009', '2025-08-31', 'income', NULL, '310', 'إيراد من طلب العميل: Ziad Mohamed Mohamed ', '13e22df5-db03-4aa6-9b58-909c300ad9d8', NULL, '2025-08-31 19:40:29.199896+00'),
('5d8c377f-544d-4f8c-9c5c-e16fca25d71a', '2025-08-31', 'income', NULL, '310', 'إيراد من طلب العميل: Ziad Mohamed Mohamed ', 'ced04624-3851-452a-94d5-07ec5cac3cce', NULL, '2025-08-31 19:45:46.588408+00'),
('4e389a1e-e365-4f1d-8e26-7f3dc727268b', '2025-08-31', 'income', NULL, '255', 'إيراد من طلب العميل: Ziad Mohamed Mohamed ', 'bf1a6874-4b4a-40b6-b3c0-4e5627c5d495', NULL, '2025-08-31 20:05:23.074324+00'),
('d23ad790-dba4-40e0-8f04-d3a49366a60a', '2025-08-31', 'income', NULL, '355', 'إيراد من طلب العميل: Ziad Mohamed Mohamed ', '8570dda5-cf56-4e37-9bfc-d6d8310d05e1', NULL, '2025-08-31 20:05:23.129458+00'),
('2555e284-68e6-4b49-95b2-8b8f7df2cacc', '2025-08-31', 'income', NULL, '310', 'إيراد من طلب العميل: Ziad Mohamed Mohamed ', '239a7d18-4180-48ba-b700-c2eec289864d', NULL, '2025-08-31 21:53:12.328714+00'),
('59e6df71-22bf-406d-a681-ff5dd6b2b84c', '2025-08-31', 'income', NULL, '355', 'إيراد من طلب العميل: Ziad Mohamed Mohamed ', '3487094f-acd1-4945-9782-3bd64d5dc797', NULL, '2025-08-31 21:53:12.339883+00'),
('672aafd9-1e81-4bfb-97d0-8bad9a001a0b', '2025-08-31', 'income', NULL, '310', 'إيراد من طلب العميل: Ziad Mohamed Mohamed ', '5f9fbf6b-be89-432d-a812-668d7daf74f1', NULL, '2025-08-31 22:10:10.728005+00'),
('4ceb329e-5637-4898-9763-65c0fc1b7fad', '2025-08-31', 'income', NULL, '355', 'إيراد من طلب العميل: Ziad Mohamed Mohamed ', '5d1e749e-2467-4bfa-bb92-1be8a3440cf0', NULL, '2025-08-31 22:10:10.733215+00'),
('5b0739d6-b4ea-431b-b2ce-7796a8b9837b', '2025-09-01', 'income', NULL, '310', 'إيراد من طلب العميل: Ziad Mohamed Mohamed ', '5bd046ef-b8fb-4c89-aeee-596ee286982a', NULL, '2025-09-01 20:39:00.356028+00'),
('ffd8d21c-8636-4037-a390-1068c6646fb3', '2025-09-01', 'income', NULL, '355', 'إيراد من طلب العميل: Ziad Mohamed Mohamed ', 'b46b5ae2-89fd-4d87-b7f5-cbdb08ce6a98', NULL, '2025-09-01 20:39:00.361467+00'),
('4cc06272-cbf9-4b90-98bb-7a49436c4701', '2025-09-01', 'income', NULL, '255', 'إيراد من طلب العميل: Ziad Mohamed Mohamed ', 'a1db5883-f9ae-447e-9497-2551860f231b', NULL, '2025-09-01 20:39:33.611704+00'),
('f19244e9-b49c-4698-963c-333c12c17568', '2025-09-01', 'income', NULL, '245', 'إيراد من طلب العميل: raouf', '0eb131fe-d50a-4d5f-aa1a-a06d02c9eebb', NULL, '2025-09-01 21:38:45.169565+00'),
('0502f6e2-6403-45c6-abfb-c9ddb72afdd3', '2025-09-01', 'income', NULL, '255', 'إيراد من طلب العميل: raouf', '6058c294-22de-4bbe-9701-a178f028bfd8', NULL, '2025-09-01 21:38:45.174682+00'),
('d0f68c5d-56d2-420a-ab94-fb4ca23c99ae', '2025-09-01', 'income', NULL, '190', 'إيراد من طلب العميل: Ziad Mohamed Mohamed ', '0c8bdd8d-021f-4d7c-a146-2c2307b561fb', NULL, '2025-09-01 22:10:12.39632+00'),
('e190a3e1-f445-43b6-83eb-de50022e923b', '2025-09-01', 'income', NULL, '255', 'إيراد من طلب العميل: raouf', 'dd4fc7b6-1883-4e9c-916c-fed05f22fb0d', NULL, '2025-09-01 22:26:11.697644+00'),
('67208f9c-9dc3-488f-b938-42c955831d66', '2025-09-01', 'income', NULL, '255', 'إيراد من طلب العميل: raouf', '78161b2b-9447-46f0-97ae-f3f104664ebe', NULL, '2025-09-01 22:32:13.874136+00'),
('4cb12e36-3326-4950-9d5f-e3bdfdd35587', '2025-09-01', 'income', NULL, '255', 'إيراد من طلب العميل: raouf', '9a53be81-6bce-401d-b3ec-836ffd9faf5a', NULL, '2025-09-01 22:39:59.032435+00'),
('43fed437-6ecc-4fc2-8663-e239aea03b6f', '2025-09-01', 'income', NULL, '310', 'إيراد من طلب العميل: raouf', '45e49620-9c3d-4640-93ce-de5a1cb70ac0', NULL, '2025-09-01 22:39:59.037478+00'),
('ef621b11-fa34-47cf-92dd-1d96979e2dca', '2025-09-01', 'income', NULL, '310', 'إيراد من طلب العميل: raouf', 'ce107b9e-ca51-4d29-9101-f69a818caa26', NULL, '2025-09-01 22:41:10.494144+00'),
('53babf64-9fb7-454e-bacd-9743a0341ca4', '2025-09-01', 'income', NULL, '255', 'إيراد من طلب العميل: raouf', '04e0d200-626e-4afd-8e8e-9e56d0d101fa', NULL, '2025-09-01 22:41:10.495525+00'),
('f8450e21-4f75-4ee9-81a9-12a67fcf53a2', '2025-09-01', 'income', NULL, '355', 'إيراد من طلب العميل: raouf', '06ca96ac-39f8-4c51-bb7e-79438430d1eb', NULL, '2025-09-01 22:41:10.501146+00'),
('7aa30043-289c-49aa-b8b6-a80aec451485', '2025-09-02', 'income', NULL, '385', 'إيراد من طلب العميل: raouf', 'e6b12368-9108-4939-83c3-d9720ce2c952', NULL, '2025-09-02 15:48:59.912091+00'),
('640a2236-02c1-4e61-a9c0-e81edbd19309', '2025-09-02', 'income', NULL, '310', 'إيراد من طلب العميل: raouf', '0efa7007-3317-4f44-a9de-96b2d9df2645', NULL, '2025-09-02 15:48:59.93495+00'),
('06ecb899-741b-47c5-b58a-104e53ac8de7', '2025-09-03', 'income', NULL, '310', 'إيراد من طلب العميل: raouf', 'c8acd730-3d10-4e28-97d2-c932fec8e458', NULL, '2025-09-03 20:36:49.727995+00'),
('9191b12a-15ca-4bf8-901a-7ab4714e5d21', '2025-09-03', 'income', NULL, '255', 'إيراد من طلب العميل: raouf', 'cdcc85c0-9d84-4e50-a391-0d83361382d9', NULL, '2025-09-03 20:36:49.733667+00'),
('9ea87f0d-54cd-4d1f-955d-23f8e500af87', '2025-09-09', 'income', NULL, '355', 'إيراد من طلب العميل: Ziad Mohamed Mohamed ', 'e3f18f31-3e3e-4547-872d-2c760ff533f5', NULL, '2025-09-09 09:59:16.796676+00'),
('86913608-9eba-409a-a432-d50b5efa29a7', '2025-09-09', 'income', NULL, '310', 'إيراد من طلب العميل: Ziad Mohamed Mohamed ', 'baa0eb73-e2a0-4bc4-9d46-94d1f07d811f', NULL, '2025-09-09 09:59:16.795691+00'),
('66d1734e-dec5-4ac4-8321-d4a034a3a881', '2025-09-09', 'income', NULL, '930', 'إيراد من طلب العميل: Ziad Mohamed Mohamed ', '70a7212c-9a6c-459e-82de-3334444c2e7d', NULL, '2025-09-09 10:02:58.30159+00'),
('efa97858-abfd-4ab4-80f1-3e2341ba440f', '2025-09-09', 'income', NULL, '255', 'إيراد من طلب العميل: Ziad Mohamed Mohamed ', 'f7a9f0a5-8e2b-492b-a4cf-1df19cecced5', NULL, '2025-09-09 10:02:58.307674+00'),
('c154c9a8-f22c-48f9-8f5f-e1675364f6fc', '2025-09-09', 'income', NULL, '355', 'إيراد من طلب العميل: Ziad Mohamed Mohamed ', '7b6b3017-d941-4e9c-8e9e-590427b993d6', NULL, '2025-09-09 10:02:58.308358+00'),
('679ff71f-e8a0-495a-9b8b-1ebc76f82bf6', '2025-09-09', 'income', NULL, '510', 'إيراد من طلب العميل: Ziad Mohamed Mohamed ', '2664573e-6952-4b5a-84c1-ee8152b52c06', NULL, '2025-09-09 10:02:58.312592+00'),
('54f0719f-b220-4e54-be39-c52ab5a61065', '2025-09-17', 'income', NULL, '330', 'إيراد من طلب العميل: raouf', '4141f618-efd8-4238-a496-41a7e9685edf', NULL, '2025-09-17 22:07:33.412647+00'),
('109fd4cf-f6f7-464d-b00d-04b44b58abf9', '2025-10-01', 'income', NULL, '455', 'إيراد من طلب العميل: raouf', 'cd62d44c-84b4-4c05-8115-6e132f10289b', NULL, '2025-10-01 20:21:17.237697+00'),
('45c954cd-9756-4ff0-abfd-c3eec277bfd9', '2025-10-08', 'income', NULL, '370', 'إيراد من طلب العميل: raouf', 'a85db3ab-fb2f-42a2-a959-a4aacd59c7ee', NULL, '2025-10-08 21:53:49.945377+00'),
('d80f4497-7aad-4b24-9f82-c8638d9d9358', '2025-10-08', 'income', NULL, '420', 'إيراد من طلب العميل: raouf', '4d61c137-d503-4dae-8821-203fede607cf', NULL, '2025-10-08 21:53:50.042746+00');


INSERT INTO public.wishlist (id, user_id, blend_code, created_at) VALUES
('8995ef0a-938a-4a00-bc06-556031fdb37e', '4541e8fa-878f-4df5-88bd-63be40b85324', 'ESP-16', '2025-08-12 17:01:23.189658+00'),
('caa464a0-74bc-4a66-9154-031c4430866a', 'd03b8eac-bc95-4b9b-be2e-3e42f1fe52c7', 'ESP-30', '2025-08-12 23:21:05.512677+00'),
('0bfb35e8-fcdd-448e-aac9-b458c197db6c', '4541e8fa-878f-4df5-88bd-63be40b85324', 'TRB-029', '2025-08-17 15:34:33.45377+00'),
('52d85d90-32ef-4cfb-b5ef-9c92d7978be9', '7225a73f-be11-427c-a37d-55ab30527bd9', 'ESP-26', '2025-08-27 21:51:14.797191+00'),
('b55a82c5-9c76-4b78-af93-7ca400e99e6d', 'bfa2ad5a-146f-4865-a581-cae4da9bdc3a', 'TRB-160', '2025-08-27 22:39:36.707774+00'),
('a10727e9-4da6-45e9-849b-1c086127a54d', '4541e8fa-878f-4df5-88bd-63be40b85324', 'TRB-160', '2025-08-29 23:20:19.008756+00'),
('207b6daf-be8a-4161-9b88-07046ae9ab25', '4541e8fa-878f-4df5-88bd-63be40b85324', 'V12', '2025-09-02 15:48:17.151424+00'),
('47616285-0d7e-4d53-9174-e83511372f39', 'bfa2ad5a-146f-4865-a581-cae4da9bdc3a', 'TRB-069', '2025-09-13 20:57:47.128924+00');


SELECT pg_catalog.setval('public.blend_compositions_id_seq', 6513, true);
SELECT pg_catalog.setval('public.discount_codes_id_seq', 3, true);
SELECT pg_catalog.setval('public.loyalty_log_id_seq', 1, false);
SELECT pg_catalog.setval('public.purchases_id_seq', 1, false);
SELECT pg_catalog.setval('public.push_subscriptions_id_seq', 1, false);

SET session_replication_role = origin;

COMMIT;
